source_id,class_label,provenance,split,factory,model,bracelet,physical_watch_id,source_url,image_url,fetch_mode,max_images,qc_notes
official_rolex_2026,gen,official,reference,Rolex,126710BLNR,Jubilee,official_catalogue_2026,https://www.rolex.com/watches/gmt-master-ii/m126710blnr-0002,https://media.rolex.com/image/upload/q_auto/f_jpg/t_v7-cover-majesty-landscape/v1/a677b2c664f6/catalogue/2026/upright-c/m126710blnr-0002,direct,1,First-party catalogue reference; not an independent population sample
gen_wex_vmbUDwy,gen,gen_candidate,validation,Rolex,126710BLNR,Jubilee,gen_wex_vmbUDwy,https://www.reddit.com/r/Watchexchange/comments/1wg70ph/wts_rolex_gmtmaster_ii_126710blnr_batgirl_with/,https://imgur.com/a/vmbUDwy,gallery,10,Marketplace source-labelled genuine candidate; full set stated by seller
gen_wex_K4gqk6U,gen,gen_candidate,calibration,Rolex,126710BLNR,Oyster,gen_wex_K4gqk6U,https://www.reddit.com/r/Watchexchange/comments/1uab3b8/wts_brand_new_june_2026_rolex_batman_gmt_master/,https://imgur.com/a/K4gqk6U,gallery,10,Marketplace source-labelled genuine candidate; exact reference but Oyster bracelet
gen_wex_3KSuGhC,gen,gen_candidate,calibration,Rolex,126710BLNR,Jubilee,gen_wex_3KSuGhC,https://www.reddit.com/r/Watchexchange/comments/1p0o3bp/wtsrolex_gmt_master_ii_batgirl_jubilee_126710blnr/,https://imgur.com/a/3KSuGhC,gallery,10,Marketplace source-labelled genuine candidate; 2021 full-set listing
gen_wex_e99gXKb,gen,gen_candidate,calibration,Rolex,126710BLNR,Jubilee,gen_wex_e99gXKb,https://www.reddit.com/r/Watchexchange/comments/glq9pn,https://imgur.com/a/e99gXKb,gallery,10,Marketplace source-labelled genuine candidate; early 126710BLNR example
gen_wex_1TDYtpN,gen,gen_candidate,validation,Rolex,126710BLNR,Jubilee,gen_wex_1TDYtpN,https://www.reddit.com/r/Watchexchange/comments/1s71mol/wts_rolex_gmtmaster_ii_126710blnr_jubilee_batgirl/,https://imgur.com/a/1TDYtpN,gallery,10,Marketplace source-labelled genuine candidate; 2021 box-and-papers listing
gen_wex_U2XNblj,gen,gen_candidate,calibration,Rolex,126710BLNR,Jubilee,gen_wex_U2XNblj,https://www.reddit.com/r/Watchexchange/comments/1s0vpgq/wts_rolex_gmtmaster_ii_batgirl_126710blnr_watch/,https://imgur.com/gallery/U2XNblj,gallery,10,Marketplace source-labelled genuine candidate; watch card and white tag stated by seller
gen_wex_EZKpLku,gen,gen_candidate,calibration,Rolex,126710BLNR,Jubilee,gen_wex_EZKpLku,https://www.reddit.com/r/Watchexchange/comments/eoypw5,https://imgur.com/gallery/EZKpLku,gallery,10,Marketplace source-labelled genuine candidate; 2020 full-set listing and early 126710BLNR production
gen_wex_KWfXz8G,gen,gen_candidate,validation,Rolex,126710BLNR,Jubilee,gen_wex_KWfXz8G,https://www.reddit.com/r/Watchexchange/comments/hzpihw,https://imgur.com/gallery/KWfXz8G,gallery,10,Marketplace source-labelled genuine candidate; 2019 warranty card and full-set description
gen_wex_8Rg3vqJ,gen,gen_candidate,validation,Rolex,126710BLNR,Oyster,gen_wex_8Rg3vqJ,https://www.reddit.com/r/Watchexchange/comments/p5gmvz,https://imgur.com/a/8Rg3vqJ,gallery,10,Marketplace source-labelled genuine candidate; 2021 exact reference on Oyster bracelet
gen_wex_I9FxPLn,gen,gen_candidate,calibration,Rolex,126710BLNR,Jubilee,gen_wex_I9FxPLn,https://www.reddit.com/r/Watchexchange/comments/ded0hw,https://imgur.com/a/I9FxPLn,gallery,10,Marketplace source-labelled genuine candidate; 2019 unworn full set with coffin and bezel protector
gen_wex_bRffRhD,gen,gen_candidate,validation,Rolex,126710BLNR,Jubilee,gen_wex_bRffRhD,https://www.reddit.com/r/Watchexchange/comments/1s8thx4/wts_2021_rolex_gmtmaster_ii_40mm_batgirl_ref/,https://imgur.com/a/bRffRhD,gallery,10,Marketplace source-labelled genuine candidate; 2021 complete set and AD receipt stated by seller
rep_vsf_p3hHVMB,rep,rep_labelled,validation,VSF,126710BLNR,Jubilee,rep_vsf_p3hHVMB,https://www.reddit.com/r/RepTimeQC/comments/1u91yef/qc_request_vsf_batgirl_first_qc_any_help/,https://imgur.com/gallery/vsf-batgirl-qc-p3hHVMB,gallery,10,Community QC; 12 marker described as slightly counter-clockwise by submitter
rep_vsf_sh7PSsh,rep,rep_labelled,calibration,VSF,126710BLNR,Jubilee,rep_vsf_sh7PSsh,https://www.reddit.com/r/RepTimeQC/comments/1v7j7ck/first_qc_vsf_v3_batgirl_126710blnr/,https://imgur.com/a/sh7PSsh,gallery,10,VSF V3 community QC set
rep_vsf_GKJDidL,rep,rep_labelled,calibration,VSF,126710BLNR,Jubilee,rep_vsf_GKJDidL,https://www.reddit.com/r/RepTimeQC/comments/1t81a98/vsf_batgirl/,https://imgur.com/a/GKJDidL,gallery,10,Community consensus broadly GL; useful near-clean replica control
rep_vsf_BXiTXD1,rep,rep_labelled,validation,VSF,126710BLNR,Jubilee,rep_vsf_BXiTXD1,https://www.reddit.com/r/RepTimeQC/comments/1t9ul62/2nd_try_vsf_batgirl/,https://imgur.com/a/BXiTXD1,gallery,10,Second independent VSF QC watch
rep_vsf_HCz9EAj,rep,rep_labelled,calibration,VSF,126710BLNR,Jubilee,rep_vsf_HCz9EAj,https://www.reddit.com/r/RepTimeQC/comments/1tzi8cc/qc_3rd_purchase_1st_gmt_vsf_rolex_gmtmaster_ii/,https://imgur.com/a/HCz9EAj,gallery,10,Community QC; largely clean indices per thread
rep_vsf_oVwWMrC,rep,rep_labelled,calibration,VSF,126710BLNR,Jubilee,rep_vsf_oVwWMrC,https://www.reddit.com/r/RepTimeQC/comments/1u2z5mg/vsf_batgirl_gmt_ii/,https://imgur.com/a/vsf-batgirl-oVwWMrC,gallery,10,Community QC; possible 6-marker and date concerns in thread
rep_vsf_gpZWOfy,rep,rep_labelled,validation,VSF,126710BLNR,Jubilee,rep_vsf_gpZWOfy,https://www.reddit.com/r/RepTimeQC/comments/1ucww0c/vsf_v3_gmtmaster_ii_batgirl/,https://imgur.com/a/gpZWOfy,gallery,10,Community comments note small 12 9 and 6 alignment deviations
rep_vsf_KfRKFwA,rep,rep_labelled,calibration,VSF,126710BLNR,Jubilee,rep_vsf_KfRKFwA,https://www.reddit.com/r/RepTimeQC/comments/1tf4uos/vsf_gmtmaster_ii_batgirl_first_qc/,https://imgur.com/a/KfRKFwA,gallery,10,Community QC; broadly clean with date-window concern
rep_vsf_7s6PyXJ,rep,rep_labelled,validation,VSF,126710BLNR,Jubilee,rep_vsf_7s6PyXJ,https://www.reddit.com/r/RepTimeQC/comments/1u1h4ix/first_time_qc_vsf_v3_gmtmaster_ii_batgirl/,https://imgur.com/a/vsf-v3-gmt-master-ii-batgirl-7s6PyXJ,gallery,10,Community QC; 6 marker notably left and 12 slightly tilted per comments
rep_vsf_f980504_SHiztEn,rep,rep_labelled,validation,VSF,126710BLNR,Oyster,rep_vsf_f980504_SHiztEn,https://www.reddit.com/r/RepTimeQC/comments/1nv3lz8,https://imgur.com/a/f980504-SHiztEn,gallery,10,VSF-labelled exact-reference QC; bracelet configuration disputed in comments so bracelet is recorded explicitly
rep_cf_xK08a3L,rep,rep_labelled,calibration,Clean,126710BLNR,unknown,rep_cf_xK08a3L,https://www.reddit.com/r/RepTimeQC/comments/15wls3u,https://imgur.com/a/xK08a3L,gallery,10,Clean Factory community QC set
rep_cf_UpTW8nx,rep,rep_labelled,validation,Clean,126710BLNR,Jubilee,rep_cf_UpTW8nx,https://www.reddit.com/r/RepTimeQC/comments/14ga7kp,https://imgur.com/a/UpTW8nx,gallery,10,Clean Factory Batgirl; thread flags date-wheel centring
rep_cf_17D8FaS,rep,rep_labelled,calibration,Clean,126710BLNR,Jubilee,rep_cf_17D8FaS,https://www.reddit.com/r/RepTimeQC/comments/t1jfef,https://imgur.com/a/17D8FaS,gallery,10,Clean Factory Batgirl; community described as strong example
rep_cf_6I00d8w,rep,rep_labelled,calibration,Clean,126710BLNR,Jubilee,rep_cf_6I00d8w,https://www.reddit.com/r/RepTimeQC/comments/tfmfak,https://imgur.com/a/6I00d8w,gallery,10,Clean Factory Batgirl; thread notes possible bezel triangle and colour-transition alignment
rep_cf_sx6zSKZ,rep,rep_labelled,calibration,Clean,126710BLNR,Jubilee,rep_cf_sx6zSKZ,https://www.reddit.com/r/RepTimeQC/comments/1ek3zjb,https://imgur.com/a/sx6zSKZ,gallery,10,Clean Factory Batgirl; community GL reference
rep_cf_bpdi5xV,rep,rep_labelled,calibration,Clean,126710BLNR,Oyster,rep_cf_bpdi5xV,https://www.reddit.com/r/RepTimeQC/comments/u6er21,https://imgur.com/a/bpdi5xV,gallery,10,Clean Factory exact-reference QC; thread ultimately flags unusual dial-font rendering and recommends RL
rep_cf_6zSSQ1d,rep,rep_labelled,validation,Clean,126710BLNR,Jubilee,rep_cf_6zSSQ1d,https://www.reddit.com/r/RepTimeQC/comments/1k8nog0/clean_factory_v3_rolex_batgirl_gmt/,https://imgur.com/a/f941411-2-6zSSQ1d,gallery,10,Clean Factory V3 QC; second QC after a prior RL and thread discusses rehaut and timegrapher concerns
rep_cf_QsJT2wk,rep,rep_labelled,calibration,Clean,126710BLNR,Jubilee,rep_cf_QsJT2wk,https://www.reddit.com/r/RepTimeQC/comments/1e97aw3,https://imgur.com/a/QsJT2wk,gallery,10,Clean Factory DD3285 Batgirl QC; community described overall alignment as good
rep_cf_ZVxf97o,rep,rep_labelled,validation,Clean,126710BLNR,Oyster,rep_cf_ZVxf97o,https://www.reddit.com/r/RepTimeQC/comments/1hryefk,https://imgur.com/a/ZVxf97o,gallery,10,Clean Factory exact-reference QC; album may contain a limited number of views and thread notes a small SEL gap
rep_cf_f71234_Sw2D1Bt,rep,rep_labelled,calibration,Clean,126710BLNR,Oyster,rep_cf_f71234_Sw2D1Bt,https://www.reddit.com/r/RepTimeQC/comments/1kah0ug,https://imgur.com/a/f71234-Sw2D1Bt,gallery,10,Clean Factory QC; thread specifically discusses cyclops perspective and otherwise GL-level cosmetics
rep_arf_8xahrjm,rep,rep_labelled,validation,ARF,126710BLNR,Jubilee,rep_arf_8xahrjm,https://www.reddit.com/r/RepTimeQC/comments/1kqahal,https://imgur.com/a/8xahrjm,gallery,10,ARF exact-reference Batgirl QC; useful factory-diversity validation watch
rep_arf_m304y61,rep,rep_labelled,calibration,ARF,126710BLNR,Jubilee,rep_arf_m304y61,https://www.reddit.com/r/RepTimeQC/comments/1hwy5ll,https://imgur.com/a/m304y61,gallery,10,ARF exact-reference Batgirl QC; community broadly GL and useful near-clean factory-diversity control
rep_cplus_wEYZOyK,rep,rep_labelled,calibration,C+ Factory,126710BLNR,unknown,rep_cplus_wEYZOyK,https://www.reddit.com/r/RepTimeQC/comments/119o84v,https://imgur.com/a/wEYZOyK,gallery,10,C+ Factory exact-reference QC set; adds factory diversity
gen_c24_id40153835,gen,gen_candidate,calibration,Rolex,126710BLNR,Jubilee,gen_c24_id40153835,https://www.chrono24.com/rolex/rolex-gmt-master-ii-batgirl-126710blnr-full-set-unworn--id40153835.htm,generic:https://www.chrono24.com/rolex/rolex-gmt-master-ii-batgirl-126710blnr-full-set-unworn--id40153835.htm,gallery,6,Chrono24 individual dealer listing; full set unworn; Jubilee Batgirl explicitly named; fetched via gallery-dl generic image scraper (no native extractor for this site) -- higher contamination risk than the imgur/reddit sources (a related-listing thumbnail on the same page could in principle be pulled in); pose-pipeline acceptance is the only automated screen applied, no manual visual review was performed on this branch
gen_c24_id44512719,gen,gen_candidate,calibration,Rolex,126710BLNR,Jubilee,gen_c24_id44512719,https://www.chrono24.com/rolex/rolex-gmt-master-ii-batgirl-126710blnr--id44512719.htm,generic:https://www.chrono24.com/rolex/rolex-gmt-master-ii-batgirl-126710blnr--id44512719.htm,gallery,6,Chrono24 Trusted Seller listing; 2026 full set unworn $22500; Jubilee Batgirl explicitly named; fetched via gallery-dl generic image scraper (no native extractor for this site) -- higher contamination risk than the imgur/reddit sources; pose-pipeline acceptance is the only automated screen applied, no manual visual review was performed on this branch
gen_c24_id38542337,gen,gen_candidate,calibration,Rolex,126710BLNR,Jubilee,gen_c24_id38542337,https://www.chrono24.com/rolex/gmt-master-ii-batgirl-126710blnr-full-set--id38542337.htm,generic:https://www.chrono24.com/rolex/gmt-master-ii-batgirl-126710blnr-full-set--id38542337.htm,gallery,6,Chrono24 individual dealer listing; full set; Jubilee Batgirl explicitly named; fetched via gallery-dl generic image scraper (no native extractor for this site) -- higher contamination risk than the imgur/reddit sources; pose-pipeline acceptance is the only automated screen applied, no manual visual review was performed on this branch
gen_c24_id43043236,gen,gen_candidate,calibration,Rolex,126710BLNR,Jubilee,gen_c24_id43043236,https://www.chrono24.com/rolex/rolex-gmt-master-ii-126710blnr-batgirl--batman-on-jubilee--black-blue-bezel--full-set--id43043236.htm,generic:https://www.chrono24.com/rolex/rolex-gmt-master-ii-126710blnr-batgirl--batman-on-jubilee--black-blue-bezel--full-set--id43043236.htm,gallery,6,Chrono24 Trusted Seller listing; full set $18964; Jubilee explicitly named in title; fetched via gallery-dl generic image scraper (no native extractor for this site) -- higher contamination risk than the imgur/reddit sources; pose-pipeline acceptance is the only automated screen applied, no manual visual review was performed on this branch
gen_1stdibs_j15020852,gen,gen_candidate,calibration,Rolex,126710BLNR,Jubilee,gen_1stdibs_j15020852,https://www.1stdibs.com/jewelry/watches/wrist-watches/rolex-gmt-master-ii-batman-batgirl-jubilee-mens-watch-126710blnr/id-j_15020852,generic:https://www.1stdibs.com/jewelry/watches/wrist-watches/rolex-gmt-master-ii-batman-batgirl-jubilee-mens-watch-126710blnr/id-j_15020852,gallery,6,1stDibs individual seller listing; Jubilee explicitly named; fetched via gallery-dl generic image scraper (no native extractor for this site) -- higher contamination risk than the imgur/reddit sources; pose-pipeline acceptance is the only automated screen applied, no manual visual review was performed on this branch
gen_1stdibs_j24782832,gen,gen_candidate,calibration,Rolex,126710BLNR,Jubilee,gen_1stdibs_j24782832,https://www.1stdibs.com/jewelry/watches/wrist-watches/rolex-gmt-master-ii-batgirl-126710blnr/id-j_24782832,generic:https://www.1stdibs.com/jewelry/watches/wrist-watches/rolex-gmt-master-ii-batgirl-126710blnr/id-j_24782832,gallery,6,1stDibs individual seller listing; Batgirl named (Jubilee bracelet implied by nickname); fetched via gallery-dl generic image scraper (no native extractor for this site) -- higher contamination risk than the imgur/reddit sources; pose-pipeline acceptance is the only automated screen applied, no manual visual review was performed on this branch
gen_1stdibs_j14512702,gen,gen_candidate,calibration,Rolex,126710BLNR,Jubilee,gen_1stdibs_j14512702,https://www.1stdibs.com/jewelry/watches/wrist-watches/rolex-gmt-master-ii-batgirl-steel-jubilee-black-dial-mens-watch-126710blnr/id-j_14512702,generic:https://www.1stdibs.com/jewelry/watches/wrist-watches/rolex-gmt-master-ii-batgirl-steel-jubilee-black-dial-mens-watch-126710blnr/id-j_14512702,gallery,6,1stDibs individual seller listing; Jubilee explicitly named; fetched via gallery-dl generic image scraper (no native extractor for this site) -- higher contamination risk than the imgur/reddit sources; pose-pipeline acceptance is the only automated screen applied, no manual visual review was performed on this branch
gen_bw_rlx9529,gen,gen_candidate,calibration,Rolex,126710BLNR,Jubilee,gen_bw_rlx9529,https://www.bernardwatch.com/Rolex/GMT-Master-II-'Batgirl'/RLX9529,generic:https://www.bernardwatch.com/Rolex/GMT-Master-II-'Batgirl'/RLX9529,gallery,6,Bernard Watch (established dealer) individual listing; 2023 Batgirl full set; fetched via gallery-dl generic image scraper (no native extractor for this site) -- higher contamination risk than the imgur/reddit sources; pose-pipeline acceptance is the only automated screen applied, no manual visual review was performed on this branch
gen_wc_126710blnr_2021,gen,gen_candidate,calibration,Rolex,126710BLNR,Jubilee,gen_wc_126710blnr_2021,https://www.watchclub.com/rolex/gmt-master-ii/rolexwarrantytonov2026-ref-126710blnr-year-2021,generic:https://www.watchclub.com/rolex/gmt-master-ii/rolexwarrantytonov2026-ref-126710blnr-year-2021,gallery,6,Watch Club (established UK dealer) individual listing; year 2021; warranty to Nov 2026; fetched via gallery-dl generic image scraper (no native extractor for this site) -- higher contamination risk than the imgur/reddit sources; pose-pipeline acceptance is the only automated screen applied, no manual visual review was performed on this branch
gen_1stdibs_j22086492,gen,gen_candidate,calibration,Rolex,126710BLNR,Jubilee,gen_1stdibs_j22086492,https://www.1stdibs.com/jewelry/watches/wrist-watches/rolex-gmt-master-ii-batgirl-ceramic-steel-jubilee-bracelet-watch-126710blnr/id-j_22086492/,generic:https://www.1stdibs.com/jewelry/watches/wrist-watches/rolex-gmt-master-ii-batgirl-ceramic-steel-jubilee-bracelet-watch-126710blnr/id-j_22086492/,gallery,6,1stDibs individual seller listing; title explicitly states Batgirl Ceramic Steel Jubilee Bracelet; fetched via gallery-dl generic image scraper -- same documented contamination-risk caveat as the other 1stDibs/Chrono24/dealer sources added this phase
gen_1stdibs_j26718002,gen,gen_candidate,calibration,Rolex,126710BLNR,Jubilee,gen_1stdibs_j26718002,https://www.1stdibs.com/jewelry/watches/wrist-watches/unworn-rolex-gmt-master-ii-batgirl-reference-126710blnr-complete-set-2025/id-j_26718002/,generic:https://www.1stdibs.com/jewelry/watches/wrist-watches/unworn-rolex-gmt-master-ii-batgirl-reference-126710blnr-complete-set-2025/id-j_26718002/,gallery,6,1stDibs individual seller listing; Unworn Batgirl, complete set, 2025; fetched via gallery-dl generic image scraper -- same documented contamination-risk caveat as the other 1stDibs/Chrono24/dealer sources added this phase
gen_1stdibs_j22349682,gen,gen_candidate,calibration,Rolex,126710BLNR,Jubilee,gen_1stdibs_j22349682,https://www.1stdibs.com/jewelry/watches/wrist-watches/rolex-gmt-master-ii-batgirl-126710blnr/id-j_22349682,generic:https://www.1stdibs.com/jewelry/watches/wrist-watches/rolex-gmt-master-ii-batgirl-126710blnr/id-j_22349682,gallery,6,1stDibs individual seller listing; Batgirl named; fetched via gallery-dl generic image scraper -- same documented contamination-risk caveat as the other 1stDibs/Chrono24/dealer sources added this phase
gen_1stdibs_j25758762,gen,gen_candidate,calibration,Rolex,126710BLNR,Jubilee,gen_1stdibs_j25758762,https://www.1stdibs.com/jewelry/watches/wrist-watches/rolex-batgirl-gmt-master-ii-mens-watch-126710blnr-stainless-steel-automatic/id-j_25758762,generic:https://www.1stdibs.com/jewelry/watches/wrist-watches/rolex-batgirl-gmt-master-ii-mens-watch-126710blnr-stainless-steel-automatic/id-j_25758762,gallery,6,1stDibs individual seller listing; Batgirl named, $25920; fetched via gallery-dl generic image scraper -- same documented contamination-risk caveat as the other 1stDibs/Chrono24/dealer sources added this phase
gen_1stdibs_j14542122,gen,gen_candidate,calibration,Rolex,126710BLNR,Jubilee,gen_1stdibs_j14542122,https://www.1stdibs.com/jewelry/watches/wrist-watches/rolex-gmt-master-ii-batgirl-ceramic-steel-jubilee-bracelet-mens-watch-126710blnr/id-j_14542122,generic:https://www.1stdibs.com/jewelry/watches/wrist-watches/rolex-gmt-master-ii-batgirl-ceramic-steel-jubilee-bracelet-mens-watch-126710blnr/id-j_14542122,gallery,6,1stDibs individual seller listing; title explicitly states Batgirl Ceramic Steel Jubilee Bracelet, $21990; fetched via gallery-dl generic image scraper -- same documented contamination-risk caveat as the other 1stDibs/Chrono24/dealer sources added this phase
gen_1stdibs_j10266432,gen,gen_candidate,calibration,Rolex,126710BLNR,Jubilee,gen_1stdibs_j10266432,https://www.1stdibs.com/jewelry/watches/wrist-watches/rolex-gmt-master-ii-batman-steel-jubilee-black-dial-mens-watch-126710blnr/id-j_10266432,generic:https://www.1stdibs.com/jewelry/watches/wrist-watches/rolex-gmt-master-ii-batman-steel-jubilee-black-dial-mens-watch-126710blnr/id-j_10266432,gallery,6,1stDibs individual seller listing; title explicitly states Steel Jubilee despite Batman naming; fetched via gallery-dl generic image scraper -- same documented contamination-risk caveat as the other 1stDibs/Chrono24/dealer sources added this phase
