source_id,physical_watch_id,class_label,provenance,split,factory,local_path,tilt_deg,hour,shape,segmented,confidence,loo_outer_fit_ok,loo_outer_n_peers,loo_outer_residual_px,in_sample_outer_residual_px,angular_residual_deg,clearance_normalized,verdict_state,shape_offset_residual_px
gen_wex_3KSuGhC,gen_wex_3KSuGhC,gen,gen_candidate,calibration,Rolex,gen/calibration/gen_wex_3KSuGhC/image_00.jpg,5.541468770645133,1,round,1,0.8655,1,7,3.0478,0.9579,0.0358,0.3661,NO_ISSUE,
gen_wex_3KSuGhC,gen_wex_3KSuGhC,gen,gen_candidate,calibration,Rolex,gen/calibration/gen_wex_3KSuGhC/image_00.jpg,5.541468770645133,2,round,1,0.8506,1,7,5.4497,0.5277,-0.0766,0.3282,POSSIBLE_ISSUE,
gen_wex_3KSuGhC,gen_wex_3KSuGhC,gen,gen_candidate,calibration,Rolex,gen/calibration/gen_wex_3KSuGhC/image_00.jpg,5.541468770645133,4,round,1,0.8590,1,7,0.9698,0.2603,-0.0207,0.3595,NO_ISSUE,
gen_wex_3KSuGhC,gen_wex_3KSuGhC,gen,gen_candidate,calibration,Rolex,gen/calibration/gen_wex_3KSuGhC/image_00.jpg,5.541468770645133,5,round,1,0.8568,1,7,1.2160,0.4009,-0.0857,0.3802,NO_ISSUE,
gen_wex_3KSuGhC,gen_wex_3KSuGhC,gen,gen_candidate,calibration,Rolex,gen/calibration/gen_wex_3KSuGhC/image_00.jpg,5.541468770645133,7,round,1,0.8526,1,7,1.6599,0.0156,-0.1799,0.3878,NO_ISSUE,
gen_wex_3KSuGhC,gen_wex_3KSuGhC,gen,gen_candidate,calibration,Rolex,gen/calibration/gen_wex_3KSuGhC/image_00.jpg,5.541468770645133,8,round,1,0.8584,1,7,0.9271,0.4533,0.0436,0.3883,NO_ISSUE,
gen_wex_3KSuGhC,gen_wex_3KSuGhC,gen,gen_candidate,calibration,Rolex,gen/calibration/gen_wex_3KSuGhC/image_00.jpg,5.541468770645133,10,round,1,0.8717,1,7,4.2851,1.2840,0.0929,0.3705,NO_ISSUE,
gen_wex_3KSuGhC,gen_wex_3KSuGhC,gen,gen_candidate,calibration,Rolex,gen/calibration/gen_wex_3KSuGhC/image_00.jpg,5.541468770645133,11,round,1,0.6473,1,7,4.5394,1.3712,0.5008,0.3207,POSSIBLE_ISSUE,
gen_wex_3KSuGhC,gen_wex_3KSuGhC,gen,gen_candidate,calibration,Rolex,gen/calibration/gen_wex_3KSuGhC/image_00.jpg,5.541468770645133,6,baton,1,0.8287,,,,,-0.0249,0.3179,NO_ISSUE,15.0128
gen_wex_3KSuGhC,gen_wex_3KSuGhC,gen,gen_candidate,calibration,Rolex,gen/calibration/gen_wex_3KSuGhC/image_00.jpg,5.541468770645133,9,baton,1,0.8224,,,,,0.0423,0.2864,NO_ISSUE,15.9180
gen_wex_3KSuGhC,gen_wex_3KSuGhC,gen,gen_candidate,calibration,Rolex,gen/calibration/gen_wex_3KSuGhC/image_00.jpg,5.541468770645133,12,triangle,1,0.9049,,,,,0.2835,0.1975,POSSIBLE_ISSUE,30.3303
gen_wex_3KSuGhC,gen_wex_3KSuGhC,gen,gen_candidate,calibration,Rolex,gen/calibration/gen_wex_3KSuGhC/image_02.jpg,20.730412452071786,1,,0,,,,,,,,,
gen_wex_3KSuGhC,gen_wex_3KSuGhC,gen,gen_candidate,calibration,Rolex,gen/calibration/gen_wex_3KSuGhC/image_02.jpg,20.730412452071786,2,,0,,,,,,,,,
gen_wex_3KSuGhC,gen_wex_3KSuGhC,gen,gen_candidate,calibration,Rolex,gen/calibration/gen_wex_3KSuGhC/image_02.jpg,20.730412452071786,4,,0,,,,,,,,,
gen_wex_3KSuGhC,gen_wex_3KSuGhC,gen,gen_candidate,calibration,Rolex,gen/calibration/gen_wex_3KSuGhC/image_02.jpg,20.730412452071786,5,,0,,,,,,,,,
gen_wex_3KSuGhC,gen_wex_3KSuGhC,gen,gen_candidate,calibration,Rolex,gen/calibration/gen_wex_3KSuGhC/image_02.jpg,20.730412452071786,7,round,1,0.9038,0,1,,,-0.9115,0.5277,POSSIBLE_ISSUE,
gen_wex_3KSuGhC,gen_wex_3KSuGhC,gen,gen_candidate,calibration,Rolex,gen/calibration/gen_wex_3KSuGhC/image_02.jpg,20.730412452071786,8,round,1,0.8175,0,1,,,-1.7431,0.3860,NO_ISSUE,
gen_wex_3KSuGhC,gen_wex_3KSuGhC,gen,gen_candidate,calibration,Rolex,gen/calibration/gen_wex_3KSuGhC/image_02.jpg,20.730412452071786,10,,0,,,,,,,,,
gen_wex_3KSuGhC,gen_wex_3KSuGhC,gen,gen_candidate,calibration,Rolex,gen/calibration/gen_wex_3KSuGhC/image_02.jpg,20.730412452071786,11,,0,,,,,,,,,
gen_wex_3KSuGhC,gen_wex_3KSuGhC,gen,gen_candidate,calibration,Rolex,gen/calibration/gen_wex_3KSuGhC/image_02.jpg,20.730412452071786,6,baton,1,0.9400,,,,,-1.3909,0.6111,POSSIBLE_ISSUE,
gen_wex_3KSuGhC,gen_wex_3KSuGhC,gen,gen_candidate,calibration,Rolex,gen/calibration/gen_wex_3KSuGhC/image_02.jpg,20.730412452071786,9,baton,1,0.8896,,,,,-3.9014,0.3655,POSSIBLE_ISSUE,
gen_wex_3KSuGhC,gen_wex_3KSuGhC,gen,gen_candidate,calibration,Rolex,gen/calibration/gen_wex_3KSuGhC/image_02.jpg,20.730412452071786,12,,0,,,,,,,,,
gen_wex_3KSuGhC,gen_wex_3KSuGhC,gen,gen_candidate,calibration,Rolex,gen/calibration/gen_wex_3KSuGhC/image_03.jpg,4.41799195334961,1,round,1,0.8373,0,1,,,1.8067,0.5982,POSSIBLE_ISSUE,
gen_wex_3KSuGhC,gen_wex_3KSuGhC,gen,gen_candidate,calibration,Rolex,gen/calibration/gen_wex_3KSuGhC/image_03.jpg,4.41799195334961,2,,0,,,,,,,,,
gen_wex_3KSuGhC,gen_wex_3KSuGhC,gen,gen_candidate,calibration,Rolex,gen/calibration/gen_wex_3KSuGhC/image_03.jpg,4.41799195334961,4,,0,,,,,,,,,
gen_wex_3KSuGhC,gen_wex_3KSuGhC,gen,gen_candidate,calibration,Rolex,gen/calibration/gen_wex_3KSuGhC/image_03.jpg,4.41799195334961,5,,0,,,,,,,,,
gen_wex_3KSuGhC,gen_wex_3KSuGhC,gen,gen_candidate,calibration,Rolex,gen/calibration/gen_wex_3KSuGhC/image_03.jpg,4.41799195334961,7,,0,,,,,,,,,
gen_wex_3KSuGhC,gen_wex_3KSuGhC,gen,gen_candidate,calibration,Rolex,gen/calibration/gen_wex_3KSuGhC/image_03.jpg,4.41799195334961,8,,0,,,,,,,,,
gen_wex_3KSuGhC,gen_wex_3KSuGhC,gen,gen_candidate,calibration,Rolex,gen/calibration/gen_wex_3KSuGhC/image_03.jpg,4.41799195334961,10,,0,,,,,,,,,
gen_wex_3KSuGhC,gen_wex_3KSuGhC,gen,gen_candidate,calibration,Rolex,gen/calibration/gen_wex_3KSuGhC/image_03.jpg,4.41799195334961,11,round,1,0.8200,0,1,,,2.1231,0.6063,POSSIBLE_ISSUE,
gen_wex_3KSuGhC,gen_wex_3KSuGhC,gen,gen_candidate,calibration,Rolex,gen/calibration/gen_wex_3KSuGhC/image_03.jpg,4.41799195334961,6,baton,1,0.9146,,,,,2.8310,0.6758,POSSIBLE_ISSUE,
gen_wex_3KSuGhC,gen_wex_3KSuGhC,gen,gen_candidate,calibration,Rolex,gen/calibration/gen_wex_3KSuGhC/image_03.jpg,4.41799195334961,9,baton,1,0.8565,,,,,3.6724,0.6881,CLEAR_ANOMALY,
gen_wex_3KSuGhC,gen_wex_3KSuGhC,gen,gen_candidate,calibration,Rolex,gen/calibration/gen_wex_3KSuGhC/image_03.jpg,4.41799195334961,12,,0,,,,,,,,,
gen_wex_3KSuGhC,gen_wex_3KSuGhC,gen,gen_candidate,calibration,Rolex,gen/calibration/gen_wex_3KSuGhC/image_04.jpg,3.7493298864961964,1,round,1,0.8390,0,1,,,-1.7912,0.6370,NO_ISSUE,
gen_wex_3KSuGhC,gen_wex_3KSuGhC,gen,gen_candidate,calibration,Rolex,gen/calibration/gen_wex_3KSuGhC/image_04.jpg,3.7493298864961964,2,,0,,,,,,,,,
gen_wex_3KSuGhC,gen_wex_3KSuGhC,gen,gen_candidate,calibration,Rolex,gen/calibration/gen_wex_3KSuGhC/image_04.jpg,3.7493298864961964,4,,0,,,,,,,,,
gen_wex_3KSuGhC,gen_wex_3KSuGhC,gen,gen_candidate,calibration,Rolex,gen/calibration/gen_wex_3KSuGhC/image_04.jpg,3.7493298864961964,5,,0,,,,,,,,,
gen_wex_3KSuGhC,gen_wex_3KSuGhC,gen,gen_candidate,calibration,Rolex,gen/calibration/gen_wex_3KSuGhC/image_04.jpg,3.7493298864961964,7,,0,,,,,,,,,
gen_wex_3KSuGhC,gen_wex_3KSuGhC,gen,gen_candidate,calibration,Rolex,gen/calibration/gen_wex_3KSuGhC/image_04.jpg,3.7493298864961964,8,,0,,,,,,,,,
gen_wex_3KSuGhC,gen_wex_3KSuGhC,gen,gen_candidate,calibration,Rolex,gen/calibration/gen_wex_3KSuGhC/image_04.jpg,3.7493298864961964,10,,0,,,,,,,,,
gen_wex_3KSuGhC,gen_wex_3KSuGhC,gen,gen_candidate,calibration,Rolex,gen/calibration/gen_wex_3KSuGhC/image_04.jpg,3.7493298864961964,11,round,1,0.8363,0,1,,,-1.4936,0.6322,POSSIBLE_ISSUE,
gen_wex_3KSuGhC,gen_wex_3KSuGhC,gen,gen_candidate,calibration,Rolex,gen/calibration/gen_wex_3KSuGhC/image_04.jpg,3.7493298864961964,6,baton,1,0.8957,,,,,-2.3829,0.6337,POSSIBLE_ISSUE,
gen_wex_3KSuGhC,gen_wex_3KSuGhC,gen,gen_candidate,calibration,Rolex,gen/calibration/gen_wex_3KSuGhC/image_04.jpg,3.7493298864961964,9,baton,1,0.9289,,,,,-1.8788,0.6036,POSSIBLE_ISSUE,
gen_wex_3KSuGhC,gen_wex_3KSuGhC,gen,gen_candidate,calibration,Rolex,gen/calibration/gen_wex_3KSuGhC/image_04.jpg,3.7493298864961964,12,,0,,,,,,,,,
gen_wex_e99gXKb,gen_wex_e99gXKb,gen,gen_candidate,calibration,Rolex,gen/calibration/gen_wex_e99gXKb/image_00.jpg,6.877377609921287,1,round,1,0.9251,1,7,0.8984,0.3250,0.3019,0.3712,NO_ISSUE,
gen_wex_e99gXKb,gen_wex_e99gXKb,gen,gen_candidate,calibration,Rolex,gen/calibration/gen_wex_e99gXKb/image_00.jpg,6.877377609921287,2,round,1,0.9275,1,7,4.5491,0.3723,0.1102,0.3735,NO_ISSUE,
gen_wex_e99gXKb,gen_wex_e99gXKb,gen,gen_candidate,calibration,Rolex,gen/calibration/gen_wex_e99gXKb/image_00.jpg,6.877377609921287,4,round,1,0.9137,1,7,3.2567,0.4145,-0.0067,0.3777,NO_ISSUE,
gen_wex_e99gXKb,gen_wex_e99gXKb,gen,gen_candidate,calibration,Rolex,gen/calibration/gen_wex_e99gXKb/image_00.jpg,6.877377609921287,5,round,1,0.8790,1,7,7.1080,0.3603,-0.0157,0.2922,POSSIBLE_ISSUE,
gen_wex_e99gXKb,gen_wex_e99gXKb,gen,gen_candidate,calibration,Rolex,gen/calibration/gen_wex_e99gXKb/image_00.jpg,6.877377609921287,7,round,1,0.9174,1,7,8.6591,0.2352,0.1576,0.3102,POSSIBLE_ISSUE,
gen_wex_e99gXKb,gen_wex_e99gXKb,gen,gen_candidate,calibration,Rolex,gen/calibration/gen_wex_e99gXKb/image_00.jpg,6.877377609921287,8,round,1,0.8989,1,7,2.5444,0.1957,0.0109,0.3835,NO_ISSUE,
gen_wex_e99gXKb,gen_wex_e99gXKb,gen,gen_candidate,calibration,Rolex,gen/calibration/gen_wex_e99gXKb/image_00.jpg,6.877377609921287,10,round,1,0.9261,1,7,2.5241,0.1647,0.3263,0.3835,NO_ISSUE,
gen_wex_e99gXKb,gen_wex_e99gXKb,gen,gen_candidate,calibration,Rolex,gen/calibration/gen_wex_e99gXKb/image_00.jpg,6.877377609921287,11,round,1,0.8969,1,7,9.9831,0.2045,0.4526,0.3043,POSSIBLE_ISSUE,
gen_wex_e99gXKb,gen_wex_e99gXKb,gen,gen_candidate,calibration,Rolex,gen/calibration/gen_wex_e99gXKb/image_00.jpg,6.877377609921287,6,,0,,,,,,,,,
gen_wex_e99gXKb,gen_wex_e99gXKb,gen,gen_candidate,calibration,Rolex,gen/calibration/gen_wex_e99gXKb/image_00.jpg,6.877377609921287,9,baton,1,0.7793,,,,,0.1817,0.3421,NO_ISSUE,10.9316
gen_wex_e99gXKb,gen_wex_e99gXKb,gen,gen_candidate,calibration,Rolex,gen/calibration/gen_wex_e99gXKb/image_00.jpg,6.877377609921287,12,triangle,1,0.9739,,,,,0.4029,0.3271,NO_ISSUE,11.7342
gen_wex_e99gXKb,gen_wex_e99gXKb,gen,gen_candidate,calibration,Rolex,gen/calibration/gen_wex_e99gXKb/image_01.jpg,12.09669212278482,1,,0,,,,,,,,,
gen_wex_e99gXKb,gen_wex_e99gXKb,gen,gen_candidate,calibration,Rolex,gen/calibration/gen_wex_e99gXKb/image_01.jpg,12.09669212278482,2,,0,,,,,,,,,
gen_wex_e99gXKb,gen_wex_e99gXKb,gen,gen_candidate,calibration,Rolex,gen/calibration/gen_wex_e99gXKb/image_01.jpg,12.09669212278482,4,,0,,,,,,,,,
gen_wex_e99gXKb,gen_wex_e99gXKb,gen,gen_candidate,calibration,Rolex,gen/calibration/gen_wex_e99gXKb/image_01.jpg,12.09669212278482,5,,0,,,,,,,,,
gen_wex_e99gXKb,gen_wex_e99gXKb,gen,gen_candidate,calibration,Rolex,gen/calibration/gen_wex_e99gXKb/image_01.jpg,12.09669212278482,7,,0,,,,,,,,,
gen_wex_e99gXKb,gen_wex_e99gXKb,gen,gen_candidate,calibration,Rolex,gen/calibration/gen_wex_e99gXKb/image_01.jpg,12.09669212278482,8,,0,,,,,,,,,
gen_wex_e99gXKb,gen_wex_e99gXKb,gen,gen_candidate,calibration,Rolex,gen/calibration/gen_wex_e99gXKb/image_01.jpg,12.09669212278482,10,,0,,,,,,,,,
gen_wex_e99gXKb,gen_wex_e99gXKb,gen,gen_candidate,calibration,Rolex,gen/calibration/gen_wex_e99gXKb/image_01.jpg,12.09669212278482,11,,0,,,,,,,,,
gen_wex_e99gXKb,gen_wex_e99gXKb,gen,gen_candidate,calibration,Rolex,gen/calibration/gen_wex_e99gXKb/image_01.jpg,12.09669212278482,6,baton,1,0.8294,,,,,-3.5321,0.6301,INSUFFICIENT_CONFIDENCE,
gen_wex_e99gXKb,gen_wex_e99gXKb,gen,gen_candidate,calibration,Rolex,gen/calibration/gen_wex_e99gXKb/image_01.jpg,12.09669212278482,9,,0,,,,,,,,,
gen_wex_e99gXKb,gen_wex_e99gXKb,gen,gen_candidate,calibration,Rolex,gen/calibration/gen_wex_e99gXKb/image_01.jpg,12.09669212278482,12,,0,,,,,,,,,
gen_wex_e99gXKb,gen_wex_e99gXKb,gen,gen_candidate,calibration,Rolex,gen/calibration/gen_wex_e99gXKb/image_02.jpg,8.61520267492932,1,round,1,0.4386,1,6,10.6042,2.5973,-3.2577,0.2399,NO_ISSUE,
gen_wex_e99gXKb,gen_wex_e99gXKb,gen,gen_candidate,calibration,Rolex,gen/calibration/gen_wex_e99gXKb/image_02.jpg,8.61520267492932,2,round,1,0.4474,1,6,9.2197,1.7829,-3.8705,0.2115,NO_ISSUE,
gen_wex_e99gXKb,gen_wex_e99gXKb,gen,gen_candidate,calibration,Rolex,gen/calibration/gen_wex_e99gXKb/image_02.jpg,8.61520267492932,4,round,1,0.4771,1,6,7.0815,0.0694,-2.9714,0.2960,NO_ISSUE,
gen_wex_e99gXKb,gen_wex_e99gXKb,gen,gen_candidate,calibration,Rolex,gen/calibration/gen_wex_e99gXKb/image_02.jpg,8.61520267492932,5,round,1,0.5401,1,6,4.7393,0.7273,-1.8944,0.3328,POSSIBLE_ISSUE,
gen_wex_e99gXKb,gen_wex_e99gXKb,gen,gen_candidate,calibration,Rolex,gen/calibration/gen_wex_e99gXKb/image_02.jpg,8.61520267492932,7,round,1,0.6673,1,6,11.2700,0.7472,-2.0253,0.2701,NO_ISSUE,
gen_wex_e99gXKb,gen_wex_e99gXKb,gen,gen_candidate,calibration,Rolex,gen/calibration/gen_wex_e99gXKb/image_02.jpg,8.61520267492932,8,,0,,,,,,,,,
gen_wex_e99gXKb,gen_wex_e99gXKb,gen,gen_candidate,calibration,Rolex,gen/calibration/gen_wex_e99gXKb/image_02.jpg,8.61520267492932,10,round,1,0.4422,1,6,12.3006,1.8048,-3.2304,0.2481,NO_ISSUE,
gen_wex_e99gXKb,gen_wex_e99gXKb,gen,gen_candidate,calibration,Rolex,gen/calibration/gen_wex_e99gXKb/image_02.jpg,8.61520267492932,11,round,1,0.5009,1,6,9.2170,2.2768,-2.1675,0.1803,NO_ISSUE,
gen_wex_e99gXKb,gen_wex_e99gXKb,gen,gen_candidate,calibration,Rolex,gen/calibration/gen_wex_e99gXKb/image_02.jpg,8.61520267492932,6,baton,1,0.9491,,,,,-1.9323,0.3444,NO_ISSUE,5.5194
gen_wex_e99gXKb,gen_wex_e99gXKb,gen,gen_candidate,calibration,Rolex,gen/calibration/gen_wex_e99gXKb/image_02.jpg,8.61520267492932,9,baton,1,0.8574,,,,,-2.7112,0.2860,NO_ISSUE,9.3830
gen_wex_e99gXKb,gen_wex_e99gXKb,gen,gen_candidate,calibration,Rolex,gen/calibration/gen_wex_e99gXKb/image_02.jpg,8.61520267492932,12,triangle,1,0.8385,,,,,-4.3109,0.2097,NO_ISSUE,12.9158
rep_vsf_sh7PSsh,rep_vsf_sh7PSsh,rep,rep_labelled,calibration,VSF,rep/calibration/rep_vsf_sh7PSsh/image_01.jpg,10.984749612018692,1,,0,,,,,,,,,
rep_vsf_sh7PSsh,rep_vsf_sh7PSsh,rep,rep_labelled,calibration,VSF,rep/calibration/rep_vsf_sh7PSsh/image_01.jpg,10.984749612018692,2,round,1,0.3923,0,2,,,-0.4255,0.5041,POSSIBLE_ISSUE,
rep_vsf_sh7PSsh,rep_vsf_sh7PSsh,rep,rep_labelled,calibration,VSF,rep/calibration/rep_vsf_sh7PSsh/image_01.jpg,10.984749612018692,4,,0,,,,,,,,,
rep_vsf_sh7PSsh,rep_vsf_sh7PSsh,rep,rep_labelled,calibration,VSF,rep/calibration/rep_vsf_sh7PSsh/image_01.jpg,10.984749612018692,5,round,1,0.4385,0,2,,,-3.9848,0.2201,POSSIBLE_ISSUE,
rep_vsf_sh7PSsh,rep_vsf_sh7PSsh,rep,rep_labelled,calibration,VSF,rep/calibration/rep_vsf_sh7PSsh/image_01.jpg,10.984749612018692,7,,0,,,,,,,,,
rep_vsf_sh7PSsh,rep_vsf_sh7PSsh,rep,rep_labelled,calibration,VSF,rep/calibration/rep_vsf_sh7PSsh/image_01.jpg,10.984749612018692,8,round,1,0.5180,0,2,,,-3.3522,0.2511,NO_ISSUE,
rep_vsf_sh7PSsh,rep_vsf_sh7PSsh,rep,rep_labelled,calibration,VSF,rep/calibration/rep_vsf_sh7PSsh/image_01.jpg,10.984749612018692,10,,0,,,,,,,,,
rep_vsf_sh7PSsh,rep_vsf_sh7PSsh,rep,rep_labelled,calibration,VSF,rep/calibration/rep_vsf_sh7PSsh/image_01.jpg,10.984749612018692,11,,0,,,,,,,,,
rep_vsf_sh7PSsh,rep_vsf_sh7PSsh,rep,rep_labelled,calibration,VSF,rep/calibration/rep_vsf_sh7PSsh/image_01.jpg,10.984749612018692,6,baton,1,0.8518,,,,,-3.1314,0.3238,NO_ISSUE,
rep_vsf_sh7PSsh,rep_vsf_sh7PSsh,rep,rep_labelled,calibration,VSF,rep/calibration/rep_vsf_sh7PSsh/image_01.jpg,10.984749612018692,9,,0,,,,,,,,,
rep_vsf_sh7PSsh,rep_vsf_sh7PSsh,rep,rep_labelled,calibration,VSF,rep/calibration/rep_vsf_sh7PSsh/image_01.jpg,10.984749612018692,12,,0,,,,,,,,,
rep_vsf_sh7PSsh,rep_vsf_sh7PSsh,rep,rep_labelled,calibration,VSF,rep/calibration/rep_vsf_sh7PSsh/image_04.jpg,4.509930446099395,1,round,1,0.9794,0,5,,0.2612,0.0646,0.3958,NO_ISSUE,
rep_vsf_sh7PSsh,rep_vsf_sh7PSsh,rep,rep_labelled,calibration,VSF,rep/calibration/rep_vsf_sh7PSsh/image_04.jpg,4.509930446099395,2,round,1,0.9683,0,5,,0.2197,0.3545,0.3946,NO_ISSUE,
rep_vsf_sh7PSsh,rep_vsf_sh7PSsh,rep,rep_labelled,calibration,VSF,rep/calibration/rep_vsf_sh7PSsh/image_04.jpg,4.509930446099395,4,round,1,0.9020,0,5,,0.0686,0.4908,0.3510,NO_ISSUE,
rep_vsf_sh7PSsh,rep_vsf_sh7PSsh,rep,rep_labelled,calibration,VSF,rep/calibration/rep_vsf_sh7PSsh/image_04.jpg,4.509930446099395,5,,0,,,,,,,,,
rep_vsf_sh7PSsh,rep_vsf_sh7PSsh,rep,rep_labelled,calibration,VSF,rep/calibration/rep_vsf_sh7PSsh/image_04.jpg,4.509930446099395,7,round,1,0.8324,0,5,,0.0395,0.4072,0.3621,NO_ISSUE,
rep_vsf_sh7PSsh,rep_vsf_sh7PSsh,rep,rep_labelled,calibration,VSF,rep/calibration/rep_vsf_sh7PSsh/image_04.jpg,4.509930446099395,8,,0,,,,,,,,,
rep_vsf_sh7PSsh,rep_vsf_sh7PSsh,rep,rep_labelled,calibration,VSF,rep/calibration/rep_vsf_sh7PSsh/image_04.jpg,4.509930446099395,10,round,1,0.9152,0,5,,0.1639,-0.0292,0.3563,NO_ISSUE,
rep_vsf_sh7PSsh,rep_vsf_sh7PSsh,rep,rep_labelled,calibration,VSF,rep/calibration/rep_vsf_sh7PSsh/image_04.jpg,4.509930446099395,11,round,1,0.9585,0,5,,0.2315,-0.4753,0.3398,NO_ISSUE,
rep_vsf_sh7PSsh,rep_vsf_sh7PSsh,rep,rep_labelled,calibration,VSF,rep/calibration/rep_vsf_sh7PSsh/image_04.jpg,4.509930446099395,6,baton,1,0.9422,,,,,0.5671,0.3642,NO_ISSUE,5.5469
rep_vsf_sh7PSsh,rep_vsf_sh7PSsh,rep,rep_labelled,calibration,VSF,rep/calibration/rep_vsf_sh7PSsh/image_04.jpg,4.509930446099395,9,baton,1,0.8787,,,,,0.2681,0.3404,NO_ISSUE,7.5289
rep_vsf_sh7PSsh,rep_vsf_sh7PSsh,rep,rep_labelled,calibration,VSF,rep/calibration/rep_vsf_sh7PSsh/image_04.jpg,4.509930446099395,12,triangle,1,0.9678,,,,,-0.2379,0.3745,NO_ISSUE,7.6045
rep_vsf_sh7PSsh,rep_vsf_sh7PSsh,rep,rep_labelled,calibration,VSF,rep/calibration/rep_vsf_sh7PSsh/image_05.jpg,6.767629849564249,1,round,1,0.9160,0,4,,0.0000,-0.5452,0.5778,POSSIBLE_ISSUE,
rep_vsf_sh7PSsh,rep_vsf_sh7PSsh,rep,rep_labelled,calibration,VSF,rep/calibration/rep_vsf_sh7PSsh/image_05.jpg,6.767629849564249,2,round,1,0.9555,0,4,,0.0000,-0.1489,0.3821,NO_ISSUE,
rep_vsf_sh7PSsh,rep_vsf_sh7PSsh,rep,rep_labelled,calibration,VSF,rep/calibration/rep_vsf_sh7PSsh/image_05.jpg,6.767629849564249,4,round,1,0.9387,0,4,,0.0000,-0.0773,0.3799,NO_ISSUE,
rep_vsf_sh7PSsh,rep_vsf_sh7PSsh,rep,rep_labelled,calibration,VSF,rep/calibration/rep_vsf_sh7PSsh/image_05.jpg,6.767629849564249,5,,0,,,,,,,,,
rep_vsf_sh7PSsh,rep_vsf_sh7PSsh,rep,rep_labelled,calibration,VSF,rep/calibration/rep_vsf_sh7PSsh/image_05.jpg,6.767629849564249,7,round,1,0.9104,0,4,,0.0000,-0.4094,0.4032,NO_ISSUE,
rep_vsf_sh7PSsh,rep_vsf_sh7PSsh,rep,rep_labelled,calibration,VSF,rep/calibration/rep_vsf_sh7PSsh/image_05.jpg,6.767629849564249,8,,0,,,,,,,,,
rep_vsf_sh7PSsh,rep_vsf_sh7PSsh,rep,rep_labelled,calibration,VSF,rep/calibration/rep_vsf_sh7PSsh/image_05.jpg,6.767629849564249,10,round,1,0.8962,0,4,,0.0000,-0.6189,0.3925,NO_ISSUE,
rep_vsf_sh7PSsh,rep_vsf_sh7PSsh,rep,rep_labelled,calibration,VSF,rep/calibration/rep_vsf_sh7PSsh/image_05.jpg,6.767629849564249,11,,0,,,,,,,,,
rep_vsf_sh7PSsh,rep_vsf_sh7PSsh,rep,rep_labelled,calibration,VSF,rep/calibration/rep_vsf_sh7PSsh/image_05.jpg,6.767629849564249,6,baton,1,0.9834,,,,,-0.5079,0.3490,NO_ISSUE,2.6037
rep_vsf_sh7PSsh,rep_vsf_sh7PSsh,rep,rep_labelled,calibration,VSF,rep/calibration/rep_vsf_sh7PSsh/image_05.jpg,6.767629849564249,9,baton,1,0.9342,,,,,-0.4767,0.3563,NO_ISSUE,3.6530
rep_vsf_sh7PSsh,rep_vsf_sh7PSsh,rep,rep_labelled,calibration,VSF,rep/calibration/rep_vsf_sh7PSsh/image_05.jpg,6.767629849564249,12,triangle,1,0.9436,,,,,-0.8230,0.3267,NO_ISSUE,7.1696
rep_vsf_GKJDidL,rep_vsf_GKJDidL,rep,rep_labelled,calibration,VSF,rep/calibration/rep_vsf_GKJDidL/image_00.jpg,4.818738180227867,1,,0,,,,,,,,,
rep_vsf_GKJDidL,rep_vsf_GKJDidL,rep,rep_labelled,calibration,VSF,rep/calibration/rep_vsf_GKJDidL/image_00.jpg,4.818738180227867,2,,0,,,,,,,,,
rep_vsf_GKJDidL,rep_vsf_GKJDidL,rep,rep_labelled,calibration,VSF,rep/calibration/rep_vsf_GKJDidL/image_00.jpg,4.818738180227867,4,,0,,,,,,,,,
rep_vsf_GKJDidL,rep_vsf_GKJDidL,rep,rep_labelled,calibration,VSF,rep/calibration/rep_vsf_GKJDidL/image_00.jpg,4.818738180227867,5,round,1,0.8054,0,0,,,0.4956,0.5358,INSUFFICIENT_CONFIDENCE,
rep_vsf_GKJDidL,rep_vsf_GKJDidL,rep,rep_labelled,calibration,VSF,rep/calibration/rep_vsf_GKJDidL/image_00.jpg,4.818738180227867,7,,0,,,,,,,,,
rep_vsf_GKJDidL,rep_vsf_GKJDidL,rep,rep_labelled,calibration,VSF,rep/calibration/rep_vsf_GKJDidL/image_00.jpg,4.818738180227867,8,,0,,,,,,,,,
rep_vsf_GKJDidL,rep_vsf_GKJDidL,rep,rep_labelled,calibration,VSF,rep/calibration/rep_vsf_GKJDidL/image_00.jpg,4.818738180227867,10,,0,,,,,,,,,
rep_vsf_GKJDidL,rep_vsf_GKJDidL,rep,rep_labelled,calibration,VSF,rep/calibration/rep_vsf_GKJDidL/image_00.jpg,4.818738180227867,11,,0,,,,,,,,,
rep_vsf_GKJDidL,rep_vsf_GKJDidL,rep,rep_labelled,calibration,VSF,rep/calibration/rep_vsf_GKJDidL/image_00.jpg,4.818738180227867,6,baton,1,0.8497,,,,,0.6483,0.6600,INSUFFICIENT_CONFIDENCE,
rep_vsf_GKJDidL,rep_vsf_GKJDidL,rep,rep_labelled,calibration,VSF,rep/calibration/rep_vsf_GKJDidL/image_00.jpg,4.818738180227867,9,baton,1,0.8979,,,,,-0.4146,0.7069,INSUFFICIENT_CONFIDENCE,
rep_vsf_GKJDidL,rep_vsf_GKJDidL,rep,rep_labelled,calibration,VSF,rep/calibration/rep_vsf_GKJDidL/image_00.jpg,4.818738180227867,12,,0,,,,,,,,,
rep_vsf_GKJDidL,rep_vsf_GKJDidL,rep,rep_labelled,calibration,VSF,rep/calibration/rep_vsf_GKJDidL/image_01.jpg,13.760837451950342,1,round,1,0.4441,0,5,,0.3314,3.2912,0.1011,NO_ISSUE,
rep_vsf_GKJDidL,rep_vsf_GKJDidL,rep,rep_labelled,calibration,VSF,rep/calibration/rep_vsf_GKJDidL/image_01.jpg,13.760837451950342,2,round,1,0.4313,0,5,,0.1942,0.7095,0.1027,NO_ISSUE,
rep_vsf_GKJDidL,rep_vsf_GKJDidL,rep,rep_labelled,calibration,VSF,rep/calibration/rep_vsf_GKJDidL/image_01.jpg,13.760837451950342,4,,0,,,,,,,,,
rep_vsf_GKJDidL,rep_vsf_GKJDidL,rep,rep_labelled,calibration,VSF,rep/calibration/rep_vsf_GKJDidL/image_01.jpg,13.760837451950342,5,,0,,,,,,,,,
rep_vsf_GKJDidL,rep_vsf_GKJDidL,rep,rep_labelled,calibration,VSF,rep/calibration/rep_vsf_GKJDidL/image_01.jpg,13.760837451950342,7,round,1,0.4167,0,5,,0.2494,3.3680,0.1824,NO_ISSUE,
rep_vsf_GKJDidL,rep_vsf_GKJDidL,rep,rep_labelled,calibration,VSF,rep/calibration/rep_vsf_GKJDidL/image_01.jpg,13.760837451950342,8,round,1,0.4339,0,5,,0.4135,3.8273,0.2805,NO_ISSUE,
rep_vsf_GKJDidL,rep_vsf_GKJDidL,rep,rep_labelled,calibration,VSF,rep/calibration/rep_vsf_GKJDidL/image_01.jpg,13.760837451950342,10,round,1,0.4109,0,5,,0.7341,3.2047,0.1926,NO_ISSUE,
rep_vsf_GKJDidL,rep_vsf_GKJDidL,rep,rep_labelled,calibration,VSF,rep/calibration/rep_vsf_GKJDidL/image_01.jpg,13.760837451950342,11,round,1,0.5532,0,5,,0.6908,2.8431,0.3103,NO_ISSUE,
rep_vsf_GKJDidL,rep_vsf_GKJDidL,rep,rep_labelled,calibration,VSF,rep/calibration/rep_vsf_GKJDidL/image_01.jpg,13.760837451950342,6,,0,,,,,,,,,
rep_vsf_GKJDidL,rep_vsf_GKJDidL,rep,rep_labelled,calibration,VSF,rep/calibration/rep_vsf_GKJDidL/image_01.jpg,13.760837451950342,9,,0,,,,,,,,,
rep_vsf_GKJDidL,rep_vsf_GKJDidL,rep,rep_labelled,calibration,VSF,rep/calibration/rep_vsf_GKJDidL/image_01.jpg,13.760837451950342,12,triangle,1,0.8518,,,,,3.8096,0.1840,NO_ISSUE,21.2345
rep_vsf_HCz9EAj,rep_vsf_HCz9EAj,rep,rep_labelled,calibration,VSF,rep/calibration/rep_vsf_HCz9EAj/image_01.jpg,6.639655608291638,1,round,1,0.8325,1,6,2.3250,0.1968,1.1134,0.5969,NO_ISSUE,
rep_vsf_HCz9EAj,rep_vsf_HCz9EAj,rep,rep_labelled,calibration,VSF,rep/calibration/rep_vsf_HCz9EAj/image_01.jpg,6.639655608291638,2,round,1,0.8260,1,6,0.5676,0.1474,1.7130,0.6145,NO_ISSUE,
rep_vsf_HCz9EAj,rep_vsf_HCz9EAj,rep,rep_labelled,calibration,VSF,rep/calibration/rep_vsf_HCz9EAj/image_01.jpg,6.639655608291638,4,round,1,0.8691,1,6,4.4639,0.0788,1.6742,0.5813,NO_ISSUE,
rep_vsf_HCz9EAj,rep_vsf_HCz9EAj,rep,rep_labelled,calibration,VSF,rep/calibration/rep_vsf_HCz9EAj/image_01.jpg,6.639655608291638,5,round,1,0.8813,1,6,0.7304,0.1891,1.2384,0.5833,NO_ISSUE,
rep_vsf_HCz9EAj,rep_vsf_HCz9EAj,rep,rep_labelled,calibration,VSF,rep/calibration/rep_vsf_HCz9EAj/image_01.jpg,6.639655608291638,7,round,1,0.8346,1,6,2.4659,0.2622,-0.4444,0.5775,NO_ISSUE,
rep_vsf_HCz9EAj,rep_vsf_HCz9EAj,rep,rep_labelled,calibration,VSF,rep/calibration/rep_vsf_HCz9EAj/image_01.jpg,6.639655608291638,8,round,1,0.7697,1,6,1.3770,0.2083,-0.7249,0.6234,NO_ISSUE,
rep_vsf_HCz9EAj,rep_vsf_HCz9EAj,rep,rep_labelled,calibration,VSF,rep/calibration/rep_vsf_HCz9EAj/image_01.jpg,6.639655608291638,10,,0,,,,,,,,,
rep_vsf_HCz9EAj,rep_vsf_HCz9EAj,rep,rep_labelled,calibration,VSF,rep/calibration/rep_vsf_HCz9EAj/image_01.jpg,6.639655608291638,11,round,1,0.8261,1,6,2.9039,0.1096,0.7241,0.6529,NO_ISSUE,
rep_vsf_HCz9EAj,rep_vsf_HCz9EAj,rep,rep_labelled,calibration,VSF,rep/calibration/rep_vsf_HCz9EAj/image_01.jpg,6.639655608291638,6,baton,1,0.8745,,,,,0.1780,0.6097,NO_ISSUE,5.4525
rep_vsf_HCz9EAj,rep_vsf_HCz9EAj,rep,rep_labelled,calibration,VSF,rep/calibration/rep_vsf_HCz9EAj/image_01.jpg,6.639655608291638,9,baton,1,0.9045,,,,,-0.9376,0.6437,NO_ISSUE,6.0423
rep_vsf_HCz9EAj,rep_vsf_HCz9EAj,rep,rep_labelled,calibration,VSF,rep/calibration/rep_vsf_HCz9EAj/image_01.jpg,6.639655608291638,12,triangle,1,0.8952,,,,,0.9379,0.6235,NO_ISSUE,9.2998
rep_vsf_HCz9EAj,rep_vsf_HCz9EAj,rep,rep_labelled,calibration,VSF,rep/calibration/rep_vsf_HCz9EAj/image_02.jpg,4.073038860829673,1,,0,,,,,,,,,
rep_vsf_HCz9EAj,rep_vsf_HCz9EAj,rep,rep_labelled,calibration,VSF,rep/calibration/rep_vsf_HCz9EAj/image_02.jpg,4.073038860829673,2,,0,,,,,,,,,
rep_vsf_HCz9EAj,rep_vsf_HCz9EAj,rep,rep_labelled,calibration,VSF,rep/calibration/rep_vsf_HCz9EAj/image_02.jpg,4.073038860829673,4,,0,,,,,,,,,
rep_vsf_HCz9EAj,rep_vsf_HCz9EAj,rep,rep_labelled,calibration,VSF,rep/calibration/rep_vsf_HCz9EAj/image_02.jpg,4.073038860829673,5,,0,,,,,,,,,
rep_vsf_HCz9EAj,rep_vsf_HCz9EAj,rep,rep_labelled,calibration,VSF,rep/calibration/rep_vsf_HCz9EAj/image_02.jpg,4.073038860829673,7,,0,,,,,,,,,
rep_vsf_HCz9EAj,rep_vsf_HCz9EAj,rep,rep_labelled,calibration,VSF,rep/calibration/rep_vsf_HCz9EAj/image_02.jpg,4.073038860829673,8,,0,,,,,,,,,
rep_vsf_HCz9EAj,rep_vsf_HCz9EAj,rep,rep_labelled,calibration,VSF,rep/calibration/rep_vsf_HCz9EAj/image_02.jpg,4.073038860829673,10,,0,,,,,,,,,
rep_vsf_HCz9EAj,rep_vsf_HCz9EAj,rep,rep_labelled,calibration,VSF,rep/calibration/rep_vsf_HCz9EAj/image_02.jpg,4.073038860829673,11,,0,,,,,,,,,
rep_vsf_HCz9EAj,rep_vsf_HCz9EAj,rep,rep_labelled,calibration,VSF,rep/calibration/rep_vsf_HCz9EAj/image_02.jpg,4.073038860829673,6,baton,1,0.8730,,,,,-3.4788,0.5048,INSUFFICIENT_CONFIDENCE,
rep_vsf_HCz9EAj,rep_vsf_HCz9EAj,rep,rep_labelled,calibration,VSF,rep/calibration/rep_vsf_HCz9EAj/image_02.jpg,4.073038860829673,9,baton,1,0.8505,,,,,-3.0568,0.5872,INSUFFICIENT_CONFIDENCE,
rep_vsf_HCz9EAj,rep_vsf_HCz9EAj,rep,rep_labelled,calibration,VSF,rep/calibration/rep_vsf_HCz9EAj/image_02.jpg,4.073038860829673,12,,0,,,,,,,,,
rep_vsf_HCz9EAj,rep_vsf_HCz9EAj,rep,rep_labelled,calibration,VSF,rep/calibration/rep_vsf_HCz9EAj/image_07.jpg,3.9743620859786937,1,round,1,0.9084,1,7,2.5259,0.1617,0.3539,0.3356,NO_ISSUE,
rep_vsf_HCz9EAj,rep_vsf_HCz9EAj,rep,rep_labelled,calibration,VSF,rep/calibration/rep_vsf_HCz9EAj/image_07.jpg,3.9743620859786937,2,round,1,0.9271,1,7,0.6873,0.1970,0.1895,0.3624,NO_ISSUE,
rep_vsf_HCz9EAj,rep_vsf_HCz9EAj,rep,rep_labelled,calibration,VSF,rep/calibration/rep_vsf_HCz9EAj/image_07.jpg,3.9743620859786937,4,round,1,0.8606,1,7,4.7066,0.0745,0.2275,0.3203,NO_ISSUE,
rep_vsf_HCz9EAj,rep_vsf_HCz9EAj,rep,rep_labelled,calibration,VSF,rep/calibration/rep_vsf_HCz9EAj/image_07.jpg,3.9743620859786937,5,round,1,0.8136,1,7,0.6887,0.0478,0.2579,0.3563,NO_ISSUE,
rep_vsf_HCz9EAj,rep_vsf_HCz9EAj,rep,rep_labelled,calibration,VSF,rep/calibration/rep_vsf_HCz9EAj/image_07.jpg,3.9743620859786937,7,round,1,0.8138,1,7,1.9805,0.2663,0.3583,0.3605,NO_ISSUE,
rep_vsf_HCz9EAj,rep_vsf_HCz9EAj,rep,rep_labelled,calibration,VSF,rep/calibration/rep_vsf_HCz9EAj/image_07.jpg,3.9743620859786937,8,round,1,0.8527,1,7,3.5379,0.3006,0.4725,0.3547,NO_ISSUE,
rep_vsf_HCz9EAj,rep_vsf_HCz9EAj,rep,rep_labelled,calibration,VSF,rep/calibration/rep_vsf_HCz9EAj/image_07.jpg,3.9743620859786937,10,round,1,0.8946,1,7,9.1475,0.1916,0.3924,0.2984,CLEAR_ANOMALY,
rep_vsf_HCz9EAj,rep_vsf_HCz9EAj,rep,rep_labelled,calibration,VSF,rep/calibration/rep_vsf_HCz9EAj/image_07.jpg,3.9743620859786937,11,round,1,0.8910,1,7,3.0164,0.0678,0.6138,0.3522,NO_ISSUE,
rep_vsf_HCz9EAj,rep_vsf_HCz9EAj,rep,rep_labelled,calibration,VSF,rep/calibration/rep_vsf_HCz9EAj/image_07.jpg,3.9743620859786937,6,baton,1,0.9073,,,,,0.3560,0.3388,NO_ISSUE,9.6632
rep_vsf_HCz9EAj,rep_vsf_HCz9EAj,rep,rep_labelled,calibration,VSF,rep/calibration/rep_vsf_HCz9EAj/image_07.jpg,3.9743620859786937,9,baton,1,0.9582,,,,,0.7364,0.3185,NO_ISSUE,11.3052
rep_vsf_HCz9EAj,rep_vsf_HCz9EAj,rep,rep_labelled,calibration,VSF,rep/calibration/rep_vsf_HCz9EAj/image_07.jpg,3.9743620859786937,12,triangle,1,0.9780,,,,,0.5186,0.3822,NO_ISSUE,3.1117
rep_vsf_oVwWMrC,rep_vsf_oVwWMrC,rep,rep_labelled,calibration,VSF,rep/calibration/rep_vsf_oVwWMrC/image_00.jpg,9.401118513871301,1,round,1,0.9769,1,7,1.3243,0.2138,0.2050,0.3759,NO_ISSUE,
rep_vsf_oVwWMrC,rep_vsf_oVwWMrC,rep,rep_labelled,calibration,VSF,rep/calibration/rep_vsf_oVwWMrC/image_00.jpg,9.401118513871301,2,round,1,0.9283,1,7,2.7754,0.2735,0.2305,0.3505,NO_ISSUE,
rep_vsf_oVwWMrC,rep_vsf_oVwWMrC,rep,rep_labelled,calibration,VSF,rep/calibration/rep_vsf_oVwWMrC/image_00.jpg,9.401118513871301,4,round,1,0.8626,1,7,1.0365,0.1385,0.5878,0.3415,NO_ISSUE,
rep_vsf_oVwWMrC,rep_vsf_oVwWMrC,rep,rep_labelled,calibration,VSF,rep/calibration/rep_vsf_oVwWMrC/image_00.jpg,9.401118513871301,5,round,1,0.8219,1,7,3.3438,0.0209,0.7387,0.3290,NO_ISSUE,
rep_vsf_oVwWMrC,rep_vsf_oVwWMrC,rep,rep_labelled,calibration,VSF,rep/calibration/rep_vsf_oVwWMrC/image_00.jpg,9.401118513871301,7,round,1,0.9080,1,7,2.8219,0.3480,0.5701,0.3730,NO_ISSUE,
rep_vsf_oVwWMrC,rep_vsf_oVwWMrC,rep,rep_labelled,calibration,VSF,rep/calibration/rep_vsf_oVwWMrC/image_00.jpg,9.401118513871301,8,round,1,0.9679,1,7,2.3243,0.4128,-0.3137,0.3943,NO_ISSUE,
rep_vsf_oVwWMrC,rep_vsf_oVwWMrC,rep,rep_labelled,calibration,VSF,rep/calibration/rep_vsf_oVwWMrC/image_00.jpg,9.401118513871301,10,round,1,0.9542,1,7,2.9687,0.2614,-0.7602,0.4003,NO_ISSUE,
rep_vsf_oVwWMrC,rep_vsf_oVwWMrC,rep,rep_labelled,calibration,VSF,rep/calibration/rep_vsf_oVwWMrC/image_00.jpg,9.401118513871301,11,round,1,0.9580,1,7,2.4100,0.0906,-0.5529,0.4046,NO_ISSUE,
rep_vsf_oVwWMrC,rep_vsf_oVwWMrC,rep,rep_labelled,calibration,VSF,rep/calibration/rep_vsf_oVwWMrC/image_00.jpg,9.401118513871301,6,baton,1,0.9558,,,,,0.8580,0.4142,NO_ISSUE,2.6838
rep_vsf_oVwWMrC,rep_vsf_oVwWMrC,rep,rep_labelled,calibration,VSF,rep/calibration/rep_vsf_oVwWMrC/image_00.jpg,9.401118513871301,9,baton,1,0.9462,,,,,-0.5443,0.3791,NO_ISSUE,7.1683
rep_vsf_oVwWMrC,rep_vsf_oVwWMrC,rep,rep_labelled,calibration,VSF,rep/calibration/rep_vsf_oVwWMrC/image_00.jpg,9.401118513871301,12,,0,,,,,,,,,
rep_vsf_oVwWMrC,rep_vsf_oVwWMrC,rep,rep_labelled,calibration,VSF,rep/calibration/rep_vsf_oVwWMrC/image_01.jpg,8.876947273172693,1,round,1,0.9610,1,7,1.3792,0.1593,0.1963,0.3640,NO_ISSUE,
rep_vsf_oVwWMrC,rep_vsf_oVwWMrC,rep,rep_labelled,calibration,VSF,rep/calibration/rep_vsf_oVwWMrC/image_01.jpg,8.876947273172693,2,round,1,0.9239,1,7,1.9355,0.2432,0.2224,0.3510,NO_ISSUE,
rep_vsf_oVwWMrC,rep_vsf_oVwWMrC,rep,rep_labelled,calibration,VSF,rep/calibration/rep_vsf_oVwWMrC/image_01.jpg,8.876947273172693,4,round,1,0.8508,1,7,1.3065,0.1952,0.6351,0.3620,NO_ISSUE,
rep_vsf_oVwWMrC,rep_vsf_oVwWMrC,rep,rep_labelled,calibration,VSF,rep/calibration/rep_vsf_oVwWMrC/image_01.jpg,8.876947273172693,5,round,1,0.8179,1,7,2.5378,0.0775,0.7796,0.3366,NO_ISSUE,
rep_vsf_oVwWMrC,rep_vsf_oVwWMrC,rep,rep_labelled,calibration,VSF,rep/calibration/rep_vsf_oVwWMrC/image_01.jpg,8.876947273172693,7,round,1,0.8358,1,7,2.7131,0.2231,0.0569,0.3696,NO_ISSUE,
rep_vsf_oVwWMrC,rep_vsf_oVwWMrC,rep,rep_labelled,calibration,VSF,rep/calibration/rep_vsf_oVwWMrC/image_01.jpg,8.876947273172693,8,round,1,0.9623,1,7,2.5068,0.3144,-0.3795,0.3867,NO_ISSUE,
rep_vsf_oVwWMrC,rep_vsf_oVwWMrC,rep,rep_labelled,calibration,VSF,rep/calibration/rep_vsf_oVwWMrC/image_01.jpg,8.876947273172693,10,round,1,0.9517,1,7,3.6362,0.2531,-0.7564,0.3937,NO_ISSUE,
rep_vsf_oVwWMrC,rep_vsf_oVwWMrC,rep,rep_labelled,calibration,VSF,rep/calibration/rep_vsf_oVwWMrC/image_01.jpg,8.876947273172693,11,round,1,0.9551,1,7,0.5510,0.1236,-0.5105,0.3882,NO_ISSUE,
rep_vsf_oVwWMrC,rep_vsf_oVwWMrC,rep,rep_labelled,calibration,VSF,rep/calibration/rep_vsf_oVwWMrC/image_01.jpg,8.876947273172693,6,baton,1,0.9599,,,,,0.8460,0.4146,NO_ISSUE,2.3141
rep_vsf_oVwWMrC,rep_vsf_oVwWMrC,rep,rep_labelled,calibration,VSF,rep/calibration/rep_vsf_oVwWMrC/image_01.jpg,8.876947273172693,9,baton,1,0.9467,,,,,-0.6191,0.3854,NO_ISSUE,7.3674
rep_vsf_oVwWMrC,rep_vsf_oVwWMrC,rep,rep_labelled,calibration,VSF,rep/calibration/rep_vsf_oVwWMrC/image_01.jpg,8.876947273172693,12,triangle,1,0.9834,,,,,-0.1294,0.2804,POSSIBLE_ISSUE,9.6856
rep_vsf_KfRKFwA,rep_vsf_KfRKFwA,rep,rep_labelled,calibration,VSF,rep/calibration/rep_vsf_KfRKFwA/image_00.jpg,2.8113958257288134,1,round,1,0.9561,1,6,1.3723,0.1788,0.3534,0.4037,NO_ISSUE,
rep_vsf_KfRKFwA,rep_vsf_KfRKFwA,rep,rep_labelled,calibration,VSF,rep/calibration/rep_vsf_KfRKFwA/image_00.jpg,2.8113958257288134,2,round,1,0.9568,1,6,3.5201,0.1908,0.3165,0.3780,NO_ISSUE,
rep_vsf_KfRKFwA,rep_vsf_KfRKFwA,rep,rep_labelled,calibration,VSF,rep/calibration/rep_vsf_KfRKFwA/image_00.jpg,2.8113958257288134,4,,0,,,,,,,,,
rep_vsf_KfRKFwA,rep_vsf_KfRKFwA,rep,rep_labelled,calibration,VSF,rep/calibration/rep_vsf_KfRKFwA/image_00.jpg,2.8113958257288134,5,round,1,0.8324,1,6,2.7090,0.1468,0.3787,0.3810,NO_ISSUE,
rep_vsf_KfRKFwA,rep_vsf_KfRKFwA,rep,rep_labelled,calibration,VSF,rep/calibration/rep_vsf_KfRKFwA/image_00.jpg,2.8113958257288134,7,round,1,0.9560,1,6,1.0863,0.3331,-0.1337,0.4106,NO_ISSUE,
rep_vsf_KfRKFwA,rep_vsf_KfRKFwA,rep,rep_labelled,calibration,VSF,rep/calibration/rep_vsf_KfRKFwA/image_00.jpg,2.8113958257288134,8,round,1,0.8678,1,6,5.1398,0.3381,0.1254,0.3099,NO_ISSUE,
rep_vsf_KfRKFwA,rep_vsf_KfRKFwA,rep,rep_labelled,calibration,VSF,rep/calibration/rep_vsf_KfRKFwA/image_00.jpg,2.8113958257288134,10,round,1,0.8339,1,6,0.5123,0.1730,-0.1000,0.3581,NO_ISSUE,
rep_vsf_KfRKFwA,rep_vsf_KfRKFwA,rep,rep_labelled,calibration,VSF,rep/calibration/rep_vsf_KfRKFwA/image_00.jpg,2.8113958257288134,11,round,1,0.9009,1,6,7.6478,0.0289,-0.0565,0.2993,POSSIBLE_ISSUE,
rep_vsf_KfRKFwA,rep_vsf_KfRKFwA,rep,rep_labelled,calibration,VSF,rep/calibration/rep_vsf_KfRKFwA/image_00.jpg,2.8113958257288134,6,baton,1,0.8575,,,,,0.1361,0.3971,NO_ISSUE,7.3675
rep_vsf_KfRKFwA,rep_vsf_KfRKFwA,rep,rep_labelled,calibration,VSF,rep/calibration/rep_vsf_KfRKFwA/image_00.jpg,2.8113958257288134,9,baton,1,0.9229,,,,,-0.0646,0.4126,NO_ISSUE,7.6817
rep_vsf_KfRKFwA,rep_vsf_KfRKFwA,rep,rep_labelled,calibration,VSF,rep/calibration/rep_vsf_KfRKFwA/image_00.jpg,2.8113958257288134,12,triangle,1,0.9585,,,,,-0.5389,0.2438,POSSIBLE_ISSUE,20.4289
rep_vsf_KfRKFwA,rep_vsf_KfRKFwA,rep,rep_labelled,calibration,VSF,rep/calibration/rep_vsf_KfRKFwA/image_03.jpg,2.8273547115737965,1,round,1,0.9231,1,6,4.1589,0.8313,-0.0383,0.3566,NO_ISSUE,
rep_vsf_KfRKFwA,rep_vsf_KfRKFwA,rep,rep_labelled,calibration,VSF,rep/calibration/rep_vsf_KfRKFwA/image_03.jpg,2.8273547115737965,2,round,1,0.8907,1,6,3.3486,0.6625,-0.0124,0.3551,NO_ISSUE,
rep_vsf_KfRKFwA,rep_vsf_KfRKFwA,rep,rep_labelled,calibration,VSF,rep/calibration/rep_vsf_KfRKFwA/image_03.jpg,2.8273547115737965,4,,0,,,,,,,,,
rep_vsf_KfRKFwA,rep_vsf_KfRKFwA,rep,rep_labelled,calibration,VSF,rep/calibration/rep_vsf_KfRKFwA/image_03.jpg,2.8273547115737965,5,round,1,0.8269,1,6,6.7337,0.3026,0.3357,0.3592,POSSIBLE_ISSUE,
rep_vsf_KfRKFwA,rep_vsf_KfRKFwA,rep,rep_labelled,calibration,VSF,rep/calibration/rep_vsf_KfRKFwA/image_03.jpg,2.8273547115737965,7,round,1,0.9023,1,6,2.8036,0.4680,0.3455,0.4024,POSSIBLE_ISSUE,
rep_vsf_KfRKFwA,rep_vsf_KfRKFwA,rep,rep_labelled,calibration,VSF,rep/calibration/rep_vsf_KfRKFwA/image_03.jpg,2.8273547115737965,8,round,1,0.8801,1,6,4.6629,0.3093,0.3971,0.3588,NO_ISSUE,
rep_vsf_KfRKFwA,rep_vsf_KfRKFwA,rep,rep_labelled,calibration,VSF,rep/calibration/rep_vsf_KfRKFwA/image_03.jpg,2.8273547115737965,10,round,1,0.8779,1,6,2.0557,0.3358,0.3572,0.3616,NO_ISSUE,
rep_vsf_KfRKFwA,rep_vsf_KfRKFwA,rep,rep_labelled,calibration,VSF,rep/calibration/rep_vsf_KfRKFwA/image_03.jpg,2.8273547115737965,11,round,1,0.9608,1,6,2.7803,0.6236,-0.1915,0.3644,NO_ISSUE,
rep_vsf_KfRKFwA,rep_vsf_KfRKFwA,rep,rep_labelled,calibration,VSF,rep/calibration/rep_vsf_KfRKFwA/image_03.jpg,2.8273547115737965,6,baton,1,0.8456,,,,,-0.0523,0.3132,POSSIBLE_ISSUE,12.1903
rep_vsf_KfRKFwA,rep_vsf_KfRKFwA,rep,rep_labelled,calibration,VSF,rep/calibration/rep_vsf_KfRKFwA/image_03.jpg,2.8273547115737965,9,baton,1,0.8932,,,,,0.3774,0.3453,NO_ISSUE,8.2862
rep_vsf_KfRKFwA,rep_vsf_KfRKFwA,rep,rep_labelled,calibration,VSF,rep/calibration/rep_vsf_KfRKFwA/image_03.jpg,2.8273547115737965,12,triangle,1,0.9645,,,,,0.2487,0.3309,POSSIBLE_ISSUE,5.9887
rep_vsf_KfRKFwA,rep_vsf_KfRKFwA,rep,rep_labelled,calibration,VSF,rep/calibration/rep_vsf_KfRKFwA/image_08.jpg,5.385567141899849,1,,0,,,,,,,,,
rep_vsf_KfRKFwA,rep_vsf_KfRKFwA,rep,rep_labelled,calibration,VSF,rep/calibration/rep_vsf_KfRKFwA/image_08.jpg,5.385567141899849,2,,0,,,,,,,,,
rep_vsf_KfRKFwA,rep_vsf_KfRKFwA,rep,rep_labelled,calibration,VSF,rep/calibration/rep_vsf_KfRKFwA/image_08.jpg,5.385567141899849,4,,0,,,,,,,,,
rep_vsf_KfRKFwA,rep_vsf_KfRKFwA,rep,rep_labelled,calibration,VSF,rep/calibration/rep_vsf_KfRKFwA/image_08.jpg,5.385567141899849,5,,0,,,,,,,,,
rep_vsf_KfRKFwA,rep_vsf_KfRKFwA,rep,rep_labelled,calibration,VSF,rep/calibration/rep_vsf_KfRKFwA/image_08.jpg,5.385567141899849,7,,0,,,,,,,,,
rep_vsf_KfRKFwA,rep_vsf_KfRKFwA,rep,rep_labelled,calibration,VSF,rep/calibration/rep_vsf_KfRKFwA/image_08.jpg,5.385567141899849,8,,0,,,,,,,,,
rep_vsf_KfRKFwA,rep_vsf_KfRKFwA,rep,rep_labelled,calibration,VSF,rep/calibration/rep_vsf_KfRKFwA/image_08.jpg,5.385567141899849,10,round,1,0.4830,0,0,,,3.3441,0.3780,INSUFFICIENT_CONFIDENCE,
rep_vsf_KfRKFwA,rep_vsf_KfRKFwA,rep,rep_labelled,calibration,VSF,rep/calibration/rep_vsf_KfRKFwA/image_08.jpg,5.385567141899849,11,,0,,,,,,,,,
rep_vsf_KfRKFwA,rep_vsf_KfRKFwA,rep,rep_labelled,calibration,VSF,rep/calibration/rep_vsf_KfRKFwA/image_08.jpg,5.385567141899849,6,,0,,,,,,,,,
rep_vsf_KfRKFwA,rep_vsf_KfRKFwA,rep,rep_labelled,calibration,VSF,rep/calibration/rep_vsf_KfRKFwA/image_08.jpg,5.385567141899849,9,,0,,,,,,,,,
rep_vsf_KfRKFwA,rep_vsf_KfRKFwA,rep,rep_labelled,calibration,VSF,rep/calibration/rep_vsf_KfRKFwA/image_08.jpg,5.385567141899849,12,,0,,,,,,,,,
rep_cf_xK08a3L,rep_cf_xK08a3L,rep,rep_labelled,calibration,Clean,rep/calibration/rep_cf_xK08a3L/image_01.jpg,3.8948607669448703,1,round,1,0.8607,1,6,0.5525,0.0605,0.1879,0.3478,NO_ISSUE,
rep_cf_xK08a3L,rep_cf_xK08a3L,rep,rep_labelled,calibration,Clean,rep/calibration/rep_cf_xK08a3L/image_01.jpg,3.8948607669448703,2,round,1,0.8834,1,6,2.4377,0.0867,0.5199,0.3839,NO_ISSUE,
rep_cf_xK08a3L,rep_cf_xK08a3L,rep,rep_labelled,calibration,Clean,rep/calibration/rep_cf_xK08a3L/image_01.jpg,3.8948607669448703,4,round,1,0.8663,1,6,3.8332,0.1039,0.5880,0.3588,NO_ISSUE,
rep_cf_xK08a3L,rep_cf_xK08a3L,rep,rep_labelled,calibration,Clean,rep/calibration/rep_cf_xK08a3L/image_01.jpg,3.8948607669448703,5,round,1,0.9051,1,6,2.2299,0.0872,0.3531,0.3610,NO_ISSUE,
rep_cf_xK08a3L,rep_cf_xK08a3L,rep,rep_labelled,calibration,Clean,rep/calibration/rep_cf_xK08a3L/image_01.jpg,3.8948607669448703,7,round,1,0.8906,1,6,4.2233,0.0268,0.1424,0.3248,NO_ISSUE,
rep_cf_xK08a3L,rep_cf_xK08a3L,rep,rep_labelled,calibration,Clean,rep/calibration/rep_cf_xK08a3L/image_01.jpg,3.8948607669448703,8,,0,,,,,,,,,
rep_cf_xK08a3L,rep_cf_xK08a3L,rep,rep_labelled,calibration,Clean,rep/calibration/rep_cf_xK08a3L/image_01.jpg,3.8948607669448703,10,round,1,0.8474,1,6,1.9325,0.0137,0.0069,0.3609,NO_ISSUE,
rep_cf_xK08a3L,rep_cf_xK08a3L,rep,rep_labelled,calibration,Clean,rep/calibration/rep_cf_xK08a3L/image_01.jpg,3.8948607669448703,11,round,1,0.8442,1,6,0.5589,0.0031,-0.3047,0.3579,NO_ISSUE,
rep_cf_xK08a3L,rep_cf_xK08a3L,rep,rep_labelled,calibration,Clean,rep/calibration/rep_cf_xK08a3L/image_01.jpg,3.8948607669448703,6,baton,1,0.8401,,,,,0.4558,0.3706,NO_ISSUE,4.7269
rep_cf_xK08a3L,rep_cf_xK08a3L,rep,rep_labelled,calibration,Clean,rep/calibration/rep_cf_xK08a3L/image_01.jpg,3.8948607669448703,9,baton,1,0.9386,,,,,-0.6931,0.3404,NO_ISSUE,6.4322
rep_cf_xK08a3L,rep_cf_xK08a3L,rep,rep_labelled,calibration,Clean,rep/calibration/rep_cf_xK08a3L/image_01.jpg,3.8948607669448703,12,triangle,1,0.9021,,,,,0.5884,0.3121,POSSIBLE_ISSUE,4.0991
rep_cf_xK08a3L,rep_cf_xK08a3L,rep,rep_labelled,calibration,Clean,rep/calibration/rep_cf_xK08a3L/image_02.jpg,12.182459523324303,1,round,1,0.4957,1,6,21.0980,0.5250,2.9130,0.1789,NO_ISSUE,
rep_cf_xK08a3L,rep_cf_xK08a3L,rep,rep_labelled,calibration,Clean,rep/calibration/rep_cf_xK08a3L/image_02.jpg,12.182459523324303,2,round,1,0.4577,1,6,19.8051,0.5481,3.3506,0.2307,NO_ISSUE,
rep_cf_xK08a3L,rep_cf_xK08a3L,rep,rep_labelled,calibration,Clean,rep/calibration/rep_cf_xK08a3L/image_02.jpg,12.182459523324303,4,round,1,0.4384,1,6,20.1481,0.2408,3.5633,0.2958,NO_ISSUE,
rep_cf_xK08a3L,rep_cf_xK08a3L,rep,rep_labelled,calibration,Clean,rep/calibration/rep_cf_xK08a3L/image_02.jpg,12.182459523324303,5,,0,,,,,,,,,
rep_cf_xK08a3L,rep_cf_xK08a3L,rep,rep_labelled,calibration,Clean,rep/calibration/rep_cf_xK08a3L/image_02.jpg,12.182459523324303,7,round,1,0.4816,1,6,20.5486,0.3478,3.0247,0.3193,NO_ISSUE,
rep_cf_xK08a3L,rep_cf_xK08a3L,rep,rep_labelled,calibration,Clean,rep/calibration/rep_cf_xK08a3L/image_02.jpg,12.182459523324303,8,round,1,0.5787,1,6,6.9352,0.3246,2.0626,0.3456,CLEAR_ANOMALY,
rep_cf_xK08a3L,rep_cf_xK08a3L,rep,rep_labelled,calibration,Clean,rep/calibration/rep_cf_xK08a3L/image_02.jpg,12.182459523324303,10,round,1,0.5138,1,6,20.6905,0.0324,2.6356,0.1901,NO_ISSUE,
rep_cf_xK08a3L,rep_cf_xK08a3L,rep,rep_labelled,calibration,Clean,rep/calibration/rep_cf_xK08a3L/image_02.jpg,12.182459523324303,11,round,1,0.4962,1,6,19.8017,0.2356,2.8622,0.1789,NO_ISSUE,
rep_cf_xK08a3L,rep_cf_xK08a3L,rep,rep_labelled,calibration,Clean,rep/calibration/rep_cf_xK08a3L/image_02.jpg,12.182459523324303,6,baton,1,0.8392,,,,,4.6358,0.2091,POSSIBLE_ISSUE,20.8064
rep_cf_xK08a3L,rep_cf_xK08a3L,rep,rep_labelled,calibration,Clean,rep/calibration/rep_cf_xK08a3L/image_02.jpg,12.182459523324303,9,baton,1,0.9424,,,,,3.8485,0.2815,NO_ISSUE,21.2953
rep_cf_xK08a3L,rep_cf_xK08a3L,rep,rep_labelled,calibration,Clean,rep/calibration/rep_cf_xK08a3L/image_02.jpg,12.182459523324303,12,triangle,1,0.9737,,,,,3.9596,0.1584,NO_ISSUE,23.5771
rep_cf_xK08a3L,rep_cf_xK08a3L,rep,rep_labelled,calibration,Clean,rep/calibration/rep_cf_xK08a3L/image_03.jpg,8.473108956849714,1,,0,,,,,,,,,
rep_cf_xK08a3L,rep_cf_xK08a3L,rep,rep_labelled,calibration,Clean,rep/calibration/rep_cf_xK08a3L/image_03.jpg,8.473108956849714,2,,0,,,,,,,,,
rep_cf_xK08a3L,rep_cf_xK08a3L,rep,rep_labelled,calibration,Clean,rep/calibration/rep_cf_xK08a3L/image_03.jpg,8.473108956849714,4,,0,,,,,,,,,
rep_cf_xK08a3L,rep_cf_xK08a3L,rep,rep_labelled,calibration,Clean,rep/calibration/rep_cf_xK08a3L/image_03.jpg,8.473108956849714,5,round,1,0.7034,0,1,,,0.0280,0.3170,NO_ISSUE,
rep_cf_xK08a3L,rep_cf_xK08a3L,rep,rep_labelled,calibration,Clean,rep/calibration/rep_cf_xK08a3L/image_03.jpg,8.473108956849714,7,,0,,,,,,,,,
rep_cf_xK08a3L,rep_cf_xK08a3L,rep,rep_labelled,calibration,Clean,rep/calibration/rep_cf_xK08a3L/image_03.jpg,8.473108956849714,8,round,1,0.7452,0,1,,,-0.0830,0.3192,NO_ISSUE,
rep_cf_xK08a3L,rep_cf_xK08a3L,rep,rep_labelled,calibration,Clean,rep/calibration/rep_cf_xK08a3L/image_03.jpg,8.473108956849714,10,,0,,,,,,,,,
rep_cf_xK08a3L,rep_cf_xK08a3L,rep,rep_labelled,calibration,Clean,rep/calibration/rep_cf_xK08a3L/image_03.jpg,8.473108956849714,11,,0,,,,,,,,,
rep_cf_xK08a3L,rep_cf_xK08a3L,rep,rep_labelled,calibration,Clean,rep/calibration/rep_cf_xK08a3L/image_03.jpg,8.473108956849714,6,baton,1,0.8538,,,,,-2.7845,0.5818,CLEAR_ANOMALY,
rep_cf_xK08a3L,rep_cf_xK08a3L,rep,rep_labelled,calibration,Clean,rep/calibration/rep_cf_xK08a3L/image_03.jpg,8.473108956849714,9,baton,1,0.8578,,,,,-3.3359,0.6831,CLEAR_ANOMALY,
rep_cf_xK08a3L,rep_cf_xK08a3L,rep,rep_labelled,calibration,Clean,rep/calibration/rep_cf_xK08a3L/image_03.jpg,8.473108956849714,12,,0,,,,,,,,,
rep_cf_6I00d8w,rep_cf_6I00d8w,rep,rep_labelled,calibration,Clean,rep/calibration/rep_cf_6I00d8w/image_00.jpg,4.189183161115509,1,round,1,0.9460,1,7,0.8803,0.3111,0.6105,0.4336,NO_ISSUE,
rep_cf_6I00d8w,rep_cf_6I00d8w,rep,rep_labelled,calibration,Clean,rep/calibration/rep_cf_6I00d8w/image_00.jpg,4.189183161115509,2,round,1,0.9192,1,7,1.7090,0.0304,0.2933,0.4261,NO_ISSUE,
rep_cf_6I00d8w,rep_cf_6I00d8w,rep,rep_labelled,calibration,Clean,rep/calibration/rep_cf_6I00d8w/image_00.jpg,4.189183161115509,4,round,1,0.9587,1,7,1.6967,0.6594,0.1367,0.3850,NO_ISSUE,
rep_cf_6I00d8w,rep_cf_6I00d8w,rep,rep_labelled,calibration,Clean,rep/calibration/rep_cf_6I00d8w/image_00.jpg,4.189183161115509,5,round,1,0.7456,1,7,5.1380,0.8948,1.5842,0.3011,CLEAR_ANOMALY,
rep_cf_6I00d8w,rep_cf_6I00d8w,rep,rep_labelled,calibration,Clean,rep/calibration/rep_cf_6I00d8w/image_00.jpg,4.189183161115509,7,round,1,0.8781,1,7,2.4427,0.9247,-0.6790,0.4025,NO_ISSUE,
rep_cf_6I00d8w,rep_cf_6I00d8w,rep,rep_labelled,calibration,Clean,rep/calibration/rep_cf_6I00d8w/image_00.jpg,4.189183161115509,8,round,1,0.9221,1,7,2.9684,0.6241,-0.5192,0.3671,NO_ISSUE,
rep_cf_6I00d8w,rep_cf_6I00d8w,rep,rep_labelled,calibration,Clean,rep/calibration/rep_cf_6I00d8w/image_00.jpg,4.189183161115509,10,round,1,0.9489,1,7,0.8893,0.1045,-0.6291,0.4204,NO_ISSUE,
rep_cf_6I00d8w,rep_cf_6I00d8w,rep,rep_labelled,calibration,Clean,rep/calibration/rep_cf_6I00d8w/image_00.jpg,4.189183161115509,11,round,1,0.9512,1,7,1.0793,0.3612,-0.3138,0.4341,NO_ISSUE,
rep_cf_6I00d8w,rep_cf_6I00d8w,rep,rep_labelled,calibration,Clean,rep/calibration/rep_cf_6I00d8w/image_00.jpg,4.189183161115509,6,baton,1,0.9296,,,,,-0.2798,0.3540,NO_ISSUE,5.4141
rep_cf_6I00d8w,rep_cf_6I00d8w,rep,rep_labelled,calibration,Clean,rep/calibration/rep_cf_6I00d8w/image_00.jpg,4.189183161115509,9,baton,1,0.9439,,,,,-0.5703,0.3849,NO_ISSUE,6.5108
rep_cf_6I00d8w,rep_cf_6I00d8w,rep,rep_labelled,calibration,Clean,rep/calibration/rep_cf_6I00d8w/image_00.jpg,4.189183161115509,12,triangle,1,0.9662,,,,,0.2283,0.3185,NO_ISSUE,16.8820
rep_cf_6I00d8w,rep_cf_6I00d8w,rep,rep_labelled,calibration,Clean,rep/calibration/rep_cf_6I00d8w/image_01.jpg,5.7247780587732375,1,,0,,,,,,,,,
rep_cf_6I00d8w,rep_cf_6I00d8w,rep,rep_labelled,calibration,Clean,rep/calibration/rep_cf_6I00d8w/image_01.jpg,5.7247780587732375,2,round,1,0.9668,1,6,4.4251,0.2978,0.0951,0.3968,NO_ISSUE,
rep_cf_6I00d8w,rep_cf_6I00d8w,rep,rep_labelled,calibration,Clean,rep/calibration/rep_cf_6I00d8w/image_01.jpg,5.7247780587732375,4,round,1,0.9700,1,6,2.3265,0.6015,0.2145,0.3526,NO_ISSUE,
rep_cf_6I00d8w,rep_cf_6I00d8w,rep,rep_labelled,calibration,Clean,rep/calibration/rep_cf_6I00d8w/image_01.jpg,5.7247780587732375,5,round,1,0.7393,1,6,5.4979,0.5392,1.7174,0.2489,CLEAR_ANOMALY,
rep_cf_6I00d8w,rep_cf_6I00d8w,rep,rep_labelled,calibration,Clean,rep/calibration/rep_cf_6I00d8w/image_01.jpg,5.7247780587732375,7,round,1,0.8656,1,6,3.0110,0.0704,-0.8776,0.3362,NO_ISSUE,
rep_cf_6I00d8w,rep_cf_6I00d8w,rep,rep_labelled,calibration,Clean,rep/calibration/rep_cf_6I00d8w/image_01.jpg,5.7247780587732375,8,round,1,0.9438,1,6,3.0170,0.2428,-0.7843,0.3632,NO_ISSUE,
rep_cf_6I00d8w,rep_cf_6I00d8w,rep,rep_labelled,calibration,Clean,rep/calibration/rep_cf_6I00d8w/image_01.jpg,5.7247780587732375,10,round,1,0.9278,1,6,3.4751,0.5670,-0.9972,0.3817,NO_ISSUE,
rep_cf_6I00d8w,rep_cf_6I00d8w,rep,rep_labelled,calibration,Clean,rep/calibration/rep_cf_6I00d8w/image_01.jpg,5.7247780587732375,11,round,1,0.9394,1,6,2.6688,0.5099,-0.8036,0.6735,POSSIBLE_ISSUE,
rep_cf_6I00d8w,rep_cf_6I00d8w,rep,rep_labelled,calibration,Clean,rep/calibration/rep_cf_6I00d8w/image_01.jpg,5.7247780587732375,6,baton,1,0.9542,,,,,-0.2908,0.3641,NO_ISSUE,5.0445
rep_cf_6I00d8w,rep_cf_6I00d8w,rep,rep_labelled,calibration,Clean,rep/calibration/rep_cf_6I00d8w/image_01.jpg,5.7247780587732375,9,baton,1,0.9371,,,,,-1.1245,0.3559,NO_ISSUE,5.7679
rep_cf_6I00d8w,rep_cf_6I00d8w,rep,rep_labelled,calibration,Clean,rep/calibration/rep_cf_6I00d8w/image_01.jpg,5.7247780587732375,12,triangle,1,0.9715,,,,,-0.2861,0.4273,NO_ISSUE,15.8649
rep_cf_6I00d8w,rep_cf_6I00d8w,rep,rep_labelled,calibration,Clean,rep/calibration/rep_cf_6I00d8w/image_02.jpg,6.091612223674417,1,round,1,0.9036,1,7,1.4394,0.0541,-0.5372,0.2936,POSSIBLE_ISSUE,
rep_cf_6I00d8w,rep_cf_6I00d8w,rep,rep_labelled,calibration,Clean,rep/calibration/rep_cf_6I00d8w/image_02.jpg,6.091612223674417,2,round,1,0.9669,1,7,1.0315,0.1709,-0.3426,0.4025,NO_ISSUE,
rep_cf_6I00d8w,rep_cf_6I00d8w,rep,rep_labelled,calibration,Clean,rep/calibration/rep_cf_6I00d8w/image_02.jpg,6.091612223674417,4,round,1,0.9118,1,7,0.8878,0.3432,0.0128,0.3882,NO_ISSUE,
rep_cf_6I00d8w,rep_cf_6I00d8w,rep,rep_labelled,calibration,Clean,rep/calibration/rep_cf_6I00d8w/image_02.jpg,6.091612223674417,5,round,1,0.6908,1,7,6.6908,0.2569,2.1017,0.2633,CLEAR_ANOMALY,
rep_cf_6I00d8w,rep_cf_6I00d8w,rep,rep_labelled,calibration,Clean,rep/calibration/rep_cf_6I00d8w/image_02.jpg,6.091612223674417,7,round,1,0.4059,1,7,0.5741,0.1540,1.7584,0.3656,POSSIBLE_ISSUE,
rep_cf_6I00d8w,rep_cf_6I00d8w,rep,rep_labelled,calibration,Clean,rep/calibration/rep_cf_6I00d8w/image_02.jpg,6.091612223674417,8,round,1,0.9568,1,7,1.0286,0.3914,-0.0814,0.3818,NO_ISSUE,
rep_cf_6I00d8w,rep_cf_6I00d8w,rep,rep_labelled,calibration,Clean,rep/calibration/rep_cf_6I00d8w/image_02.jpg,6.091612223674417,10,round,1,0.9367,1,7,2.6504,0.5760,-0.8499,0.3758,POSSIBLE_ISSUE,
rep_cf_6I00d8w,rep_cf_6I00d8w,rep,rep_labelled,calibration,Clean,rep/calibration/rep_cf_6I00d8w/image_02.jpg,6.091612223674417,11,round,1,0.9347,1,7,1.5691,0.4919,-0.8457,0.2964,POSSIBLE_ISSUE,
rep_cf_6I00d8w,rep_cf_6I00d8w,rep,rep_labelled,calibration,Clean,rep/calibration/rep_cf_6I00d8w/image_02.jpg,6.091612223674417,6,baton,1,0.9352,,,,,0.4859,0.3730,NO_ISSUE,4.8632
rep_cf_6I00d8w,rep_cf_6I00d8w,rep,rep_labelled,calibration,Clean,rep/calibration/rep_cf_6I00d8w/image_02.jpg,6.091612223674417,9,baton,1,0.9563,,,,,-0.4476,0.3260,POSSIBLE_ISSUE,8.0683
rep_cf_6I00d8w,rep_cf_6I00d8w,rep,rep_labelled,calibration,Clean,rep/calibration/rep_cf_6I00d8w/image_02.jpg,6.091612223674417,12,triangle,1,0.9604,,,,,-0.7800,0.3849,NO_ISSUE,4.8343
rep_cf_6I00d8w,rep_cf_6I00d8w,rep,rep_labelled,calibration,Clean,rep/calibration/rep_cf_6I00d8w/image_03.jpg,12.375454348539714,1,round,1,0.8417,0,5,,0.3548,-0.9655,0.3732,NO_ISSUE,
rep_cf_6I00d8w,rep_cf_6I00d8w,rep,rep_labelled,calibration,Clean,rep/calibration/rep_cf_6I00d8w/image_03.jpg,12.375454348539714,2,,0,,,,,,,,,
rep_cf_6I00d8w,rep_cf_6I00d8w,rep,rep_labelled,calibration,Clean,rep/calibration/rep_cf_6I00d8w/image_03.jpg,12.375454348539714,4,,0,,,,,,,,,
rep_cf_6I00d8w,rep_cf_6I00d8w,rep,rep_labelled,calibration,Clean,rep/calibration/rep_cf_6I00d8w/image_03.jpg,12.375454348539714,5,round,1,0.5121,0,5,,0.3068,0.2613,0.3052,NO_ISSUE,
rep_cf_6I00d8w,rep_cf_6I00d8w,rep,rep_labelled,calibration,Clean,rep/calibration/rep_cf_6I00d8w/image_03.jpg,12.375454348539714,7,round,1,0.8913,0,5,,1.0255,-0.3333,0.3953,NO_ISSUE,
rep_cf_6I00d8w,rep_cf_6I00d8w,rep,rep_labelled,calibration,Clean,rep/calibration/rep_cf_6I00d8w/image_03.jpg,12.375454348539714,8,round,1,0.5065,0,5,,1.2865,0.3837,0.2243,POSSIBLE_ISSUE,
rep_cf_6I00d8w,rep_cf_6I00d8w,rep,rep_labelled,calibration,Clean,rep/calibration/rep_cf_6I00d8w/image_03.jpg,12.375454348539714,10,round,1,0.8695,0,5,,1.6428,-0.0137,0.3310,NO_ISSUE,
rep_cf_6I00d8w,rep_cf_6I00d8w,rep,rep_labelled,calibration,Clean,rep/calibration/rep_cf_6I00d8w/image_03.jpg,12.375454348539714,11,round,1,0.5827,0,5,,1.3152,-0.1847,0.3490,NO_ISSUE,
rep_cf_6I00d8w,rep_cf_6I00d8w,rep,rep_labelled,calibration,Clean,rep/calibration/rep_cf_6I00d8w/image_03.jpg,12.375454348539714,6,,0,,,,,,,,,
rep_cf_6I00d8w,rep_cf_6I00d8w,rep,rep_labelled,calibration,Clean,rep/calibration/rep_cf_6I00d8w/image_03.jpg,12.375454348539714,9,,0,,,,,,,,,
rep_cf_6I00d8w,rep_cf_6I00d8w,rep,rep_labelled,calibration,Clean,rep/calibration/rep_cf_6I00d8w/image_03.jpg,12.375454348539714,12,triangle,1,0.8348,,,,,-1.4306,0.3411,POSSIBLE_ISSUE,7.1795
rep_cf_sx6zSKZ,rep_cf_sx6zSKZ,rep,rep_labelled,calibration,Clean,rep/calibration/rep_cf_sx6zSKZ/image_01.jpg,8.582326456116409,1,,0,,,,,,,,,
rep_cf_sx6zSKZ,rep_cf_sx6zSKZ,rep,rep_labelled,calibration,Clean,rep/calibration/rep_cf_sx6zSKZ/image_01.jpg,8.582326456116409,2,round,1,0.6361,0,3,,,-1.4226,0.4634,POSSIBLE_ISSUE,
rep_cf_sx6zSKZ,rep_cf_sx6zSKZ,rep,rep_labelled,calibration,Clean,rep/calibration/rep_cf_sx6zSKZ/image_01.jpg,8.582326456116409,4,,0,,,,,,,,,
rep_cf_sx6zSKZ,rep_cf_sx6zSKZ,rep,rep_labelled,calibration,Clean,rep/calibration/rep_cf_sx6zSKZ/image_01.jpg,8.582326456116409,5,round,1,0.4496,0,3,,,-4.0483,0.2291,POSSIBLE_ISSUE,
rep_cf_sx6zSKZ,rep_cf_sx6zSKZ,rep,rep_labelled,calibration,Clean,rep/calibration/rep_cf_sx6zSKZ/image_01.jpg,8.582326456116409,7,,0,,,,,,,,,
rep_cf_sx6zSKZ,rep_cf_sx6zSKZ,rep,rep_labelled,calibration,Clean,rep/calibration/rep_cf_sx6zSKZ/image_01.jpg,8.582326456116409,8,,0,,,,,,,,,
rep_cf_sx6zSKZ,rep_cf_sx6zSKZ,rep,rep_labelled,calibration,Clean,rep/calibration/rep_cf_sx6zSKZ/image_01.jpg,8.582326456116409,10,round,1,0.7910,0,3,,,-2.0625,0.4783,POSSIBLE_ISSUE,
rep_cf_sx6zSKZ,rep_cf_sx6zSKZ,rep,rep_labelled,calibration,Clean,rep/calibration/rep_cf_sx6zSKZ/image_01.jpg,8.582326456116409,11,round,1,0.5613,0,3,,,-2.4268,0.4348,NO_ISSUE,
rep_cf_sx6zSKZ,rep_cf_sx6zSKZ,rep,rep_labelled,calibration,Clean,rep/calibration/rep_cf_sx6zSKZ/image_01.jpg,8.582326456116409,6,baton,1,0.7822,,,,,-3.3738,0.2715,POSSIBLE_ISSUE,
rep_cf_sx6zSKZ,rep_cf_sx6zSKZ,rep,rep_labelled,calibration,Clean,rep/calibration/rep_cf_sx6zSKZ/image_01.jpg,8.582326456116409,9,,0,,,,,,,,,
rep_cf_sx6zSKZ,rep_cf_sx6zSKZ,rep,rep_labelled,calibration,Clean,rep/calibration/rep_cf_sx6zSKZ/image_01.jpg,8.582326456116409,12,triangle,1,0.7945,,,,,-3.7717,0.2784,NO_ISSUE,
rep_cf_bpdi5xV,rep_cf_bpdi5xV,rep,rep_labelled,calibration,Clean,rep/calibration/rep_cf_bpdi5xV/image_00.jpg,4.008311849056158,1,round,1,0.8829,1,7,4.7861,1.1118,0.1805,0.2963,POSSIBLE_ISSUE,
rep_cf_bpdi5xV,rep_cf_bpdi5xV,rep,rep_labelled,calibration,Clean,rep/calibration/rep_cf_bpdi5xV/image_00.jpg,4.008311849056158,2,round,1,0.8570,1,7,4.3263,0.8009,-0.2099,0.3067,NO_ISSUE,
rep_cf_bpdi5xV,rep_cf_bpdi5xV,rep,rep_labelled,calibration,Clean,rep/calibration/rep_cf_bpdi5xV/image_00.jpg,4.008311849056158,4,round,1,0.8792,1,7,2.6510,0.3647,-0.0840,0.3480,NO_ISSUE,
rep_cf_bpdi5xV,rep_cf_bpdi5xV,rep,rep_labelled,calibration,Clean,rep/calibration/rep_cf_bpdi5xV/image_00.jpg,4.008311849056158,5,round,1,0.8700,1,7,2.8965,0.3531,0.5922,0.3426,NO_ISSUE,
rep_cf_bpdi5xV,rep_cf_bpdi5xV,rep,rep_labelled,calibration,Clean,rep/calibration/rep_cf_bpdi5xV/image_00.jpg,4.008311849056158,7,round,1,0.8166,1,7,2.8067,0.7277,0.5827,0.3496,NO_ISSUE,
rep_cf_bpdi5xV,rep_cf_bpdi5xV,rep,rep_labelled,calibration,Clean,rep/calibration/rep_cf_bpdi5xV/image_00.jpg,4.008311849056158,8,round,1,0.8316,1,7,7.0090,1.0241,0.8178,0.3081,NO_ISSUE,
rep_cf_bpdi5xV,rep_cf_bpdi5xV,rep,rep_labelled,calibration,Clean,rep/calibration/rep_cf_bpdi5xV/image_00.jpg,4.008311849056158,10,round,1,0.9507,1,7,4.0174,1.4888,0.2965,0.3689,NO_ISSUE,
rep_cf_bpdi5xV,rep_cf_bpdi5xV,rep,rep_labelled,calibration,Clean,rep/calibration/rep_cf_bpdi5xV/image_00.jpg,4.008311849056158,11,round,1,0.8903,1,7,4.9047,1.4412,0.3991,0.3301,NO_ISSUE,
rep_cf_bpdi5xV,rep_cf_bpdi5xV,rep,rep_labelled,calibration,Clean,rep/calibration/rep_cf_bpdi5xV/image_00.jpg,4.008311849056158,6,baton,1,0.9415,,,,,0.7363,0.3530,NO_ISSUE,8.3165
rep_cf_bpdi5xV,rep_cf_bpdi5xV,rep,rep_labelled,calibration,Clean,rep/calibration/rep_cf_bpdi5xV/image_00.jpg,4.008311849056158,9,baton,1,0.8762,,,,,0.8755,0.3680,NO_ISSUE,6.6106
rep_cf_bpdi5xV,rep_cf_bpdi5xV,rep,rep_labelled,calibration,Clean,rep/calibration/rep_cf_bpdi5xV/image_00.jpg,4.008311849056158,12,triangle,1,0.9378,,,,,0.0815,0.3407,NO_ISSUE,3.2652
rep_cf_bpdi5xV,rep_cf_bpdi5xV,rep,rep_labelled,calibration,Clean,rep/calibration/rep_cf_bpdi5xV/image_06.jpg,10.110838567976801,1,round,1,0.8959,1,7,2.3855,0.5538,0.2894,0.3198,NO_ISSUE,
rep_cf_bpdi5xV,rep_cf_bpdi5xV,rep,rep_labelled,calibration,Clean,rep/calibration/rep_cf_bpdi5xV/image_06.jpg,10.110838567976801,2,round,1,0.8702,1,7,2.0628,0.5055,-0.1018,0.3087,NO_ISSUE,
rep_cf_bpdi5xV,rep_cf_bpdi5xV,rep,rep_labelled,calibration,Clean,rep/calibration/rep_cf_bpdi5xV/image_06.jpg,10.110838567976801,4,round,1,0.8821,1,7,1.8690,0.2904,-0.1538,0.3342,NO_ISSUE,
rep_cf_bpdi5xV,rep_cf_bpdi5xV,rep,rep_labelled,calibration,Clean,rep/calibration/rep_cf_bpdi5xV/image_06.jpg,10.110838567976801,5,round,1,0.8230,1,7,0.5041,0.1746,0.2119,0.3491,NO_ISSUE,
rep_cf_bpdi5xV,rep_cf_bpdi5xV,rep,rep_labelled,calibration,Clean,rep/calibration/rep_cf_bpdi5xV/image_06.jpg,10.110838567976801,7,round,1,0.7936,1,7,1.1900,0.0634,0.2321,0.3246,NO_ISSUE,
rep_cf_bpdi5xV,rep_cf_bpdi5xV,rep,rep_labelled,calibration,Clean,rep/calibration/rep_cf_bpdi5xV/image_06.jpg,10.110838567976801,8,round,1,0.8110,1,7,0.8109,0.0950,0.2284,0.3255,NO_ISSUE,
rep_cf_bpdi5xV,rep_cf_bpdi5xV,rep,rep_labelled,calibration,Clean,rep/calibration/rep_cf_bpdi5xV/image_06.jpg,10.110838567976801,10,round,1,0.9267,1,7,1.7977,0.3104,0.0037,0.3399,NO_ISSUE,
rep_cf_bpdi5xV,rep_cf_bpdi5xV,rep,rep_labelled,calibration,Clean,rep/calibration/rep_cf_bpdi5xV/image_06.jpg,10.110838567976801,11,round,1,0.8894,1,7,2.4600,0.4263,0.6518,0.3330,NO_ISSUE,
rep_cf_bpdi5xV,rep_cf_bpdi5xV,rep,rep_labelled,calibration,Clean,rep/calibration/rep_cf_bpdi5xV/image_06.jpg,10.110838567976801,6,baton,1,0.8956,,,,,0.2987,0.3508,NO_ISSUE,4.9011
rep_cf_bpdi5xV,rep_cf_bpdi5xV,rep,rep_labelled,calibration,Clean,rep/calibration/rep_cf_bpdi5xV/image_06.jpg,10.110838567976801,9,baton,1,0.8320,,,,,0.1401,0.3697,POSSIBLE_ISSUE,4.8619
rep_cf_bpdi5xV,rep_cf_bpdi5xV,rep,rep_labelled,calibration,Clean,rep/calibration/rep_cf_bpdi5xV/image_06.jpg,10.110838567976801,12,triangle,1,0.9447,,,,,0.6938,0.1632,POSSIBLE_ISSUE,13.8880
rep_cf_bpdi5xV,rep_cf_bpdi5xV,rep,rep_labelled,calibration,Clean,rep/calibration/rep_cf_bpdi5xV/image_08.jpg,5.024227618566932,1,round,1,0.5753,0,5,,1.1265,2.5811,0.3426,POSSIBLE_ISSUE,
rep_cf_bpdi5xV,rep_cf_bpdi5xV,rep,rep_labelled,calibration,Clean,rep/calibration/rep_cf_bpdi5xV/image_08.jpg,5.024227618566932,2,round,1,0.4543,0,5,,1.7133,2.8457,0.1636,NO_ISSUE,
rep_cf_bpdi5xV,rep_cf_bpdi5xV,rep,rep_labelled,calibration,Clean,rep/calibration/rep_cf_bpdi5xV/image_08.jpg,5.024227618566932,4,round,1,0.4861,0,5,,2.4131,1.7577,0.3582,POSSIBLE_ISSUE,
rep_cf_bpdi5xV,rep_cf_bpdi5xV,rep,rep_labelled,calibration,Clean,rep/calibration/rep_cf_bpdi5xV/image_08.jpg,5.024227618566932,5,round,1,0.4314,0,5,,1.8889,3.0581,0.1879,NO_ISSUE,
rep_cf_bpdi5xV,rep_cf_bpdi5xV,rep,rep_labelled,calibration,Clean,rep/calibration/rep_cf_bpdi5xV/image_08.jpg,5.024227618566932,7,round,1,0.4191,0,5,,0.6236,4.0225,0.1470,NO_ISSUE,
rep_cf_bpdi5xV,rep_cf_bpdi5xV,rep,rep_labelled,calibration,Clean,rep/calibration/rep_cf_bpdi5xV/image_08.jpg,5.024227618566932,8,,0,,,,,,,,,
rep_cf_bpdi5xV,rep_cf_bpdi5xV,rep,rep_labelled,calibration,Clean,rep/calibration/rep_cf_bpdi5xV/image_08.jpg,5.024227618566932,10,round,1,0.6673,0,5,,0.3183,0.6802,0.3304,POSSIBLE_ISSUE,
rep_cf_bpdi5xV,rep_cf_bpdi5xV,rep,rep_labelled,calibration,Clean,rep/calibration/rep_cf_bpdi5xV/image_08.jpg,5.024227618566932,11,,0,,,,,,,,,
rep_cf_bpdi5xV,rep_cf_bpdi5xV,rep,rep_labelled,calibration,Clean,rep/calibration/rep_cf_bpdi5xV/image_08.jpg,5.024227618566932,6,,0,,,,,,,,,
rep_cf_bpdi5xV,rep_cf_bpdi5xV,rep,rep_labelled,calibration,Clean,rep/calibration/rep_cf_bpdi5xV/image_08.jpg,5.024227618566932,9,,0,,,,,,,,,
rep_cf_bpdi5xV,rep_cf_bpdi5xV,rep,rep_labelled,calibration,Clean,rep/calibration/rep_cf_bpdi5xV/image_08.jpg,5.024227618566932,12,triangle,1,0.8385,,,,,4.1143,0.1420,NO_ISSUE,14.9592
rep_cf_bpdi5xV,rep_cf_bpdi5xV,rep,rep_labelled,calibration,Clean,rep/calibration/rep_cf_bpdi5xV/image_09.jpg,6.7883818716731446,1,round,1,0.8965,1,7,3.6147,1.0681,-0.0561,0.3523,NO_ISSUE,
rep_cf_bpdi5xV,rep_cf_bpdi5xV,rep,rep_labelled,calibration,Clean,rep/calibration/rep_cf_bpdi5xV/image_09.jpg,6.7883818716731446,2,round,1,0.8521,1,7,2.6542,0.8746,-0.1282,0.3359,NO_ISSUE,
rep_cf_bpdi5xV,rep_cf_bpdi5xV,rep,rep_labelled,calibration,Clean,rep/calibration/rep_cf_bpdi5xV/image_09.jpg,6.7883818716731446,4,round,1,0.8967,1,7,3.1386,0.7466,0.0466,0.3385,NO_ISSUE,
rep_cf_bpdi5xV,rep_cf_bpdi5xV,rep,rep_labelled,calibration,Clean,rep/calibration/rep_cf_bpdi5xV/image_09.jpg,6.7883818716731446,5,round,1,0.8628,1,7,4.2428,0.7774,0.2450,0.2839,NO_ISSUE,
rep_cf_bpdi5xV,rep_cf_bpdi5xV,rep,rep_labelled,calibration,Clean,rep/calibration/rep_cf_bpdi5xV/image_09.jpg,6.7883818716731446,7,round,1,0.7751,1,7,2.9246,1.0107,0.4499,0.3546,NO_ISSUE,
rep_cf_bpdi5xV,rep_cf_bpdi5xV,rep,rep_labelled,calibration,Clean,rep/calibration/rep_cf_bpdi5xV/image_09.jpg,6.7883818716731446,8,round,1,0.7645,1,7,3.7171,1.0736,0.8795,0.3162,NO_ISSUE,
rep_cf_bpdi5xV,rep_cf_bpdi5xV,rep,rep_labelled,calibration,Clean,rep/calibration/rep_cf_bpdi5xV/image_09.jpg,6.7883818716731446,10,round,1,0.9035,1,7,4.9262,1.2968,0.4277,0.3152,NO_ISSUE,
rep_cf_bpdi5xV,rep_cf_bpdi5xV,rep,rep_labelled,calibration,Clean,rep/calibration/rep_cf_bpdi5xV/image_09.jpg,6.7883818716731446,11,round,1,0.9116,1,7,3.8212,1.2508,0.1914,0.3101,NO_ISSUE,
rep_cf_bpdi5xV,rep_cf_bpdi5xV,rep,rep_labelled,calibration,Clean,rep/calibration/rep_cf_bpdi5xV/image_09.jpg,6.7883818716731446,6,baton,1,0.8697,,,,,0.2166,0.3137,NO_ISSUE,6.4863
rep_cf_bpdi5xV,rep_cf_bpdi5xV,rep,rep_labelled,calibration,Clean,rep/calibration/rep_cf_bpdi5xV/image_09.jpg,6.7883818716731446,9,baton,1,0.8956,,,,,1.4895,0.2917,POSSIBLE_ISSUE,9.5677
rep_cf_bpdi5xV,rep_cf_bpdi5xV,rep,rep_labelled,calibration,Clean,rep/calibration/rep_cf_bpdi5xV/image_09.jpg,6.7883818716731446,12,triangle,1,0.9321,,,,,-0.0780,0.1572,POSSIBLE_ISSUE,13.6708
rep_cf_QsJT2wk,rep_cf_QsJT2wk,rep,rep_labelled,calibration,Clean,rep/calibration/rep_cf_QsJT2wk/image_01.jpg,11.841418387512286,1,,0,,,,,,,,,
rep_cf_QsJT2wk,rep_cf_QsJT2wk,rep,rep_labelled,calibration,Clean,rep/calibration/rep_cf_QsJT2wk/image_01.jpg,11.841418387512286,2,,0,,,,,,,,,
rep_cf_QsJT2wk,rep_cf_QsJT2wk,rep,rep_labelled,calibration,Clean,rep/calibration/rep_cf_QsJT2wk/image_01.jpg,11.841418387512286,4,,0,,,,,,,,,
rep_cf_QsJT2wk,rep_cf_QsJT2wk,rep,rep_labelled,calibration,Clean,rep/calibration/rep_cf_QsJT2wk/image_01.jpg,11.841418387512286,5,round,1,0.7391,0,4,,0.0000,-0.1611,0.6436,NO_ISSUE,
rep_cf_QsJT2wk,rep_cf_QsJT2wk,rep,rep_labelled,calibration,Clean,rep/calibration/rep_cf_QsJT2wk/image_01.jpg,11.841418387512286,7,round,1,0.8415,0,4,,0.0000,-1.7378,0.6010,NO_ISSUE,
rep_cf_QsJT2wk,rep_cf_QsJT2wk,rep,rep_labelled,calibration,Clean,rep/calibration/rep_cf_QsJT2wk/image_01.jpg,11.841418387512286,8,round,1,0.6799,0,4,,0.0000,-2.4504,0.4195,POSSIBLE_ISSUE,
rep_cf_QsJT2wk,rep_cf_QsJT2wk,rep,rep_labelled,calibration,Clean,rep/calibration/rep_cf_QsJT2wk/image_01.jpg,11.841418387512286,10,round,1,0.6142,0,4,,0.0000,-2.9919,0.5516,NO_ISSUE,
rep_cf_QsJT2wk,rep_cf_QsJT2wk,rep,rep_labelled,calibration,Clean,rep/calibration/rep_cf_QsJT2wk/image_01.jpg,11.841418387512286,11,round,1,0.6967,0,4,,0.0000,-2.8762,0.5899,NO_ISSUE,
rep_cf_QsJT2wk,rep_cf_QsJT2wk,rep,rep_labelled,calibration,Clean,rep/calibration/rep_cf_QsJT2wk/image_01.jpg,11.841418387512286,6,baton,1,0.9369,,,,,-1.3338,0.5519,NO_ISSUE,7.7010
rep_cf_QsJT2wk,rep_cf_QsJT2wk,rep,rep_labelled,calibration,Clean,rep/calibration/rep_cf_QsJT2wk/image_01.jpg,11.841418387512286,9,baton,1,0.8319,,,,,-4.5580,0.5205,NO_ISSUE,13.2135
rep_cf_QsJT2wk,rep_cf_QsJT2wk,rep,rep_labelled,calibration,Clean,rep/calibration/rep_cf_QsJT2wk/image_01.jpg,11.841418387512286,12,,0,,,,,,,,,
rep_cf_QsJT2wk,rep_cf_QsJT2wk,rep,rep_labelled,calibration,Clean,rep/calibration/rep_cf_QsJT2wk/image_02.jpg,11.03322185456376,1,round,1,0.8938,1,7,2.9652,0.4981,-0.5570,0.4903,POSSIBLE_ISSUE,
rep_cf_QsJT2wk,rep_cf_QsJT2wk,rep,rep_labelled,calibration,Clean,rep/calibration/rep_cf_QsJT2wk/image_02.jpg,11.03322185456376,2,round,1,0.9139,1,7,5.2960,0.5332,-0.6996,0.3573,POSSIBLE_ISSUE,
rep_cf_QsJT2wk,rep_cf_QsJT2wk,rep,rep_labelled,calibration,Clean,rep/calibration/rep_cf_QsJT2wk/image_02.jpg,11.03322185456376,4,round,1,0.8787,1,7,0.8678,0.3225,-0.0058,0.4511,POSSIBLE_ISSUE,
rep_cf_QsJT2wk,rep_cf_QsJT2wk,rep,rep_labelled,calibration,Clean,rep/calibration/rep_cf_QsJT2wk/image_02.jpg,11.03322185456376,5,round,1,0.8420,1,7,0.9766,0.1627,0.6278,0.4102,NO_ISSUE,
rep_cf_QsJT2wk,rep_cf_QsJT2wk,rep,rep_labelled,calibration,Clean,rep/calibration/rep_cf_QsJT2wk/image_02.jpg,11.03322185456376,7,round,1,0.7604,1,7,2.4925,0.1043,0.8595,0.3374,NO_ISSUE,
rep_cf_QsJT2wk,rep_cf_QsJT2wk,rep,rep_labelled,calibration,Clean,rep/calibration/rep_cf_QsJT2wk/image_02.jpg,11.03322185456376,8,round,1,0.8314,1,7,2.0991,0.1355,0.5554,0.3372,NO_ISSUE,
rep_cf_QsJT2wk,rep_cf_QsJT2wk,rep,rep_labelled,calibration,Clean,rep/calibration/rep_cf_QsJT2wk/image_02.jpg,11.03322185456376,10,round,1,0.9275,1,7,1.4317,0.0397,0.2401,0.3798,NO_ISSUE,
rep_cf_QsJT2wk,rep_cf_QsJT2wk,rep,rep_labelled,calibration,Clean,rep/calibration/rep_cf_QsJT2wk/image_02.jpg,11.03322185456376,11,round,1,0.8739,1,7,1.0413,0.2115,0.5693,0.3855,NO_ISSUE,
rep_cf_QsJT2wk,rep_cf_QsJT2wk,rep,rep_labelled,calibration,Clean,rep/calibration/rep_cf_QsJT2wk/image_02.jpg,11.03322185456376,6,baton,1,0.8507,,,,,1.7135,0.3543,POSSIBLE_ISSUE,4.4402
rep_cf_QsJT2wk,rep_cf_QsJT2wk,rep,rep_labelled,calibration,Clean,rep/calibration/rep_cf_QsJT2wk/image_02.jpg,11.03322185456376,9,baton,1,0.7601,,,,,0.9564,0.3870,NO_ISSUE,3.4729
rep_cf_QsJT2wk,rep_cf_QsJT2wk,rep,rep_labelled,calibration,Clean,rep/calibration/rep_cf_QsJT2wk/image_02.jpg,11.03322185456376,12,triangle,1,0.9805,,,,,-0.3477,0.3627,NO_ISSUE,8.8240
rep_cf_QsJT2wk,rep_cf_QsJT2wk,rep,rep_labelled,calibration,Clean,rep/calibration/rep_cf_QsJT2wk/image_03.jpg,12.618340042428988,1,round,1,0.8558,1,7,2.8879,1.2454,0.1112,1.0496,POSSIBLE_ISSUE,
rep_cf_QsJT2wk,rep_cf_QsJT2wk,rep,rep_labelled,calibration,Clean,rep/calibration/rep_cf_QsJT2wk/image_03.jpg,12.618340042428988,2,round,1,0.9030,1,7,5.8866,0.2170,-0.3124,0.2597,NO_ISSUE,
rep_cf_QsJT2wk,rep_cf_QsJT2wk,rep,rep_labelled,calibration,Clean,rep/calibration/rep_cf_QsJT2wk/image_03.jpg,12.618340042428988,4,round,1,0.8822,1,7,1.5741,0.9337,-0.0538,0.4064,NO_ISSUE,
rep_cf_QsJT2wk,rep_cf_QsJT2wk,rep,rep_labelled,calibration,Clean,rep/calibration/rep_cf_QsJT2wk/image_03.jpg,12.618340042428988,5,round,1,0.8144,1,7,0.5949,0.6307,0.5306,0.3755,NO_ISSUE,
rep_cf_QsJT2wk,rep_cf_QsJT2wk,rep,rep_labelled,calibration,Clean,rep/calibration/rep_cf_QsJT2wk/image_03.jpg,12.618340042428988,7,round,1,0.7987,1,7,2.6356,0.8740,0.0384,0.3322,NO_ISSUE,
rep_cf_QsJT2wk,rep_cf_QsJT2wk,rep,rep_labelled,calibration,Clean,rep/calibration/rep_cf_QsJT2wk/image_03.jpg,12.618340042428988,8,round,1,0.8253,1,7,5.0319,1.7681,-0.0129,0.3786,NO_ISSUE,
rep_cf_QsJT2wk,rep_cf_QsJT2wk,rep,rep_labelled,calibration,Clean,rep/calibration/rep_cf_QsJT2wk/image_03.jpg,12.618340042428988,10,round,1,0.7027,1,7,11.3192,2.8234,0.8537,0.1129,CLEAR_ANOMALY,
rep_cf_QsJT2wk,rep_cf_QsJT2wk,rep,rep_labelled,calibration,Clean,rep/calibration/rep_cf_QsJT2wk/image_03.jpg,12.618340042428988,11,round,1,0.8713,1,7,8.3150,3.1902,0.4617,0.3263,NO_ISSUE,
rep_cf_QsJT2wk,rep_cf_QsJT2wk,rep,rep_labelled,calibration,Clean,rep/calibration/rep_cf_QsJT2wk/image_03.jpg,12.618340042428988,6,baton,1,0.8956,,,,,0.4425,0.3627,NO_ISSUE,3.2924
rep_cf_QsJT2wk,rep_cf_QsJT2wk,rep,rep_labelled,calibration,Clean,rep/calibration/rep_cf_QsJT2wk/image_03.jpg,12.618340042428988,9,baton,1,0.8003,,,,,-0.0416,0.3788,NO_ISSUE,3.2358
rep_cf_QsJT2wk,rep_cf_QsJT2wk,rep,rep_labelled,calibration,Clean,rep/calibration/rep_cf_QsJT2wk/image_03.jpg,12.618340042428988,12,triangle,1,0.9332,,,,,0.2737,0.9542,POSSIBLE_ISSUE,11.6327
rep_cf_QsJT2wk,rep_cf_QsJT2wk,rep,rep_labelled,calibration,Clean,rep/calibration/rep_cf_QsJT2wk/image_04.jpg,12.682462029296445,1,,0,,,,,,,,,
rep_cf_QsJT2wk,rep_cf_QsJT2wk,rep,rep_labelled,calibration,Clean,rep/calibration/rep_cf_QsJT2wk/image_04.jpg,12.682462029296445,2,,0,,,,,,,,,
rep_cf_QsJT2wk,rep_cf_QsJT2wk,rep,rep_labelled,calibration,Clean,rep/calibration/rep_cf_QsJT2wk/image_04.jpg,12.682462029296445,4,,0,,,,,,,,,
rep_cf_QsJT2wk,rep_cf_QsJT2wk,rep,rep_labelled,calibration,Clean,rep/calibration/rep_cf_QsJT2wk/image_04.jpg,12.682462029296445,5,,0,,,,,,,,,
rep_cf_QsJT2wk,rep_cf_QsJT2wk,rep,rep_labelled,calibration,Clean,rep/calibration/rep_cf_QsJT2wk/image_04.jpg,12.682462029296445,7,round,1,0.7037,0,1,,,1.2056,0.3125,INSUFFICIENT_CONFIDENCE,
rep_cf_QsJT2wk,rep_cf_QsJT2wk,rep,rep_labelled,calibration,Clean,rep/calibration/rep_cf_QsJT2wk/image_04.jpg,12.682462029296445,8,,0,,,,,,,,,
rep_cf_QsJT2wk,rep_cf_QsJT2wk,rep,rep_labelled,calibration,Clean,rep/calibration/rep_cf_QsJT2wk/image_04.jpg,12.682462029296445,10,round,1,0.5021,0,1,,,2.5026,0.1607,INSUFFICIENT_CONFIDENCE,
rep_cf_QsJT2wk,rep_cf_QsJT2wk,rep,rep_labelled,calibration,Clean,rep/calibration/rep_cf_QsJT2wk/image_04.jpg,12.682462029296445,11,,0,,,,,,,,,
rep_cf_QsJT2wk,rep_cf_QsJT2wk,rep,rep_labelled,calibration,Clean,rep/calibration/rep_cf_QsJT2wk/image_04.jpg,12.682462029296445,6,,0,,,,,,,,,
rep_cf_QsJT2wk,rep_cf_QsJT2wk,rep,rep_labelled,calibration,Clean,rep/calibration/rep_cf_QsJT2wk/image_04.jpg,12.682462029296445,9,,0,,,,,,,,,
rep_cf_QsJT2wk,rep_cf_QsJT2wk,rep,rep_labelled,calibration,Clean,rep/calibration/rep_cf_QsJT2wk/image_04.jpg,12.682462029296445,12,,0,,,,,,,,,
rep_cf_QsJT2wk,rep_cf_QsJT2wk,rep,rep_labelled,calibration,Clean,rep/calibration/rep_cf_QsJT2wk/image_06.jpg,45.71148495644719,1,round,1,0.6716,0,5,,1.2846,-0.0181,0.3165,NO_ISSUE,
rep_cf_QsJT2wk,rep_cf_QsJT2wk,rep,rep_labelled,calibration,Clean,rep/calibration/rep_cf_QsJT2wk/image_06.jpg,45.71148495644719,2,round,1,0.8138,0,5,,1.0300,-0.3542,0.2005,NO_ISSUE,
rep_cf_QsJT2wk,rep_cf_QsJT2wk,rep,rep_labelled,calibration,Clean,rep/calibration/rep_cf_QsJT2wk/image_06.jpg,45.71148495644719,4,,0,,,,,,,,,
rep_cf_QsJT2wk,rep_cf_QsJT2wk,rep,rep_labelled,calibration,Clean,rep/calibration/rep_cf_QsJT2wk/image_06.jpg,45.71148495644719,5,round,1,0.2841,0,5,,0.2152,-0.9656,0.1803,INSUFFICIENT_CONFIDENCE,
rep_cf_QsJT2wk,rep_cf_QsJT2wk,rep,rep_labelled,calibration,Clean,rep/calibration/rep_cf_QsJT2wk/image_06.jpg,45.71148495644719,7,,0,,,,,,,,,
rep_cf_QsJT2wk,rep_cf_QsJT2wk,rep,rep_labelled,calibration,Clean,rep/calibration/rep_cf_QsJT2wk/image_06.jpg,45.71148495644719,8,round,1,0.5556,0,5,,0.5042,2.0447,0.5889,CLEAR_ANOMALY,
rep_cf_QsJT2wk,rep_cf_QsJT2wk,rep,rep_labelled,calibration,Clean,rep/calibration/rep_cf_QsJT2wk/image_06.jpg,45.71148495644719,10,round,1,0.6465,0,5,,1.3803,0.2090,0.2929,NO_ISSUE,
rep_cf_QsJT2wk,rep_cf_QsJT2wk,rep,rep_labelled,calibration,Clean,rep/calibration/rep_cf_QsJT2wk/image_06.jpg,45.71148495644719,11,round,1,0.6486,0,5,,1.3439,0.0566,0.1173,NO_ISSUE,
rep_cf_QsJT2wk,rep_cf_QsJT2wk,rep,rep_labelled,calibration,Clean,rep/calibration/rep_cf_QsJT2wk/image_06.jpg,45.71148495644719,6,,0,,,,,,,,,
rep_cf_QsJT2wk,rep_cf_QsJT2wk,rep,rep_labelled,calibration,Clean,rep/calibration/rep_cf_QsJT2wk/image_06.jpg,45.71148495644719,9,,0,,,,,,,,,
rep_cf_QsJT2wk,rep_cf_QsJT2wk,rep,rep_labelled,calibration,Clean,rep/calibration/rep_cf_QsJT2wk/image_06.jpg,45.71148495644719,12,triangle,1,0.9523,,,,,0.0802,0.3285,NO_ISSUE,4.5324
rep_cf_f71234_Sw2D1Bt,rep_cf_f71234_Sw2D1Bt,rep,rep_labelled,calibration,Clean,rep/calibration/rep_cf_f71234_Sw2D1Bt/image_01.jpg,5.6154871834164215,1,round,1,0.8430,1,7,2.4121,0.7718,-0.3272,0.3403,NO_ISSUE,
rep_cf_f71234_Sw2D1Bt,rep_cf_f71234_Sw2D1Bt,rep,rep_labelled,calibration,Clean,rep/calibration/rep_cf_f71234_Sw2D1Bt/image_01.jpg,5.6154871834164215,2,round,1,0.8556,1,7,2.3533,1.1162,-0.3348,0.3596,NO_ISSUE,
rep_cf_f71234_Sw2D1Bt,rep_cf_f71234_Sw2D1Bt,rep,rep_labelled,calibration,Clean,rep/calibration/rep_cf_f71234_Sw2D1Bt/image_01.jpg,5.6154871834164215,4,round,1,0.8594,1,7,1.0528,0.3213,0.0862,0.3951,POSSIBLE_ISSUE,
rep_cf_f71234_Sw2D1Bt,rep_cf_f71234_Sw2D1Bt,rep,rep_labelled,calibration,Clean,rep/calibration/rep_cf_f71234_Sw2D1Bt/image_01.jpg,5.6154871834164215,5,round,1,0.8601,1,7,3.3281,1.5778,0.0566,0.3800,NO_ISSUE,
rep_cf_f71234_Sw2D1Bt,rep_cf_f71234_Sw2D1Bt,rep,rep_labelled,calibration,Clean,rep/calibration/rep_cf_f71234_Sw2D1Bt/image_01.jpg,5.6154871834164215,7,round,1,0.8648,1,7,10.3653,4.1955,0.0577,0.3539,POSSIBLE_ISSUE,
rep_cf_f71234_Sw2D1Bt,rep_cf_f71234_Sw2D1Bt,rep,rep_labelled,calibration,Clean,rep/calibration/rep_cf_f71234_Sw2D1Bt/image_01.jpg,5.6154871834164215,8,round,1,0.2707,1,7,14.5056,3.9146,2.2102,0.1668,INSUFFICIENT_CONFIDENCE,
rep_cf_f71234_Sw2D1Bt,rep_cf_f71234_Sw2D1Bt,rep,rep_labelled,calibration,Clean,rep/calibration/rep_cf_f71234_Sw2D1Bt/image_01.jpg,5.6154871834164215,10,round,1,0.8605,1,7,6.7224,2.3422,0.0015,0.3425,POSSIBLE_ISSUE,
rep_cf_f71234_Sw2D1Bt,rep_cf_f71234_Sw2D1Bt,rep,rep_labelled,calibration,Clean,rep/calibration/rep_cf_f71234_Sw2D1Bt/image_01.jpg,5.6154871834164215,11,round,1,0.8617,1,7,3.0953,1.1638,-0.1352,0.3551,NO_ISSUE,
rep_cf_f71234_Sw2D1Bt,rep_cf_f71234_Sw2D1Bt,rep,rep_labelled,calibration,Clean,rep/calibration/rep_cf_f71234_Sw2D1Bt/image_01.jpg,5.6154871834164215,6,baton,1,0.7404,,,,,-0.3415,0.3126,POSSIBLE_ISSUE,10.6639
rep_cf_f71234_Sw2D1Bt,rep_cf_f71234_Sw2D1Bt,rep,rep_labelled,calibration,Clean,rep/calibration/rep_cf_f71234_Sw2D1Bt/image_01.jpg,5.6154871834164215,9,baton,1,0.8762,,,,,-1.7125,0.3444,POSSIBLE_ISSUE,7.6561
rep_cf_f71234_Sw2D1Bt,rep_cf_f71234_Sw2D1Bt,rep,rep_labelled,calibration,Clean,rep/calibration/rep_cf_f71234_Sw2D1Bt/image_01.jpg,5.6154871834164215,12,triangle,1,0.8599,,,,,-0.0216,0.1648,POSSIBLE_ISSUE,16.7697
rep_cf_f71234_Sw2D1Bt,rep_cf_f71234_Sw2D1Bt,rep,rep_labelled,calibration,Clean,rep/calibration/rep_cf_f71234_Sw2D1Bt/image_02.jpg,6.220537725810149,1,round,1,0.8558,1,7,1.7625,0.8190,-0.2747,0.3664,NO_ISSUE,
rep_cf_f71234_Sw2D1Bt,rep_cf_f71234_Sw2D1Bt,rep,rep_labelled,calibration,Clean,rep/calibration/rep_cf_f71234_Sw2D1Bt/image_02.jpg,6.220537725810149,2,round,1,0.8524,1,7,3.7040,1.3722,-0.2659,0.3604,NO_ISSUE,
rep_cf_f71234_Sw2D1Bt,rep_cf_f71234_Sw2D1Bt,rep,rep_labelled,calibration,Clean,rep/calibration/rep_cf_f71234_Sw2D1Bt/image_02.jpg,6.220537725810149,4,round,1,0.8586,1,7,2.0699,0.3343,0.0542,0.3683,NO_ISSUE,
rep_cf_f71234_Sw2D1Bt,rep_cf_f71234_Sw2D1Bt,rep,rep_labelled,calibration,Clean,rep/calibration/rep_cf_f71234_Sw2D1Bt/image_02.jpg,6.220537725810149,5,round,1,0.8646,1,7,2.6270,0.8757,-0.0297,0.3479,NO_ISSUE,
rep_cf_f71234_Sw2D1Bt,rep_cf_f71234_Sw2D1Bt,rep,rep_labelled,calibration,Clean,rep/calibration/rep_cf_f71234_Sw2D1Bt/image_02.jpg,6.220537725810149,7,round,1,0.8710,1,7,8.7256,3.6411,-0.1347,0.3427,NO_ISSUE,
rep_cf_f71234_Sw2D1Bt,rep_cf_f71234_Sw2D1Bt,rep,rep_labelled,calibration,Clean,rep/calibration/rep_cf_f71234_Sw2D1Bt/image_02.jpg,6.220537725810149,8,round,1,0.3183,1,7,16.0763,3.6195,1.9324,0.1410,INSUFFICIENT_CONFIDENCE,
rep_cf_f71234_Sw2D1Bt,rep_cf_f71234_Sw2D1Bt,rep,rep_labelled,calibration,Clean,rep/calibration/rep_cf_f71234_Sw2D1Bt/image_02.jpg,6.220537725810149,10,round,1,0.8619,1,7,6.9169,2.4354,-0.0108,0.3518,NO_ISSUE,
rep_cf_f71234_Sw2D1Bt,rep_cf_f71234_Sw2D1Bt,rep,rep_labelled,calibration,Clean,rep/calibration/rep_cf_f71234_Sw2D1Bt/image_02.jpg,6.220537725810149,11,round,1,0.8685,1,7,4.0348,1.3283,-0.0975,0.3311,NO_ISSUE,
rep_cf_f71234_Sw2D1Bt,rep_cf_f71234_Sw2D1Bt,rep,rep_labelled,calibration,Clean,rep/calibration/rep_cf_f71234_Sw2D1Bt/image_02.jpg,6.220537725810149,6,baton,1,0.7384,,,,,-0.5223,0.3131,NO_ISSUE,9.5786
rep_cf_f71234_Sw2D1Bt,rep_cf_f71234_Sw2D1Bt,rep,rep_labelled,calibration,Clean,rep/calibration/rep_cf_f71234_Sw2D1Bt/image_02.jpg,6.220537725810149,9,baton,1,0.9103,,,,,2.0094,0.2820,POSSIBLE_ISSUE,10.5883
rep_cf_f71234_Sw2D1Bt,rep_cf_f71234_Sw2D1Bt,rep,rep_labelled,calibration,Clean,rep/calibration/rep_cf_f71234_Sw2D1Bt/image_02.jpg,6.220537725810149,12,triangle,1,0.8641,,,,,0.0655,0.2910,NO_ISSUE,6.8744
rep_arf_m304y61,rep_arf_m304y61,rep,rep_labelled,calibration,ARF,rep/calibration/rep_arf_m304y61/image_01.jpg,3.9127745498026263,1,round,1,0.9353,1,6,0.6147,0.2016,0.2168,0.4148,NO_ISSUE,
rep_arf_m304y61,rep_arf_m304y61,rep,rep_labelled,calibration,ARF,rep/calibration/rep_arf_m304y61/image_01.jpg,3.9127745498026263,2,round,1,0.9374,1,6,0.8993,0.1370,0.4068,0.4022,NO_ISSUE,
rep_arf_m304y61,rep_arf_m304y61,rep,rep_labelled,calibration,ARF,rep/calibration/rep_arf_m304y61/image_01.jpg,3.9127745498026263,4,round,1,0.9341,1,6,4.7559,1.0351,0.3918,0.3597,NO_ISSUE,
rep_arf_m304y61,rep_arf_m304y61,rep,rep_labelled,calibration,ARF,rep/calibration/rep_arf_m304y61/image_01.jpg,3.9127745498026263,5,round,1,0.8718,1,6,4.3880,1.3313,0.3825,0.3460,NO_ISSUE,
rep_arf_m304y61,rep_arf_m304y61,rep,rep_labelled,calibration,ARF,rep/calibration/rep_arf_m304y61/image_01.jpg,3.9127745498026263,7,round,1,0.9214,1,6,11.2424,1.2044,0.0678,0.2847,NO_ISSUE,
rep_arf_m304y61,rep_arf_m304y61,rep,rep_labelled,calibration,ARF,rep/calibration/rep_arf_m304y61/image_01.jpg,3.9127745498026263,8,round,1,0.8550,1,6,4.6489,0.8063,-0.1967,0.3566,NO_ISSUE,
rep_arf_m304y61,rep_arf_m304y61,rep,rep_labelled,calibration,ARF,rep/calibration/rep_arf_m304y61/image_01.jpg,3.9127745498026263,10,,0,,,,,,,,,
rep_arf_m304y61,rep_arf_m304y61,rep,rep_labelled,calibration,ARF,rep/calibration/rep_arf_m304y61/image_01.jpg,3.9127745498026263,11,round,1,0.9228,1,6,9.8970,0.2881,-0.3288,0.3147,NO_ISSUE,
rep_arf_m304y61,rep_arf_m304y61,rep,rep_labelled,calibration,ARF,rep/calibration/rep_arf_m304y61/image_01.jpg,3.9127745498026263,6,baton,1,0.9158,,,,,0.0694,0.3408,NO_ISSUE,10.6659
rep_arf_m304y61,rep_arf_m304y61,rep,rep_labelled,calibration,ARF,rep/calibration/rep_arf_m304y61/image_01.jpg,3.9127745498026263,9,baton,1,0.9163,,,,,-0.6600,0.3151,NO_ISSUE,12.6764
rep_arf_m304y61,rep_arf_m304y61,rep,rep_labelled,calibration,ARF,rep/calibration/rep_arf_m304y61/image_01.jpg,3.9127745498026263,12,triangle,1,0.9725,,,,,0.2866,0.3775,NO_ISSUE,4.4571
rep_cplus_wEYZOyK,rep_cplus_wEYZOyK,rep,rep_labelled,calibration,C+ Factory,rep/calibration/rep_cplus_wEYZOyK/image_00.jpg,6.207082200907819,1,round,1,0.7746,0,5,,0.0043,0.1609,0.5734,NO_ISSUE,
rep_cplus_wEYZOyK,rep_cplus_wEYZOyK,rep,rep_labelled,calibration,C+ Factory,rep/calibration/rep_cplus_wEYZOyK/image_00.jpg,6.207082200907819,2,,0,,,,,,,,,
rep_cplus_wEYZOyK,rep_cplus_wEYZOyK,rep,rep_labelled,calibration,C+ Factory,rep/calibration/rep_cplus_wEYZOyK/image_00.jpg,6.207082200907819,4,round,1,0.8196,0,5,,0.0025,2.0668,0.5554,NO_ISSUE,
rep_cplus_wEYZOyK,rep_cplus_wEYZOyK,rep,rep_labelled,calibration,C+ Factory,rep/calibration/rep_cplus_wEYZOyK/image_00.jpg,6.207082200907819,5,,0,,,,,,,,,
rep_cplus_wEYZOyK,rep_cplus_wEYZOyK,rep,rep_labelled,calibration,C+ Factory,rep/calibration/rep_cplus_wEYZOyK/image_00.jpg,6.207082200907819,7,round,1,0.7963,0,5,,0.0096,2.1205,0.5764,NO_ISSUE,
rep_cplus_wEYZOyK,rep_cplus_wEYZOyK,rep,rep_labelled,calibration,C+ Factory,rep/calibration/rep_cplus_wEYZOyK/image_00.jpg,6.207082200907819,8,round,1,0.8564,0,5,,0.0142,1.8082,0.5683,NO_ISSUE,
rep_cplus_wEYZOyK,rep_cplus_wEYZOyK,rep,rep_labelled,calibration,C+ Factory,rep/calibration/rep_cplus_wEYZOyK/image_00.jpg,6.207082200907819,10,round,1,0.8565,0,5,,0.0167,0.7819,0.6012,NO_ISSUE,
rep_cplus_wEYZOyK,rep_cplus_wEYZOyK,rep,rep_labelled,calibration,C+ Factory,rep/calibration/rep_cplus_wEYZOyK/image_00.jpg,6.207082200907819,11,round,1,0.8187,0,5,,0.0139,0.4216,0.6049,NO_ISSUE,
rep_cplus_wEYZOyK,rep_cplus_wEYZOyK,rep,rep_labelled,calibration,C+ Factory,rep/calibration/rep_cplus_wEYZOyK/image_00.jpg,6.207082200907819,6,baton,1,0.9232,,,,,3.2928,0.6106,NO_ISSUE,4.3363
rep_cplus_wEYZOyK,rep_cplus_wEYZOyK,rep,rep_labelled,calibration,C+ Factory,rep/calibration/rep_cplus_wEYZOyK/image_00.jpg,6.207082200907819,9,baton,1,0.9366,,,,,1.4141,0.5621,NO_ISSUE,5.9218
rep_cplus_wEYZOyK,rep_cplus_wEYZOyK,rep,rep_labelled,calibration,C+ Factory,rep/calibration/rep_cplus_wEYZOyK/image_00.jpg,6.207082200907819,12,triangle,1,0.8991,,,,,0.5717,0.6378,POSSIBLE_ISSUE,4.6300
rep_cplus_wEYZOyK,rep_cplus_wEYZOyK,rep,rep_labelled,calibration,C+ Factory,rep/calibration/rep_cplus_wEYZOyK/image_02.jpg,5.806008392913971,1,round,1,0.7752,0,5,,0.0253,0.0724,0.5978,NO_ISSUE,
rep_cplus_wEYZOyK,rep_cplus_wEYZOyK,rep,rep_labelled,calibration,C+ Factory,rep/calibration/rep_cplus_wEYZOyK/image_02.jpg,5.806008392913971,2,,0,,,,,,,,,
rep_cplus_wEYZOyK,rep_cplus_wEYZOyK,rep,rep_labelled,calibration,C+ Factory,rep/calibration/rep_cplus_wEYZOyK/image_02.jpg,5.806008392913971,4,round,1,0.8278,0,5,,0.0146,1.8841,0.5642,POSSIBLE_ISSUE,
rep_cplus_wEYZOyK,rep_cplus_wEYZOyK,rep,rep_labelled,calibration,C+ Factory,rep/calibration/rep_cplus_wEYZOyK/image_02.jpg,5.806008392913971,5,,0,,,,,,,,,
rep_cplus_wEYZOyK,rep_cplus_wEYZOyK,rep,rep_labelled,calibration,C+ Factory,rep/calibration/rep_cplus_wEYZOyK/image_02.jpg,5.806008392913971,7,round,1,0.8387,0,5,,0.0610,1.9908,0.5754,NO_ISSUE,
rep_cplus_wEYZOyK,rep_cplus_wEYZOyK,rep,rep_labelled,calibration,C+ Factory,rep/calibration/rep_cplus_wEYZOyK/image_02.jpg,5.806008392913971,8,round,1,0.8788,0,5,,0.0853,1.5967,0.5945,NO_ISSUE,
rep_cplus_wEYZOyK,rep_cplus_wEYZOyK,rep,rep_labelled,calibration,C+ Factory,rep/calibration/rep_cplus_wEYZOyK/image_02.jpg,5.806008392913971,10,round,1,0.8586,0,5,,0.0947,0.7345,0.6096,NO_ISSUE,
rep_cplus_wEYZOyK,rep_cplus_wEYZOyK,rep,rep_labelled,calibration,C+ Factory,rep/calibration/rep_cplus_wEYZOyK/image_02.jpg,5.806008392913971,11,round,1,0.8428,0,5,,0.0805,0.2483,0.6154,NO_ISSUE,
rep_cplus_wEYZOyK,rep_cplus_wEYZOyK,rep,rep_labelled,calibration,C+ Factory,rep/calibration/rep_cplus_wEYZOyK/image_02.jpg,5.806008392913971,6,baton,1,0.9181,,,,,2.6545,0.6280,NO_ISSUE,4.5397
rep_cplus_wEYZOyK,rep_cplus_wEYZOyK,rep,rep_labelled,calibration,C+ Factory,rep/calibration/rep_cplus_wEYZOyK/image_02.jpg,5.806008392913971,9,baton,1,0.9295,,,,,1.1798,0.5978,NO_ISSUE,5.4193
rep_cplus_wEYZOyK,rep_cplus_wEYZOyK,rep,rep_labelled,calibration,C+ Factory,rep/calibration/rep_cplus_wEYZOyK/image_02.jpg,5.806008392913971,12,triangle,1,0.9007,,,,,0.3712,0.6133,NO_ISSUE,12.7948
rep_cplus_wEYZOyK,rep_cplus_wEYZOyK,rep,rep_labelled,calibration,C+ Factory,rep/calibration/rep_cplus_wEYZOyK/image_03.jpg,6.516768126929766,1,round,1,0.8455,1,6,3.4395,0.2350,-1.4114,0.6071,POSSIBLE_ISSUE,
rep_cplus_wEYZOyK,rep_cplus_wEYZOyK,rep,rep_labelled,calibration,C+ Factory,rep/calibration/rep_cplus_wEYZOyK/image_03.jpg,6.516768126929766,2,round,1,0.8322,1,6,2.1445,0.2099,-0.7379,0.6192,NO_ISSUE,
rep_cplus_wEYZOyK,rep_cplus_wEYZOyK,rep,rep_labelled,calibration,C+ Factory,rep/calibration/rep_cplus_wEYZOyK/image_03.jpg,6.516768126929766,4,round,1,0.8324,1,6,3.1571,0.0754,0.5161,0.5827,NO_ISSUE,
rep_cplus_wEYZOyK,rep_cplus_wEYZOyK,rep,rep_labelled,calibration,C+ Factory,rep/calibration/rep_cplus_wEYZOyK/image_03.jpg,6.516768126929766,5,,0,,,,,,,,,
rep_cplus_wEYZOyK,rep_cplus_wEYZOyK,rep,rep_labelled,calibration,C+ Factory,rep/calibration/rep_cplus_wEYZOyK/image_03.jpg,6.516768126929766,7,round,1,0.7811,1,6,2.1607,0.0790,1.0167,0.5981,NO_ISSUE,
rep_cplus_wEYZOyK,rep_cplus_wEYZOyK,rep,rep_labelled,calibration,C+ Factory,rep/calibration/rep_cplus_wEYZOyK/image_03.jpg,6.516768126929766,8,round,1,0.8718,1,6,2.0647,0.0574,0.2786,0.6027,NO_ISSUE,
rep_cplus_wEYZOyK,rep_cplus_wEYZOyK,rep,rep_labelled,calibration,C+ Factory,rep/calibration/rep_cplus_wEYZOyK/image_03.jpg,6.516768126929766,10,round,1,0.8631,1,6,1.6735,0.0887,-0.8883,0.6618,POSSIBLE_ISSUE,
rep_cplus_wEYZOyK,rep_cplus_wEYZOyK,rep,rep_labelled,calibration,C+ Factory,rep/calibration/rep_cplus_wEYZOyK/image_03.jpg,6.516768126929766,11,round,1,0.8224,1,6,3.7919,0.1702,-1.1968,0.4623,CLEAR_ANOMALY,
rep_cplus_wEYZOyK,rep_cplus_wEYZOyK,rep,rep_labelled,calibration,C+ Factory,rep/calibration/rep_cplus_wEYZOyK/image_03.jpg,6.516768126929766,6,baton,1,0.9287,,,,,1.1568,0.5960,NO_ISSUE,3.9908
rep_cplus_wEYZOyK,rep_cplus_wEYZOyK,rep,rep_labelled,calibration,C+ Factory,rep/calibration/rep_cplus_wEYZOyK/image_03.jpg,6.516768126929766,9,baton,1,0.9150,,,,,-0.2755,0.4954,POSSIBLE_ISSUE,11.1002
rep_cplus_wEYZOyK,rep_cplus_wEYZOyK,rep,rep_labelled,calibration,C+ Factory,rep/calibration/rep_cplus_wEYZOyK/image_03.jpg,6.516768126929766,12,triangle,1,0.9009,,,,,-1.3997,0.5435,NO_ISSUE,14.8746
rep_cplus_wEYZOyK,rep_cplus_wEYZOyK,rep,rep_labelled,calibration,C+ Factory,rep/calibration/rep_cplus_wEYZOyK/image_04.jpg,6.213528455705312,1,,0,,,,,,,,,
rep_cplus_wEYZOyK,rep_cplus_wEYZOyK,rep,rep_labelled,calibration,C+ Factory,rep/calibration/rep_cplus_wEYZOyK/image_04.jpg,6.213528455705312,2,,0,,,,,,,,,
rep_cplus_wEYZOyK,rep_cplus_wEYZOyK,rep,rep_labelled,calibration,C+ Factory,rep/calibration/rep_cplus_wEYZOyK/image_04.jpg,6.213528455705312,4,,0,,,,,,,,,
rep_cplus_wEYZOyK,rep_cplus_wEYZOyK,rep,rep_labelled,calibration,C+ Factory,rep/calibration/rep_cplus_wEYZOyK/image_04.jpg,6.213528455705312,5,,0,,,,,,,,,
rep_cplus_wEYZOyK,rep_cplus_wEYZOyK,rep,rep_labelled,calibration,C+ Factory,rep/calibration/rep_cplus_wEYZOyK/image_04.jpg,6.213528455705312,7,,0,,,,,,,,,
rep_cplus_wEYZOyK,rep_cplus_wEYZOyK,rep,rep_labelled,calibration,C+ Factory,rep/calibration/rep_cplus_wEYZOyK/image_04.jpg,6.213528455705312,8,,0,,,,,,,,,
rep_cplus_wEYZOyK,rep_cplus_wEYZOyK,rep,rep_labelled,calibration,C+ Factory,rep/calibration/rep_cplus_wEYZOyK/image_04.jpg,6.213528455705312,10,,0,,,,,,,,,
rep_cplus_wEYZOyK,rep_cplus_wEYZOyK,rep,rep_labelled,calibration,C+ Factory,rep/calibration/rep_cplus_wEYZOyK/image_04.jpg,6.213528455705312,11,,0,,,,,,,,,
rep_cplus_wEYZOyK,rep_cplus_wEYZOyK,rep,rep_labelled,calibration,C+ Factory,rep/calibration/rep_cplus_wEYZOyK/image_04.jpg,6.213528455705312,6,,0,,,,,,,,,
rep_cplus_wEYZOyK,rep_cplus_wEYZOyK,rep,rep_labelled,calibration,C+ Factory,rep/calibration/rep_cplus_wEYZOyK/image_04.jpg,6.213528455705312,9,,0,,,,,,,,,
rep_cplus_wEYZOyK,rep_cplus_wEYZOyK,rep,rep_labelled,calibration,C+ Factory,rep/calibration/rep_cplus_wEYZOyK/image_04.jpg,6.213528455705312,12,,0,,,,,,,,,
rep_cplus_wEYZOyK,rep_cplus_wEYZOyK,rep,rep_labelled,calibration,C+ Factory,rep/calibration/rep_cplus_wEYZOyK/image_05.jpg,7.747133216785896,1,,0,,,,,,,,,
rep_cplus_wEYZOyK,rep_cplus_wEYZOyK,rep,rep_labelled,calibration,C+ Factory,rep/calibration/rep_cplus_wEYZOyK/image_05.jpg,7.747133216785896,2,,0,,,,,,,,,
rep_cplus_wEYZOyK,rep_cplus_wEYZOyK,rep,rep_labelled,calibration,C+ Factory,rep/calibration/rep_cplus_wEYZOyK/image_05.jpg,7.747133216785896,4,round,1,0.4834,0,0,,,-1.3014,0.3277,INSUFFICIENT_CONFIDENCE,
rep_cplus_wEYZOyK,rep_cplus_wEYZOyK,rep,rep_labelled,calibration,C+ Factory,rep/calibration/rep_cplus_wEYZOyK/image_05.jpg,7.747133216785896,5,,0,,,,,,,,,
rep_cplus_wEYZOyK,rep_cplus_wEYZOyK,rep,rep_labelled,calibration,C+ Factory,rep/calibration/rep_cplus_wEYZOyK/image_05.jpg,7.747133216785896,7,,0,,,,,,,,,
rep_cplus_wEYZOyK,rep_cplus_wEYZOyK,rep,rep_labelled,calibration,C+ Factory,rep/calibration/rep_cplus_wEYZOyK/image_05.jpg,7.747133216785896,8,,0,,,,,,,,,
rep_cplus_wEYZOyK,rep_cplus_wEYZOyK,rep,rep_labelled,calibration,C+ Factory,rep/calibration/rep_cplus_wEYZOyK/image_05.jpg,7.747133216785896,10,,0,,,,,,,,,
rep_cplus_wEYZOyK,rep_cplus_wEYZOyK,rep,rep_labelled,calibration,C+ Factory,rep/calibration/rep_cplus_wEYZOyK/image_05.jpg,7.747133216785896,11,,0,,,,,,,,,
rep_cplus_wEYZOyK,rep_cplus_wEYZOyK,rep,rep_labelled,calibration,C+ Factory,rep/calibration/rep_cplus_wEYZOyK/image_05.jpg,7.747133216785896,6,,0,,,,,,,,,
rep_cplus_wEYZOyK,rep_cplus_wEYZOyK,rep,rep_labelled,calibration,C+ Factory,rep/calibration/rep_cplus_wEYZOyK/image_05.jpg,7.747133216785896,9,baton,1,0.8183,,,,,3.6763,0.3171,INSUFFICIENT_CONFIDENCE,
rep_cplus_wEYZOyK,rep_cplus_wEYZOyK,rep,rep_labelled,calibration,C+ Factory,rep/calibration/rep_cplus_wEYZOyK/image_05.jpg,7.747133216785896,12,,0,,,,,,,,,
