source_id,physical_watch_id,class_label,provenance,split,factory,local_path,tilt_deg,n_ticks,n_boundary,reproj_error_px,inlier_fraction,homography_fitted,marker_1_baseline_measured,marker_1_baseline_radial_pct_r,marker_1_baseline_angular_deg,marker_1_new_measured,marker_1_new_radial_pct_r,marker_1_new_angular_deg,marker_1_new_area_norm,marker_1_new_anisotropy,marker_2_baseline_measured,marker_2_baseline_radial_pct_r,marker_2_baseline_angular_deg,marker_2_new_measured,marker_2_new_radial_pct_r,marker_2_new_angular_deg,marker_2_new_area_norm,marker_2_new_anisotropy,marker_4_baseline_measured,marker_4_baseline_radial_pct_r,marker_4_baseline_angular_deg,marker_4_new_measured,marker_4_new_radial_pct_r,marker_4_new_angular_deg,marker_4_new_area_norm,marker_4_new_anisotropy,marker_5_baseline_measured,marker_5_baseline_radial_pct_r,marker_5_baseline_angular_deg,marker_5_new_measured,marker_5_new_radial_pct_r,marker_5_new_angular_deg,marker_5_new_area_norm,marker_5_new_anisotropy,marker_6_baseline_measured,marker_6_baseline_radial_pct_r,marker_6_baseline_angular_deg,marker_6_new_measured,marker_6_new_radial_pct_r,marker_6_new_angular_deg,marker_6_new_area_norm,marker_6_new_anisotropy,marker_7_baseline_measured,marker_7_baseline_radial_pct_r,marker_7_baseline_angular_deg,marker_7_new_measured,marker_7_new_radial_pct_r,marker_7_new_angular_deg,marker_7_new_area_norm,marker_7_new_anisotropy,marker_8_baseline_measured,marker_8_baseline_radial_pct_r,marker_8_baseline_angular_deg,marker_8_new_measured,marker_8_new_radial_pct_r,marker_8_new_angular_deg,marker_8_new_area_norm,marker_8_new_anisotropy,marker_9_baseline_measured,marker_9_baseline_radial_pct_r,marker_9_baseline_angular_deg,marker_9_new_measured,marker_9_new_radial_pct_r,marker_9_new_angular_deg,marker_9_new_area_norm,marker_9_new_anisotropy,marker_10_baseline_measured,marker_10_baseline_radial_pct_r,marker_10_baseline_angular_deg,marker_10_new_measured,marker_10_new_radial_pct_r,marker_10_new_angular_deg,marker_10_new_area_norm,marker_10_new_anisotropy,marker_11_baseline_measured,marker_11_baseline_radial_pct_r,marker_11_baseline_angular_deg,marker_11_new_measured,marker_11_new_radial_pct_r,marker_11_new_angular_deg,marker_11_new_area_norm,marker_11_new_anisotropy,marker_12_baseline_measured,marker_12_baseline_radial_pct_r,marker_12_baseline_angular_deg,marker_12_new_measured,marker_12_new_radial_pct_r,marker_12_new_angular_deg,marker_12_new_area_norm,marker_12_new_anisotropy
gen_wex_3KSuGhC,gen_wex_3KSuGhC,gen,gen_candidate,calibration,Rolex,gen/calibration/gen_wex_3KSuGhC/image_00.jpg,5.541468770645133,48,40,0.41633,0.488636,1,True,0.16076895733294627,0.03578964087671466,1,0.626624,0.0861871,0.0176454,1.08919,True,0.18956583999611976,-0.07661146829042309,1,0.320559,0.0017061,0.0191349,1.2411,True,-0.1274358961200761,-0.020722690500861063,1,0.384723,-0.0581399,0.0177025,1.15547,True,-0.35976497179529554,-0.0857356600129151,1,-1.15256,-0.0765774,0.0178451,1.13845,True,0.4379427959629201,-0.024864600714863627,1,0.411569,0.215022,0.0249016,6.10731,True,-0.5552005411193495,-0.17989534693373344,1,-0.763457,0.0869376,0.0189522,1.32109,True,-0.7681136664049903,0.04355960632614142,1,-0.592256,0.187568,0.018801,1.16964,True,0.3115241072334296,0.04229786403249136,1,0.600818,-0.19469,0.0201421,9.34756,True,-0.6818275334697477,0.09287660421358623,1,0.382745,-0.0563273,0.0177709,1.16563,True,1.1362664792114008,0.500754552225942,1,1.60527,0.592704,0.0118644,1.53782,True,-0.35346102387658895,0.28346816842053874,1,-0.370796,-0.0299007,0.0326856,2.08496
gen_wex_3KSuGhC,gen_wex_3KSuGhC,gen,gen_candidate,calibration,Rolex,gen/calibration/gen_wex_3KSuGhC/image_02.jpg,20.730412452071786,47,33,0.609914,0.2875,1,False,,,0,,,,,False,,,0,,,,,False,,,0,,,,,False,,,0,,,,,True,-3.586796903003242,-1.3908843981686232,1,-3.93846,-1.44893,0.0174029,3.22325,True,-5.25646373128692,-0.9114543954464125,1,-5.86401,-0.914007,0.0158021,1.26473,True,-2.439135640350243,-1.7431010095105535,1,-3.07526,-1.73003,0.0145152,1.72516,True,-0.7795986477359129,-3.901357061369083,1,-1.02832,-3.88045,0.0134823,18.1317,False,,,0,,,,,False,,,0,,,,,False,,,0,,,,
gen_wex_3KSuGhC,gen_wex_3KSuGhC,gen,gen_candidate,calibration,Rolex,gen/calibration/gen_wex_3KSuGhC/image_03.jpg,4.41799195334961,48,29,0.778871,0.571429,1,True,-7.811963746921579,1.8066509797616455,1,-7.80945,1.76892,0.010997,1.23751,False,,,1,-7.95615,1.54823,0.0111482,1.30583,False,,,0,,,,,False,,,0,,,,,True,-5.387495742195281,2.830999212378174,1,-5.16899,2.85247,0.0129401,3.30265,False,,,0,,,,,False,,,0,,,,,True,-4.192726507516264,3.672424394791335,1,-3.38923,3.11697,0.0109256,4.56284,False,,,0,,,,,True,-7.812894846041818,2.1231409507721537,1,-7.8898,2.14047,0.0100154,1.27421,False,,,0,,,,
gen_wex_3KSuGhC,gen_wex_3KSuGhC,gen,gen_candidate,calibration,Rolex,gen/calibration/gen_wex_3KSuGhC/image_04.jpg,3.7493298864961964,48,24,0.642651,0.305556,1,True,-7.92799435878605,-1.7911506276670366,0,,,,,False,,,0,,,,,False,,,0,,,,,False,,,0,,,,,True,-4.980957946848585,-2.382875060380286,1,-4.67141,-2.37093,0.0130343,3.72493,False,,,0,,,,,False,,,0,,,,,True,-4.518202929929426,-1.8788235969811922,1,-4.49696,-1.90903,0.01411,3.5137,False,,,0,,,,,True,-7.924198729789056,-1.4936157521377709,1,-7.93046,-1.44533,0.0114564,1.35508,False,,,0,,,,
gen_wex_e99gXKb,gen_wex_e99gXKb,gen,gen_candidate,calibration,Rolex,gen/calibration/gen_wex_e99gXKb/image_00.jpg,6.877377609921287,48,47,0.490574,0.515789,1,True,0.19848023056635578,0.3019458098397756,1,0.36232,-0.0151551,0.0190264,1.08846,True,-0.3382206047275904,0.11024471893203724,1,-0.0737083,-0.0727107,0.019055,1.07656,True,-0.4989178865565935,-0.006697773542327923,1,-0.188704,0.145256,0.0187839,1.20798,True,-0.18196966178466445,-0.01566094767292725,1,-0.10248,-0.151438,0.0198939,1.24534,False,,,0,,,,,True,0.09041630615400642,0.15756186253176452,1,-0.0932929,0.134773,0.0177481,1.25599,True,-0.5506438872311725,0.010859691908081004,1,-0.439161,0.0754275,0.0186555,1.2129,True,0.8681351030489282,0.18174405242109515,1,1.13906,0.176377,0.0258118,5.44799,True,-0.43335909813290163,0.3262736102347503,1,0.0375586,0.174672,0.0192176,1.03494,True,-0.29199069625005514,0.4526190099608698,1,0.123317,0.126066,0.0193945,1.12501,True,-0.8096607699000224,0.4029105717516328,1,-0.547644,-0.11969,0.0266536,1.95629
gen_wex_e99gXKb,gen_wex_e99gXKb,gen,gen_candidate,calibration,Rolex,gen/calibration/gen_wex_e99gXKb/image_01.jpg,12.09669212278482,48,36,0.601283,0.464286,1,False,,,0,,,,,False,,,0,,,,,False,,,0,,,,,False,,,0,,,,,True,-5.223923218632043,-3.5321423756808485,1,-5.15273,-3.55427,0.00874566,2.88227,False,,,0,,,,,False,,,0,,,,,False,,,0,,,,,False,,,0,,,,,False,,,0,,,,,False,,,0,,,,
gen_wex_e99gXKb,gen_wex_e99gXKb,gen,gen_candidate,calibration,Rolex,gen/calibration/gen_wex_e99gXKb/image_02.jpg,8.61520267492932,48,48,0.538408,0.677083,1,True,0.08327416583225888,-3.257679929127562,1,0.0845694,-3.26562,0.00931633,4.24043,True,-2.841251005776524,-3.8704743934779344,1,-2.82428,-3.84984,0.010686,17.4839,True,-1.8821023793438085,-2.97142856664766,1,-2.18289,-3.00837,0.0115677,3.93538,True,-2.2713911819289834,-1.8943651025060149,1,-2.39117,-1.93144,0.0183188,3.92467,True,4.495015733600449,-1.9322802374301773,1,4.3235,-2.07123,0.0150602,2.27956,True,-0.7981568112065851,-2.0252559635772514,1,-1.33594,-2.09762,0.0139103,2.19671,False,,,0,,,,,True,6.105833229300894,-2.711241412924039,1,5.84302,-2.89169,0.0104349,3.12508,True,-0.08259367094696213,-3.2304057327833675,1,-0.280152,-3.24352,0.00917367,3.83095,True,1.1454935204823213,-2.167537703475091,1,1.11132,-2.13181,0.0144496,3.62453,False,,,1,1.09586,-4.28873,0.0130086,2.75724
rep_vsf_sh7PSsh,rep_vsf_sh7PSsh,rep,rep_labelled,calibration,VSF,rep/calibration/rep_vsf_sh7PSsh/image_01.jpg,10.984749612018692,47,47,0.756538,0.382979,1,False,,,0,,,,,True,-3.617565210098106,-0.425529916929861,1,-3.96849,-0.421434,0.0105062,2.79178,False,,,0,,,,,True,-2.9055524150740086,-3.984755685916241,1,-2.81459,-4.05109,0.00983565,21.9175,True,5.711308201936694,-3.131378569704509,1,5.6982,-3.19821,0.00954175,4.22607,False,,,0,,,,,True,-2.39596979271558,-3.352156544123318,1,-2.37568,-3.49027,0.0129316,13.3414,False,,,0,,,,,False,,,0,,,,,False,,,0,,,,,False,,,0,,,,
rep_vsf_sh7PSsh,rep_vsf_sh7PSsh,rep,rep_labelled,calibration,VSF,rep/calibration/rep_vsf_sh7PSsh/image_04.jpg,4.509930446099395,48,45,0.253548,0.451613,1,True,-0.7476444674968219,0.06459865120656261,1,-0.653966,0.252722,0.0163357,1.05785,True,-0.4603516700100174,0.35452436188452197,1,-0.392696,0.442685,0.0163642,1.03222,True,0.3977542063208439,0.49076000959557575,1,0.622199,0.610565,0.0168151,1.12402,False,,,1,2.61192,2.56176,0.00830909,3.74843,True,0.9988396955955992,0.5671304431476187,1,1.03788,0.504435,0.0199937,8.32653,True,0.42093428386411613,0.4072292353066871,1,0.482041,0.409774,0.0189922,1.49185,False,,,0,,,,,True,0.985587071212346,0.26811482593609526,1,0.98061,0.732168,0.0230668,6.28784,True,0.15344102280355765,-0.029245127332274024,1,-0.00809867,0.233411,0.0170519,1.14009,True,-0.22929787663477086,-0.4752904549634991,1,-0.240882,-0.0626224,0.0161987,1.06518,True,-0.5863183152530982,-0.23792419930896358,1,-0.650553,0.0984894,0.0240256,2.08787
rep_vsf_sh7PSsh,rep_vsf_sh7PSsh,rep,rep_labelled,calibration,VSF,rep/calibration/rep_vsf_sh7PSsh/image_05.jpg,6.767629849564249,42,48,0.718968,0.644444,1,True,-0.3120635112421999,-0.5451766160897478,1,-1.61997,-0.62099,0.0153484,1.06162,True,-0.16447934952098509,-0.14887636475646104,1,-0.958822,-0.173395,0.0163357,1.11184,True,0.40402997442682276,-0.07731688854141794,1,0.98376,-0.434997,0.0160161,1.06317,False,,,1,2.52361,1.21964,0.00860869,3.55965,True,1.0841024336864846,-0.5079488680987652,1,1.19227,-1.14183,0.0200679,8.11744,True,-0.15430950316024372,-0.4093856452709588,1,-0.385936,-0.552374,0.0168407,1.2224,False,,,0,,,,,True,1.0505043017655646,-0.4766753918358404,1,1.08074,-0.146403,0.0222622,6.99875,True,0.03590650452979238,-0.6188585380564859,1,-0.178938,-0.38288,0.0166439,1.17517,False,,,1,-0.468679,-2.96468,0.00855448,4.31088,True,-0.3134625188957907,-0.8230229566287335,1,-1.68959,-1.08325,0.0226217,2.05776
rep_vsf_GKJDidL,rep_vsf_GKJDidL,rep,rep_labelled,calibration,VSF,rep/calibration/rep_vsf_GKJDidL/image_00.jpg,4.818738180227867,48,36,0.522643,0.452381,1,False,,,0,,,,,False,,,0,,,,,False,,,0,,,,,True,-7.9043776722522825,0.4956029859906721,0,,,,,True,-4.72105614929248,0.6483194558925334,1,-4.9557,0.826296,0.0117446,3.98097,False,,,1,7.90229,0.0144606,0.0147749,2.2134,False,,,1,7.78916,0.0100813,0.0151087,2.11714,True,-5.440474410922668,-0.41464620219471726,1,-5.70052,-0.289518,0.0100354,4.1919,False,,,0,,,,,False,,,0,,,,,False,,,0,,,,
rep_vsf_GKJDidL,rep_vsf_GKJDidL,rep,rep_labelled,calibration,VSF,rep/calibration/rep_vsf_GKJDidL/image_01.jpg,13.760837451950342,48,47,0.453598,0.515789,1,True,3.532319783008653,3.2912404631227865,1,2.29154,3.47397,0.00827485,6.43852,True,2.3608338762851955,0.7095419126867739,1,1.45752,0.906902,0.0142613,4.60994,False,,,0,,,,,False,,,1,-1.92227,4.17681,0.00871712,24.6381,False,,,0,,,,,True,0.9024933615435549,3.368029742821335,1,1.84498,3.24489,0.00846032,3.86992,True,-2.7924416458901313,3.8272922771588185,1,-2.9068,3.98299,0.0099184,19.1838,False,,,1,6.82135,3.16424,0.00813218,3.04938,True,1.0724385081127386,3.204727170631884,1,1.07275,3.23993,0.00869715,3.7768,True,0.958641400059046,2.8431323731865064,1,-0.319555,2.99072,0.0137305,8.68943,True,3.7337407082439267,3.809614919576428,1,2.96831,3.97693,0.0137562,2.33244
rep_vsf_HCz9EAj,rep_vsf_HCz9EAj,rep,rep_labelled,calibration,VSF,rep/calibration/rep_vsf_HCz9EAj/image_01.jpg,6.639655608291638,45,48,0.901552,0.473118,1,True,-7.534889206002071,1.1133857128357008,0,,,,,True,-7.72194380495802,1.71297916686256,1,-7.84355,1.8561,0.0104777,1.07202,True,-6.953838939939105,1.6742181369815228,1,-6.69752,1.65928,0.0119814,1.18574,True,-6.967876015432761,1.2383792474762743,1,-6.91018,1.11217,0.0122097,1.01837,True,-3.8144421547876672,0.17799070316021925,1,-3.67928,0.0630991,0.0124608,7.10887,True,-7.5279950824272195,-0.44437290959308484,1,-7.72223,-0.622579,0.0115505,1.24401,True,-7.819171130099745,-0.7248793068432065,1,-7.77581,-0.541371,0.0119614,1.37226,True,-4.33378084813083,-0.9375602498532203,1,-4.2283,-0.932353,0.0120214,6.06124,False,,,0,,,,,True,-7.736781347733002,0.7240636717808115,0,,,,,True,-7.736514085780111,0.9379116100427041,0,,,,
rep_vsf_HCz9EAj,rep_vsf_HCz9EAj,rep,rep_labelled,calibration,VSF,rep/calibration/rep_vsf_HCz9EAj/image_02.jpg,4.073038860829673,42,35,0.825383,0.324675,1,False,,,0,,,,,False,,,0,,,,,False,,,0,,,,,False,,,0,,,,,True,-2.7460120865716475,-3.478770720032003,1,-2.47986,-3.50695,0.00980712,3.60137,False,,,0,,,,,False,,,0,,,,,True,-2.36202573336064,-3.056765434954798,1,-2.76135,-3.15552,0.00917652,2.13548,False,,,0,,,,,False,,,0,,,,,False,,,0,,,,
rep_vsf_HCz9EAj,rep_vsf_HCz9EAj,rep,rep_labelled,calibration,VSF,rep/calibration/rep_vsf_HCz9EAj/image_07.jpg,3.9743620859786937,48,46,0.486689,0.5,1,True,0.9976043918239141,0.35387131609891753,1,0.586422,0.525008,0.016504,1.08546,True,0.8679250502458435,0.18950842413986635,1,0.702559,0.494915,0.016524,1.04475,True,0.9987523435419088,0.2274908849732924,1,1.05943,0.369325,0.0178993,1.30721,True,0.4276524997176345,0.25794108758088896,1,0.506676,0.321757,0.0194659,1.46403,True,0.9018811514381553,0.35597362463570903,1,0.988736,0.385945,0.0193032,8.66672,True,-0.06056034666064303,0.35829243368530683,1,0.00200287,0.260081,0.0199823,1.43776,True,0.11745586227247529,0.472500286073398,1,0.218163,0.286685,0.0187497,1.34028,True,1.5745447923187328,0.7364415904124826,1,1.64207,0.349734,0.0175769,10.3153,True,0.42135365374249556,0.3923504232158166,1,0.463996,0.171152,0.0193517,1.20503,True,0.8052847088943937,0.6138241331137806,1,0.796604,0.392894,0.018256,1.21601,True,0.6196729324680961,0.5186248253672829,1,0.496289,0.295499,0.0247389,2.0665
rep_vsf_oVwWMrC,rep_vsf_oVwWMrC,rep,rep_labelled,calibration,VSF,rep/calibration/rep_vsf_oVwWMrC/image_00.jpg,9.401118513871301,48,48,0.394141,0.46875,1,True,-0.046779922026374265,0.20497811384264253,1,0.069467,0.430325,0.0164356,1.07297,True,0.35608705544298846,0.23052572574005126,1,0.731936,0.164316,0.0180078,1.08748,True,0.5217622208242179,0.5878142413576342,1,0.616323,0.394653,0.0178708,1.30437,True,0.1939680344817174,0.7387147606780786,1,0.0293274,0.552737,0.0175969,1.34227,True,1.1953228733288856,0.8580401587044264,1,1.25989,0.654776,0.0184615,9.12368,True,0.12625693971091145,0.5701407291074361,1,0.227853,0.37874,0.0154454,1.05245,True,-0.032254549290378076,-0.313711470196381,1,-0.235092,-0.275096,0.0158877,1.05684,True,0.9045446320112394,-0.5442967291839409,1,0.697143,-0.298396,0.0193688,9.72055,True,-0.7498639097578197,-0.7602198644369196,1,-0.948185,-0.454706,0.0159562,1.03256,True,-0.8468468287042952,-0.5528949244024943,1,-0.940632,-0.161847,0.0169406,1.05363,False,,,0,,,,
rep_vsf_oVwWMrC,rep_vsf_oVwWMrC,rep,rep_labelled,calibration,VSF,rep/calibration/rep_vsf_oVwWMrC/image_01.jpg,8.876947273172693,48,45,0.306335,0.473118,1,True,0.1351107829108411,0.19629180303243743,1,0.262572,0.476403,0.0164527,1.0861,True,0.46189581769000565,0.22242986958368505,1,0.831692,0.528212,0.0165097,1.08291,True,0.4984396000518698,0.6350764564676865,1,0.974982,0.660009,0.0161873,1.1431,True,0.30208486279592606,0.7795603040014498,1,0.105473,0.552775,0.0174685,1.31057,True,1.157930075369451,0.845965512259653,1,1.18715,0.583491,0.0180962,9.53663,True,0.44550770071346557,0.056926976733791435,1,0.147936,0.0103877,0.0145723,1.40017,True,-0.00438967473807006,-0.379479011245337,1,-0.250447,-0.278734,0.0157793,1.05359,True,0.8445596351836615,-0.6191441738054095,1,0.780237,-0.286368,0.0193175,9.48856,True,-0.5930276479582441,-0.7564201334506038,1,-0.832677,-0.399824,0.0159191,1.03809,True,-0.5929543749232047,-0.5105084704032947,1,-0.764173,-0.104107,0.0169549,1.05453,True,-0.15001845955996407,-0.12937894620534962,1,-0.22505,0.334123,0.025595,2.08949
rep_vsf_KfRKFwA,rep_vsf_KfRKFwA,rep,rep_labelled,calibration,VSF,rep/calibration/rep_vsf_KfRKFwA/image_00.jpg,2.8113958257288134,44,46,0.557726,0.555556,1,True,-0.5439452982131332,0.35340459178947015,1,-0.194038,0.254736,0.0153399,1.10653,True,-0.44173031164352894,0.3165264218184092,1,-0.0862531,0.0168695,0.0155253,1.089,False,,,0,,,,,True,-0.3884640277296181,0.3787415583657321,1,-0.239933,0.0684196,0.0149832,1.32546,True,0.8104863767392945,0.13614049027339092,1,0.76206,-0.123995,0.0209297,8.33836,True,-0.18877109830146566,-0.1336943176592058,1,-0.224603,0.0299945,0.0157165,1.10586,True,0.051464045851679074,0.1253775886778783,1,0.108959,0.29495,0.0173058,1.47336,True,0.27881051270786106,-0.06463514894619493,1,0.442747,0.154706,0.0202991,9.50913,True,0.2070545489879727,-0.10000317875278597,1,-0.568183,0.291286,0.0160646,1.13833,True,-0.27701966584954274,-0.05648382264007523,1,-0.45201,0.234143,0.0156794,1.11266,True,-1.1247151164845204,-0.5388515086851271,1,-0.945967,-0.532199,0.0279062,1.94386
rep_vsf_KfRKFwA,rep_vsf_KfRKFwA,rep,rep_labelled,calibration,VSF,rep/calibration/rep_vsf_KfRKFwA/image_03.jpg,2.8273547115737965,48,48,0.482105,0.53125,1,True,-0.02716560836084625,-0.038252095783207096,1,0.27125,-0.0216718,0.0162729,1.26388,True,-0.045327016513541096,-0.012418318172649379,1,0.343886,0.0175944,0.0170918,1.41942,False,,,0,,,,,True,-0.531611051590164,0.3357186242259047,1,-0.304434,0.523603,0.0145723,1.43817,True,0.5562626686160255,-0.05225366486854455,1,0.695028,0.359803,0.0209211,8.24061,True,-0.46429530241715034,0.345491625987961,1,-0.154467,0.461501,0.0155938,1.12719,True,-0.38647170435625045,0.39708898319793207,1,-0.42409,0.293118,0.0168693,1.4449,True,0.40663743586059065,0.37738756763718584,1,0.745311,0.249545,0.019483,9.26921,True,-0.04995166750850766,0.35717099787717643,1,-0.0702535,0.292504,0.0172031,1.40947,True,0.44193505964201796,-0.19150312576340411,1,0.472941,-0.200661,0.0157764,1.12119,True,-0.4092512524544456,0.24871397494885228,1,-0.0106534,0.112749,0.0262684,2.00814
rep_vsf_KfRKFwA,rep_vsf_KfRKFwA,rep,rep_labelled,calibration,VSF,rep/calibration/rep_vsf_KfRKFwA/image_08.jpg,5.385567141899849,44,40,0.466184,0.535714,1,False,,,0,,,,,False,,,0,,,,,False,,,0,,,,,False,,,0,,,,,False,,,0,,,,,False,,,1,-3.24199,4.18589,0.00873995,22.353,False,,,0,,,,,False,,,0,,,,,True,-0.46368046463519663,3.3441189761020382,1,-0.517415,3.28783,0.0117303,10.3032,False,,,0,,,,,False,,,0,,,,
rep_cf_xK08a3L,rep_cf_xK08a3L,rep,rep_labelled,calibration,Clean,rep/calibration/rep_cf_xK08a3L/image_01.jpg,3.8948607669448703,48,46,0.2951,0.478723,1,True,0.23824486586826454,0.18787695980416075,1,0.571199,-0.00204895,0.0205644,1.19624,True,-0.13596630003214205,0.5198661982308366,1,0.143933,0.173606,0.0204731,1.13628,True,-0.004287101845423802,0.5879842236906114,1,0.0611285,0.180445,0.0210951,1.20946,True,0.7200360966352126,0.3530519641898593,1,0.68776,0.0231268,0.0199566,1.13795,True,0.4360585240682058,0.4557906155592377,1,0.204729,0.154469,0.0234178,6.63331,True,1.0129150605871273,0.14243914038837602,1,0.79966,0.0506055,0.0189551,1.21329,False,,,0,,,,,True,0.919999339729638,-0.6930776439730835,1,0.97477,-0.302179,0.020105,8.33443,True,0.09525564955272792,0.006859437911430177,1,0.0581369,0.00786659,0.0199053,1.20684,True,0.1634145341087634,-0.30473586023668986,1,0.541361,-0.184464,0.0197655,1.30879,True,-0.541526368820755,0.5883881401120257,1,-0.0748029,0.453902,0.0300206,2.15565
rep_cf_xK08a3L,rep_cf_xK08a3L,rep,rep_labelled,calibration,Clean,rep/calibration/rep_cf_xK08a3L/image_02.jpg,12.182459523324303,42,35,0.43913,0.415584,1,True,0.8005770047387784,2.912953862779176,1,0.769508,2.93841,0.011017,3.76113,True,-0.5876440944959316,3.3505911948994296,1,-0.378618,3.31266,0.00934487,4.50776,True,-2.9438640571723185,3.5632963768571813,1,-2.07395,3.46772,0.0086572,4.34183,False,,,0,,,,,False,,,1,-1.69929,4.5363,0.00980141,30.0979,True,-2.3057777814762925,3.0247407103337594,1,-1.57271,3.15279,0.0091651,3.24211,True,-2.5685738808024716,2.0626054939463074,1,-2.21054,2.04128,0.0111939,2.28131,True,-0.6764477683420478,3.8485380539901257,1,-0.617069,3.93416,0.0136877,20.6082,True,0.1337713153908182,2.635645130956334,1,-0.0561258,2.78141,0.0116961,3.32782,True,1.2477157714253728,2.8622110686611677,1,1.02493,2.99122,0.0105176,3.75937,True,-0.5205644767819484,3.9596189581570913,1,-0.477294,3.97723,0.0236432,7.69975
rep_cf_xK08a3L,rep_cf_xK08a3L,rep,rep_labelled,calibration,Clean,rep/calibration/rep_cf_xK08a3L/image_03.jpg,8.473108956849714,47,29,0.599926,0.447368,1,False,,,0,,,,,False,,,0,,,,,False,,,0,,,,,True,7.972327518674316,0.028006819081383583,1,7.75153,0.0309282,0.01522,2.08672,True,-5.605851156242214,-2.784466146092768,1,-5.75052,-2.80703,0.00989557,4.00292,False,,,1,7.44039,-0.188022,0.0157165,1.6656,True,7.66739740428134,-0.08295210813628273,1,7.35418,-0.0913555,0.016076,1.63982,True,-5.2827686175976,-3.335864287954678,1,-5.45532,-3.12654,0.0112994,3.2951,False,,,0,,,,,False,,,0,,,,,False,,,0,,,,
rep_cf_6I00d8w,rep_cf_6I00d8w,rep,rep_labelled,calibration,Clean,rep/calibration/rep_cf_6I00d8w/image_00.jpg,4.189183161115509,48,46,0.582294,0.521277,1,True,-1.1487536748560512,0.610460277701339,1,-1.22689,0.431006,0.0145038,1.03092,True,-1.0974665630809732,0.29326325480855076,1,-0.9822,0.161972,0.0145723,1.04222,True,-0.126406510420618,0.13671458677441706,1,0.0878898,0.202423,0.0149946,1.02963,True,0.23849260665451677,1.584214878026387,1,0.487125,1.67827,0.00893969,1.53101,True,0.3985875948441908,-0.2797638506155522,1,0.351742,-0.068258,0.0200166,9.96722,True,-0.6721119059979741,-0.6790092676733934,1,-0.930353,-0.549625,0.014578,1.0611,True,-0.7490383963694502,-0.5191909424952428,1,-0.762963,-0.189137,0.0145666,1.04482,True,0.38918533970697666,-0.5703430192312453,1,0.241606,-0.325468,0.0194573,9.63026,True,-1.2046963986805492,-0.6291148527503196,1,-1.20776,-0.577857,0.0143326,1.00125,True,-1.557530712499433,-0.31381237868163225,1,-1.57799,-0.455333,0.0143954,1.038,True,-1.3416457836682882,0.22829445935370601,1,-1.44105,-0.0106933,0.0239257,2.09041
rep_cf_6I00d8w,rep_cf_6I00d8w,rep,rep_labelled,calibration,Clean,rep/calibration/rep_cf_6I00d8w/image_01.jpg,5.7247780587732375,38,41,0.535967,0.468354,1,False,,,0,,,,,True,0.5102744216422983,0.0951437639639039,1,0.484235,0.0735103,0.0152371,1.04203,True,1.5485417894595455,0.21446600208980726,1,1.14605,0.207728,0.0153912,1.01209,True,1.8389732816613935,1.717352224610181,1,1.44587,1.87921,0.00894825,1.62022,True,0.9290071626366303,-0.2908310647424628,1,0.861042,-0.044969,0.0193232,9.03259,True,1.0617525860184385,-0.8776375327216783,1,0.517939,-0.678902,0.0149718,1.1028,True,0.755381740971317,-0.7843334601684546,1,0.780438,-0.523148,0.0150659,1.05368,True,0.9977358162774563,-1.124500053083807,1,0.963268,-0.679486,0.0196456,8.64802,True,0.12779757648171408,-0.9971628069553731,1,0.177089,-0.725299,0.0148805,1.05124,True,-0.21540372634185623,-0.8036391682135786,1,-0.141519,-0.46905,0.0151173,1.03823,True,-0.04362606043402106,-0.2861297923893744,1,0.186377,0.0502011,0.0254123,2.11857
rep_cf_6I00d8w,rep_cf_6I00d8w,rep,rep_labelled,calibration,Clean,rep/calibration/rep_cf_6I00d8w/image_02.jpg,6.091612223674417,40,42,0.259771,0.536585,1,True,0.5344649788394107,-0.537222250411503,1,0.654173,-0.12861,0.0143297,1.2454,True,0.18704190650922214,-0.3425596545471876,1,0.327192,-0.0864451,0.0153227,1.04298,True,0.4079331953355414,0.012781831962342949,1,0.310612,0.0484724,0.0171346,1.17901,True,1.0248088025421431,2.1017161355514986,1,1.26854,1.98407,0.00895395,1.71852,True,0.5465399649648872,0.4859205589357316,1,0.75529,0.374319,0.0197398,9.06373,True,0.8882145850643619,1.758359030930336,1,0.543599,1.73734,0.00862581,3.27771,True,0.9888950117706741,-0.08138998386812091,1,0.983193,0.0507284,0.0152485,1.03228,True,1.286238955861585,-0.4475516835691451,1,1.15616,-0.126243,0.019483,8.14844,True,0.8994396503906876,-0.8499458233266068,1,0.865175,-0.516784,0.0151344,1.02431,True,0.5407867708592917,-0.8457331967748587,1,0.532725,-0.46197,0.0152485,1.031,True,0.5282562664688961,-0.7799619177549744,1,0.640682,-0.147143,0.0255607,2.09247
rep_cf_6I00d8w,rep_cf_6I00d8w,rep,rep_labelled,calibration,Clean,rep/calibration/rep_cf_6I00d8w/image_03.jpg,12.375454348539714,36,48,0.658681,0.47619,1,True,-5.841084678366459,-0.9655368320401294,1,-6.86031,-1.15049,0.0134452,1.29397,False,,,0,,,,,False,,,1,-1.09969,2.24372,0.00821778,1.81627,True,-2.717298881444452,0.2612952529849224,1,-2.57871,0.804799,0.0168008,6.62186,False,,,0,,,,,True,0.10609275731437995,-0.3332822058990814,1,0.0137036,-0.14622,0.0166381,1.34361,True,-2.7822588418328187,0.3836740010862343,1,-2.69133,-0.0804284,0.0169806,5.98466,False,,,0,,,,,True,0.3240875971832424,-0.01373102452475905,1,0.312977,-0.404806,0.0159876,1.39566,True,-1.3099415895217792,-0.1846540725603063,1,-1.65573,-0.500913,0.0242795,2.2129,False,,,1,-2.89095,-2.11426,0.0146008,1.60194
rep_cf_sx6zSKZ,rep_cf_sx6zSKZ,rep,rep_labelled,calibration,Clean,rep/calibration/rep_cf_sx6zSKZ/image_01.jpg,8.582326456116409,41,40,0.583545,0.444444,1,False,,,1,0.370044,-2.84893,0.00894825,2.47286,True,-3.9166042993612815,-1.422635121217354,1,-3.76831,-0.98978,0.0157679,2.23732,False,,,0,,,,,False,,,1,-2.87755,-4.06057,0.00950751,20.7436,True,6.0739347887207025,-3.3737789927247377,1,6.1465,-3.21945,0.00887121,3.86052,False,,,0,,,,,False,,,0,,,,,False,,,0,,,,,True,-2.4099077543731418,-2.062514343543569,1,-3.42867,-2.63971,0.0103635,1.95804,True,-2.6908638371627824,-2.42680301455772,1,-3.58853,-2.32331,0.014772,3.64513,True,0.8945037879926399,-3.771709087215527,0,,,,
rep_cf_bpdi5xV,rep_cf_bpdi5xV,rep,rep_labelled,calibration,Clean,rep/calibration/rep_cf_bpdi5xV/image_00.jpg,4.008311849056158,48,48,0.461101,0.510417,1,True,2.204096145955392,0.18051410656428502,1,2.15831,0.242401,0.0188838,1.19622,True,2.4474256866292565,-0.20988796173327273,1,2.49539,-0.119858,0.0203618,1.18111,True,1.1289939477672206,-0.08403551893417216,1,1.10706,0.191216,0.0184643,1.23766,True,0.9729801484733458,0.5921778116571659,1,1.49611,0.797014,0.015745,1.14968,True,1.346956231416574,0.7363119423633862,1,1.46321,0.307206,0.0192832,7.69824,True,1.1159155279801602,0.582703268370409,1,0.901325,0.149932,0.0174086,1.31284,True,1.7613066740121863,0.8177948257134915,1,1.72274,0.373983,0.0180163,1.43911,True,-0.18510931260737884,0.8755139989535223,1,-0.173078,0.336713,0.0148833,8.29193,True,1.7168183832496076,0.29654135664554815,1,1.70886,-0.0974568,0.0165126,1.02893,True,2.2636885458192646,0.3991291271815953,1,1.76025,0.247474,0.0167152,1.067,True,1.1005528935220554,0.08145285298513727,1,1.07275,0.210452,0.0296325,2.19412
rep_cf_bpdi5xV,rep_cf_bpdi5xV,rep,rep_labelled,calibration,Clean,rep/calibration/rep_cf_bpdi5xV/image_06.jpg,10.110838567976801,48,45,0.496894,0.612903,1,True,3.0370266501242638,0.2893699705532313,1,2.53146,0.328605,0.0186355,1.23407,True,3.6450676193272913,-0.10178169313826402,1,3.33802,-0.158526,0.0207214,1.2232,True,1.8325701871767741,-0.15375093736349754,1,2.15027,0.114192,0.0180706,1.23493,True,1.001885347789444,0.21193746152951576,1,2.07044,0.687157,0.0164356,1.16001,True,1.5120909421215134,0.29865769473923365,1,1.74379,0.429,0.0192205,7.15126,True,1.9263059434717733,0.23208866439830445,1,1.86124,0.205027,0.0186926,1.58528,True,2.2909540395246286,0.22839394888956122,1,2.06733,0.237844,0.0183331,1.49936,True,-0.5513927225120119,0.1400789746232931,1,-0.304785,0.0705062,0.0149803,8.59236,True,0.9329199544205968,0.0037404568893748547,1,0.80727,-0.0337933,0.0167066,1.22099,True,1.5404450599640684,0.6518385663749768,1,1.50397,0.494801,0.0178309,1.26691,True,0.8578273827490768,0.6938404336390818,1,1.06691,0.404923,0.0301689,2.14183
rep_cf_bpdi5xV,rep_cf_bpdi5xV,rep,rep_labelled,calibration,Clean,rep/calibration/rep_cf_bpdi5xV/image_08.jpg,5.024227618566932,48,40,0.36351,0.693182,1,True,0.8690937388552311,2.5811111799363218,1,0.950311,2.66962,0.0167038,8.84298,True,1.9324864923823126,2.845683079533046,1,1.89415,2.94071,0.0101552,3.75747,True,-3.2359302140033686,1.7577287729985045,1,-3.20666,1.7814,0.0141129,4.14085,True,1.5552888715248403,3.0580582325506214,1,1.36616,3.27042,0.00878275,4.43859,False,,,0,,,,,False,,,1,-1.94103,4.32761,0.0087371,39.0333,False,,,0,,,,,False,,,0,,,,,True,2.6301208636132167,0.6802374500755377,1,2.69207,0.484806,0.00988987,1.95357,False,,,1,2.0151,3.35118,0.00844605,4.82229,False,,,1,3.32925,4.23971,0.0121155,2.66225
rep_cf_bpdi5xV,rep_cf_bpdi5xV,rep,rep_labelled,calibration,Clean,rep/calibration/rep_cf_bpdi5xV/image_09.jpg,6.7883818716731446,48,44,0.353429,0.576087,1,True,2.396117297771705,-0.056122195064858715,1,2.027,0.0704902,0.0184814,1.16199,True,2.524869143362418,-0.12816015708233408,1,2.56569,-0.0197271,0.0200822,1.1912,True,2.0959354071255376,0.046561872984838715,1,1.45196,0.489008,0.0161588,1.0614,True,1.2967200192834039,0.2450312467368292,1,1.88486,0.640582,0.016019,1.12188,True,0.7499511293199146,0.21658885156870156,1,1.4484,0.180306,0.0196941,7.23783,True,1.2986671986082166,0.4498771925576932,1,1.37608,0.242815,0.0201136,1.59033,True,1.7500595659544427,0.8794673292899233,1,1.72457,0.644677,0.0196085,1.60282,True,-0.7429974131851647,1.4895398899392376,1,-0.301037,0.896446,0.0161417,6.5237,True,2.278801906437833,0.4276595264662433,1,2.37049,0.358696,0.0193089,1.13446,True,2.8743499182584453,0.19140588656682667,1,2.70657,0.145124,0.0190578,1.17582,True,1.4386858901982658,-0.07800184757519446,1,1.51846,-0.0193311,0.0308423,2.09961
rep_cf_QsJT2wk,rep_cf_QsJT2wk,rep,rep_labelled,calibration,Clean,rep/calibration/rep_cf_QsJT2wk/image_01.jpg,11.841418387512286,44,38,0.609176,0.439024,1,False,,,0,,,,,False,,,0,,,,,False,,,0,,,,,True,-7.181038367614335,-0.16107551345692173,1,-7.43005,-0.182015,0.0108001,1.70018,True,-3.1716623231640595,-1.3337716215069122,1,-3.1466,-1.31381,0.0162158,4.92691,True,-5.5164224441780485,-1.737836989783716,1,-5.65143,-1.76052,0.0152286,1.73192,True,-5.491547843923572,-2.4503977401519705,1,-5.62452,-2.48826,0.0126748,2.31512,False,,,1,-3.81939,-4.59196,0.00820922,17.5155,True,-7.163521526626804,-2.9919156632739714,1,-7.34764,-3.00473,0.00876278,2.01898,True,-7.608166344527467,-2.8761943540089305,1,-7.74653,-2.91019,0.00830338,1.57723,False,,,0,,,,
rep_cf_QsJT2wk,rep_cf_QsJT2wk,rep,rep_labelled,calibration,Clean,rep/calibration/rep_cf_QsJT2wk/image_02.jpg,11.03322185456376,42,47,0.659533,0.674157,1,True,-0.7333093253031664,-0.5570338839625606,1,-2.08145,-0.406977,0.0177824,1.26706,True,-1.9116920713963426,-0.6996248259021627,1,-2.79389,-0.550113,0.0180277,1.21996,True,-3.540953368509281,-0.005845344142073827,1,-3.57589,-0.0146059,0.0197027,1.26467,True,-2.4433753349608622,0.6278054795262449,1,-2.36127,0.533708,0.0207242,1.34101,True,-0.18376823246722962,1.7135234360243032,1,-0.22046,1.70843,0.0240113,7.51418,True,-0.2368851415522233,0.8595015398266241,1,-0.329837,0.851143,0.0208041,1.76548,True,-0.06263496540069857,0.5554355789935244,1,-0.0795845,0.614705,0.02069,1.42403,True,-0.0013409018458587774,0.9564061561210337,1,0.0169233,0.968684,0.029935,4.60329,True,-0.6569725520243597,0.24012583767103024,1,-1.00221,0.140696,0.0190949,1.05553,True,-0.03430165416742348,0.5692849240351165,1,-0.941668,0.326669,0.0188039,1.24048,True,-1.2813424846129906,-0.3476709809237377,1,-2.64207,-0.575613,0.0259317,2.13896
rep_cf_QsJT2wk,rep_cf_QsJT2wk,rep,rep_labelled,calibration,Clean,rep/calibration/rep_cf_QsJT2wk/image_03.jpg,12.618340042428988,39,48,0.404382,0.632184,1,True,0.8271870703829287,0.11115543705824749,1,0.757676,-0.0171923,0.0198282,1.21987,True,-0.3222779781859808,-0.3124123560842236,1,-0.125653,-0.263667,0.0193746,1.24125,True,-1.376686767652513,-0.053786948424487946,1,-1.16373,0.0513538,0.0205359,1.22675,True,0.0722102409476566,0.5305851714243488,1,0.103484,0.59685,0.0202077,1.50255,True,0.91887203239569,0.4425370122151264,1,0.390138,0.59485,0.0226902,7.49985,True,0.7185315926046654,0.03836794886692019,1,0.661565,0.0512942,0.0223963,1.47729,True,-0.03723326028424179,-0.012897330191037781,1,-0.0295649,0.0346228,0.0218228,1.36083,True,-0.052679307462544234,-0.041558693037927696,1,0.179245,0.172878,0.0292758,4.95505,True,-0.02409384665450487,0.8536970317250052,1,0.312589,0.788866,0.0217857,2.00273,True,-0.3066092126487119,0.4616861353152899,1,-0.263926,0.418563,0.0195771,1.31829,True,0.5116404209297265,0.27372242592497287,1,0.415145,0.178576,0.030888,2.26947
rep_cf_QsJT2wk,rep_cf_QsJT2wk,rep,rep_labelled,calibration,Clean,rep/calibration/rep_cf_QsJT2wk/image_04.jpg,12.682462029296445,40,46,0.519496,0.593023,1,False,,,1,-5.887,-3.47028,0.00992411,6.69906,False,,,0,,,,,False,,,0,,,,,False,,,0,,,,,False,,,0,,,,,True,0.8196728164057143,1.2056001043885374,1,0.732361,1.23591,0.017303,2.28786,False,,,0,,,,,False,,,0,,,,,True,-0.02613413475121007,2.502645956334618,1,-0.14645,2.41673,0.0156851,4.6444,False,,,0,,,,,False,,,0,,,,
rep_cf_QsJT2wk,rep_cf_QsJT2wk,rep,rep_labelled,calibration,Clean,rep/calibration/rep_cf_QsJT2wk/image_06.jpg,45.71148495644719,35,41,0.803632,0.355263,1,True,5.4232762923306925,-0.018051804864512633,1,5.25753,-0.0165632,0.0225932,1.07134,True,6.278062826997111,-0.35417013312604695,1,6.17058,-0.341591,0.0173344,1.30634,False,,,0,,,,,True,2.5865459332090945,-0.9656182668286988,1,2.82213,-0.84044,0.0099612,15.1051,False,,,1,-0.187734,-0.635307,0.0102522,2.58051,False,,,0,,,,,True,-5.251598128800461,2.0446868725666434,1,-5.59983,2.17092,0.0150402,3.10374,False,,,0,,,,,True,7.969518401503251,0.20904621867748574,0,,,,,True,6.07006706791916,0.05664987338457195,1,6.17473,0.0594623,0.0198653,1.22943,False,,,1,4.51254,0.100868,0.0249957,2.37771
rep_cf_f71234_Sw2D1Bt,rep_cf_f71234_Sw2D1Bt,rep,rep_labelled,calibration,Clean,rep/calibration/rep_cf_f71234_Sw2D1Bt/image_01.jpg,5.6154871834164215,48,47,0.356943,0.568421,1,True,0.5500127812499866,-0.3272360999723105,1,0.47056,-0.28489,0.0215175,1.29967,True,-0.20644665056100964,-0.33481015825356053,1,-0.182746,-0.187339,0.0210638,1.28504,True,-0.5887117035111689,0.08623474097842632,1,-0.673949,0.305525,0.0197198,1.29127,True,-0.721446775887391,0.05664410858520341,1,-0.523929,0.184107,0.0190122,1.24127,True,0.03422630133613769,-0.3414781936032796,1,0.0517393,-0.12441,0.0304343,4.58017,True,-0.7013680240419706,0.05773130347191113,1,-0.644241,0.0825297,0.0202192,1.19779,True,0.4915453227170241,2.210245273454234,1,-0.313278,-2.78678,0.00822348,2.61573,True,2.1793612523948735,-1.712492642361667,1,2.16694,-1.99498,0.013585,18.8685,True,0.671217897800247,0.0014813744890034286,1,0.765219,-0.119676,0.021332,1.2013,True,1.018664486482579,-0.13518853157211197,1,0.98293,-0.259492,0.021215,1.21706,True,-0.3107668108328743,-0.021601292107845893,1,-0.183884,-0.162639,0.0358301,2.0503
rep_cf_f71234_Sw2D1Bt,rep_cf_f71234_Sw2D1Bt,rep,rep_labelled,calibration,Clean,rep/calibration/rep_cf_f71234_Sw2D1Bt/image_02.jpg,6.220537725810149,48,47,0.57533,0.610526,1,True,0.4304560939241253,-0.27472710385603705,1,0.2223,-0.280652,0.0209981,1.24679,True,-0.2052399433662644,-0.26587509404987486,1,-0.402435,-0.208185,0.0211836,1.2439,True,-0.5125063994725676,0.05418007209416942,1,-0.554868,0.167064,0.0199595,1.29701,True,-0.3881024757621865,-0.029681371880997176,1,-0.40872,0.189282,0.0191292,1.28321,True,-0.1237805945774495,-0.5223474368727921,1,0.0832997,-0.196561,0.0308309,4.66388,True,-0.5196856024293539,-0.1347364992062694,1,-0.180179,0.0507341,0.019172,1.13911,True,0.2319922314998002,1.9324229692019799,1,0.374972,1.75517,0.00922503,3.24157,True,2.087513503386129,2.0094015796719873,1,2.10184,2.08513,0.0140073,18.3971,True,0.024036715807351783,-0.010767386403017554,1,0.366952,-0.0886966,0.021215,1.20597,True,0.40747451311518024,-0.0975478112292194,1,0.563398,-0.211673,0.0210267,1.18587,True,-0.6129027274473176,0.06549969865060934,1,-0.638035,-0.0566593,0.03591,2.05608
rep_arf_m304y61,rep_arf_m304y61,rep,rep_labelled,calibration,ARF,rep/calibration/rep_arf_m304y61/image_01.jpg,3.9127745498026263,48,47,0.41187,0.526316,1,True,-0.9858972707758928,0.2167515704039502,1,-0.694501,-0.102054,0.0147007,1.09367,True,-0.35005083578176777,0.4068386786015594,1,-0.100426,0.0245204,0.0150602,1.06191,True,0.3314714223767945,0.3918170072463312,1,0.411011,0.250931,0.0158363,1.02407,True,0.8064689858853669,0.38246066889070107,1,0.632017,0.318251,0.0169349,1.3571,True,0.8541500241193267,0.06941628671998501,1,0.883324,0.175924,0.020807,8.08617,True,0.9408880251551954,0.06784346741258673,1,0.828453,0.257294,0.0155082,1.01278,True,0.8464994035542905,-0.1966557727131999,1,0.767691,-0.0152581,0.0181676,1.4036,True,0.5944954547328574,-0.660039688865595,1,0.804778,-0.308935,0.0204332,8.45008,False,,,0,,,,,True,-0.6633024821618316,-0.3287617328419401,1,-0.43612,-0.330075,0.0149175,1.18919,True,-0.9045385333516176,0.28662924974338466,1,-0.636905,0.0613814,0.0266536,1.96346
rep_cplus_wEYZOyK,rep_cplus_wEYZOyK,rep,rep_labelled,calibration,C+ Factory,rep/calibration/rep_cplus_wEYZOyK/image_00.jpg,6.207082200907819,44,42,0.726153,0.348837,1,True,-7.834098663403932,0.1608527600083285,0,,,,,False,,,0,,,,,True,-7.640443222742621,2.0668185418276153,1,-7.71364,1.86232,0.0107031,1.10641,False,,,0,,,,,True,-3.8380389007380167,3.2927984809844304,1,-4.02149,2.82064,0.0128431,5.60814,True,-7.287003564717365,2.120486588697702,1,-7.26193,2.10238,0.010957,1.29039,True,-7.207455499600823,1.808156477891032,1,-7.04117,1.85009,0.0115334,1.2086,True,-3.5098427435163337,1.4141093642779197,1,-3.34152,1.3741,0.0140929,6.75612,True,-7.335220446158308,0.7819259498269275,1,-7.44791,0.6591,0.0117417,1.16675,True,-7.856830141199178,0.4215968151838183,0,,,,,True,-7.159178473468164,0.5716606071902106,0,,,,
rep_cplus_wEYZOyK,rep_cplus_wEYZOyK,rep,rep_labelled,calibration,C+ Factory,rep/calibration/rep_cplus_wEYZOyK/image_02.jpg,5.806008392913971,47,44,0.558942,0.362637,1,True,-7.920068648298395,0.07243919862072445,0,,,,,False,,,0,,,,,True,-7.583043323592387,1.8840617317697053,0,,,,,False,,,0,,,,,True,-4.021768782559687,2.6544682795881727,1,-4.05654,2.59405,0.0127975,5.60219,True,-7.270936383436267,1.9908129676634871,1,-7.32919,1.98628,0.0108857,1.13132,True,-7.35995563864138,1.5967484358370712,1,-7.34941,1.63004,0.0115049,1.05046,True,-3.654802476638319,1.1797700163979812,1,-3.56236,1.25463,0.0134052,6.73504,True,-7.427189048401816,0.7345336148119372,1,-7.6583,0.611411,0.0113451,1.21231,True,-7.788467453848746,0.24827034062462872,0,,,,,True,-7.390274093966709,0.3711524612961057,0,,,,
rep_cplus_wEYZOyK,rep_cplus_wEYZOyK,rep,rep_labelled,calibration,C+ Factory,rep/calibration/rep_cplus_wEYZOyK/image_03.jpg,6.516768126929766,46,45,0.630556,0.340659,1,True,-7.778313071070741,-1.4113855465946585,1,-7.96861,-1.43701,0.0109599,1.27364,True,-7.896729718193063,-0.7378983903703329,0,,,,,True,-7.921822709729442,0.5161101398297063,0,,,,,False,,,0,,,,,True,-4.168597630347836,1.1567595287147299,1,-4.30347,1.37146,0.012515,5.26127,True,-7.373714560052036,1.016729108396163,0,,,,,True,-7.4624963116668885,0.27859101699039,1,-7.30026,0.212141,0.0118073,1.06657,True,-3.304184639151486,-0.2755241561420121,1,-3.40918,-0.461885,0.0135993,6.88907,True,-7.498160481503858,-0.8882920466008954,1,-7.30958,-1.02884,0.0118216,1.13563,True,-7.848446090252903,-1.196783881693193,1,-7.85231,-1.20336,0.0119586,1.34434,True,-7.283747438531318,-1.399654667427285,1,-7.35029,-1.35931,0.0184843,1.36823
rep_cplus_wEYZOyK,rep_cplus_wEYZOyK,rep,rep_labelled,calibration,C+ Factory,rep/calibration/rep_cplus_wEYZOyK/image_04.jpg,6.213528455705312,48,48,0.463519,0.572917,1,False,,,0,,,,,False,,,1,2.97692,-1.55269,0.00864008,7.1228,False,,,0,,,,,False,,,0,,,,,False,,,0,,,,,False,,,0,,,,,False,,,0,,,,,False,,,0,,,,,False,,,0,,,,,False,,,0,,,,,False,,,0,,,,
rep_cplus_wEYZOyK,rep_cplus_wEYZOyK,rep,rep_labelled,calibration,C+ Factory,rep/calibration/rep_cplus_wEYZOyK/image_05.jpg,7.747133216785896,48,44,0.492978,0.630435,1,False,,,0,,,,,False,,,0,,,,,True,3.1606056597321297,-1.301437256882707,1,3.34064,-1.15503,0.0138276,7.10975,False,,,0,,,,,False,,,0,,,,,False,,,0,,,,,False,,,0,,,,,True,3.630244668772331,3.676252638309677,0,,,,,False,,,0,,,,,False,,,0,,,,,False,,,0,,,,
