source_id,physical_watch_id,class_label,provenance,split,factory,local_path,tilt_deg,n_ticks,pose_fitted,pose_theta_deg,pose_phi_deg,pose_psi_deg,pose_k,pose_scale,pose_score_px,amb_n_near_best,amb_n_total_candidates,amb_margin_px,amb_best_score_px,amb_worst_near_best_score_px,amb_max_marker_disagreement_px,amb_mean_marker_disagreement_px,amb_theta_lo,amb_theta_hi,amb_phi_lo,amb_phi_hi,amb_k_lo,amb_k_hi,marker_1_poselib_measured,marker_1_poselib_radial_pct_r,marker_1_poselib_angular_deg,marker_1_poselib_area_norm,marker_1_poselib_anisotropy,marker_2_poselib_measured,marker_2_poselib_radial_pct_r,marker_2_poselib_angular_deg,marker_2_poselib_area_norm,marker_2_poselib_anisotropy,marker_4_poselib_measured,marker_4_poselib_radial_pct_r,marker_4_poselib_angular_deg,marker_4_poselib_area_norm,marker_4_poselib_anisotropy,marker_5_poselib_measured,marker_5_poselib_radial_pct_r,marker_5_poselib_angular_deg,marker_5_poselib_area_norm,marker_5_poselib_anisotropy,marker_6_poselib_measured,marker_6_poselib_radial_pct_r,marker_6_poselib_angular_deg,marker_6_poselib_area_norm,marker_6_poselib_anisotropy,marker_7_poselib_measured,marker_7_poselib_radial_pct_r,marker_7_poselib_angular_deg,marker_7_poselib_area_norm,marker_7_poselib_anisotropy,marker_8_poselib_measured,marker_8_poselib_radial_pct_r,marker_8_poselib_angular_deg,marker_8_poselib_area_norm,marker_8_poselib_anisotropy,marker_9_poselib_measured,marker_9_poselib_radial_pct_r,marker_9_poselib_angular_deg,marker_9_poselib_area_norm,marker_9_poselib_anisotropy,marker_10_poselib_measured,marker_10_poselib_radial_pct_r,marker_10_poselib_angular_deg,marker_10_poselib_area_norm,marker_10_poselib_anisotropy,marker_11_poselib_measured,marker_11_poselib_radial_pct_r,marker_11_poselib_angular_deg,marker_11_poselib_area_norm,marker_11_poselib_anisotropy,marker_12_poselib_measured,marker_12_poselib_radial_pct_r,marker_12_poselib_angular_deg,marker_12_poselib_area_norm,marker_12_poselib_anisotropy
gen_wex_3KSuGhC,gen_wex_3KSuGhC,gen,gen_candidate,calibration,Rolex,gen/calibration/gen_wex_3KSuGhC/image_00.jpg,5.541468770645133,48,1,2.5523,104.7473,0.0269,0.13575,315.6166,0.54170,8,8,0.81255,0.54170,0.58630,0.56583,0.21395,1.45218,3.35606,104.74729,129.09324,0.13385,0.26850,1,0.167115,0.0823165,0.0186612,1.17169,1,0.0631641,0.00613691,0.0184558,1.1653,1,0.243906,0.0578689,0.0172259,1.09003,1,-0.424489,-0.0498473,0.0158021,1.00206,1,0.665334,0.130005,0.023843,6.60986,1,-0.604467,-0.0523628,0.0194373,1.32657,1,-0.725416,0.0994265,0.0182589,1.14183,1,0.398109,0.0275965,0.0233693,6.85221,1,0.156553,0.0759319,0.0173829,1.10577,1,1.50312,0.554518,0.0119215,1.45641,1,-0.391137,0.00806822,0.0325744,2.08491
gen_wex_3KSuGhC,gen_wex_3KSuGhC,gen,gen_candidate,calibration,Rolex,gen/calibration/gen_wex_3KSuGhC/image_02.jpg,20.730412452071786,47,1,21.2638,183.9846,0.2882,0.00011,366.6660,1.22293,8,8,1.83439,1.22293,2.12881,1.40651,0.86432,20.54211,21.36614,0.00019,359.99989,0.00000,0.00082,0,,,,,0,,,,,0,,,,,0,,,,,1,-3.85372,-1.43144,0.0176568,3.25854,1,-5.6685,-0.852774,0.0162672,1.27599,1,-2.71413,-1.64868,0.0147178,1.69405,1,-0.861775,-3.88105,0.0136392,18.4373,0,,,,,0,,,,,0,,,,
gen_wex_3KSuGhC,gen_wex_3KSuGhC,gen,gen_candidate,calibration,Rolex,gen/calibration/gen_wex_3KSuGhC/image_03.jpg,4.41799195334961,48,1,3.0148,245.7587,-2.4160,0.12707,323.6055,0.79347,8,8,1.19021,0.79347,0.83918,1.35197,0.55428,0.00000,3.01476,171.15506,261.57332,0.00022,1.10000,1,-7.76756,1.71021,0.0112595,1.25294,0,,,,,0,,,,,0,,,,,1,-5.14833,2.84424,0.0129915,3.31154,0,,,,,0,,,,,1,-3.25271,3.12339,0.0110455,4.65719,0,,,,,1,-7.83598,2.10779,0.0101695,1.25342,0,,,,
gen_wex_3KSuGhC,gen_wex_3KSuGhC,gen,gen_candidate,calibration,Rolex,gen/calibration/gen_wex_3KSuGhC/image_04.jpg,3.7493298864961964,48,1,2.9284,359.9994,2.3489,0.15357,459.4822,1.35200,8,8,2.02800,1.35200,1.73935,2.70856,0.72714,1.83594,5.71207,14.93837,359.99943,0.00000,0.22375,0,,,,,0,,,,,0,,,,,0,,,,,1,-4.99831,-2.47956,0.0128175,3.44895,0,,,,,0,,,,,1,-4.44634,-1.9159,0.0142013,3.58705,0,,,,,0,,,,,0,,,,
gen_wex_e99gXKb,gen_wex_e99gXKb,gen,gen_candidate,calibration,Rolex,gen/calibration/gen_wex_e99gXKb/image_00.jpg,6.877377609921287,48,1,1.3819,185.3590,1.4517,0.19109,307.3904,0.62500,8,8,0.93750,0.62500,1.21423,2.52553,0.49745,1.07439,8.37343,101.75258,282.01649,0.00000,0.28344,1,0.298455,0.0364691,0.0189836,1.08065,1,-0.0278655,-0.0331861,0.0191006,1.06658,1,-0.119849,0.0808947,0.0188096,1.20513,1,-0.131579,-0.201969,0.0200137,1.24898,0,,,,,1,-0.0766504,0.204857,0.017691,1.25205,1,-0.301471,0.12753,0.0187382,1.21343,1,1.1907,0.141995,0.0257034,5.385,1,0.116472,0.126537,0.0192975,1.03546,1,0.0360306,0.0786239,0.0194002,1.10968,1,-0.715829,-0.10381,0.0266735,1.92792
gen_wex_e99gXKb,gen_wex_e99gXKb,gen,gen_candidate,calibration,Rolex,gen/calibration/gen_wex_e99gXKb/image_01.jpg,12.09669212278482,48,1,11.6209,61.1168,0.2716,0.00043,296.1709,0.71574,8,8,1.07362,0.71574,0.77065,0.82326,0.33739,10.69370,11.93905,61.11679,248.76052,0.00000,0.00055,0,,,,,0,,,,,0,,,,,0,,,,,1,-5.36186,-3.55594,0.00885123,2.87621,0,,,,,0,,,,,0,,,,,0,,,,,0,,,,,0,,,,
gen_wex_e99gXKb,gen_wex_e99gXKb,gen,gen_candidate,calibration,Rolex,gen/calibration/gen_wex_e99gXKb/image_02.jpg,8.61520267492932,48,1,8.5404,274.7337,-1.9953,0.00206,138.9492,0.30729,8,8,0.46094,0.30729,0.40041,0.40320,0.08400,6.58512,8.61518,91.69512,275.69681,0.00000,0.00206,1,0.101489,-3.28673,0.00917937,4.25302,1,-2.83572,-3.9068,0.0103778,18.4815,1,-2.0498,-3.0619,0.0113993,4.14545,1,-2.25577,-1.93984,0.0184529,4.0627,1,4.51407,-2.02479,0.015357,2.27009,1,-1.17975,-2.041,0.0145209,2.20297,0,,,,,1,5.93458,-2.7781,0.0108144,2.91277,1,-0.171783,-3.14349,0.00961879,3.61625,1,1.16957,-2.05792,0.0146065,3.46233,1,1.12397,-4.25387,0.0130685,2.66991
rep_vsf_sh7PSsh,rep_vsf_sh7PSsh,rep,rep_labelled,calibration,VSF,rep/calibration/rep_vsf_sh7PSsh/image_01.jpg,10.984749612018692,47,1,10.9128,5.3344,2.1267,0.00290,196.6120,0.71194,8,8,1.06791,0.71194,0.86749,0.35391,0.12104,10.89043,11.45085,0.00003,185.44748,0.00000,0.00290,0,,,,,1,-3.64616,-0.399201,0.0106717,2.96885,0,,,,,1,-2.80098,-4.00478,0.0100611,20.7414,1,5.64722,-3.17968,0.00968728,4.22213,0,,,,,1,-2.44156,-3.4958,0.012846,13.2969,1,7.31855,-2.97111,0.00816642,2.53508,0,,,,,0,,,,,0,,,,
rep_vsf_sh7PSsh,rep_vsf_sh7PSsh,rep,rep_labelled,calibration,VSF,rep/calibration/rep_vsf_sh7PSsh/image_04.jpg,4.509930446099395,48,1,6.1835,166.4372,-0.5341,0.00026,196.7197,0.64928,8,8,0.97392,0.64928,0.66745,0.16859,0.10457,5.24282,6.18517,160.48230,346.37358,0.00000,0.00347,1,-1.06285,0.273845,0.0164013,1.05679,1,-0.627152,0.546431,0.0163414,1.07577,1,0.464268,0.720196,0.0166011,1.14104,1,2.43605,2.66063,0.00813788,3.84767,1,1.10988,0.652145,0.0196742,8.29617,1,0.39642,0.428369,0.0188524,1.47901,0,,,,,1,1.06025,0.150823,0.0226331,6.3133,1,-0.321682,-0.164195,0.0170719,1.12261,1,-0.739174,-0.496159,0.0160304,1.08279,1,-1.1608,-0.124223,0.0241397,2.08795
rep_vsf_sh7PSsh,rep_vsf_sh7PSsh,rep,rep_labelled,calibration,VSF,rep/calibration/rep_vsf_sh7PSsh/image_05.jpg,6.767629849564249,42,1,6.9910,197.6254,0.2049,0.00000,106.1477,0.37464,8,8,0.56196,0.37464,0.43235,0.21529,0.06804,5.51185,6.99097,0.00030,201.86852,0.00000,0.00020,1,-0.662577,-0.42643,0.0161445,1.07019,1,-0.44215,0.0114954,0.016758,1.15067,1,0.642162,0.0798016,0.0160133,1.04868,1,2.21661,1.87582,0.00830909,3.52877,1,1.26021,-0.711116,0.0196913,8.06268,1,-0.262525,-0.550546,0.0164983,1.20147,1,0.558821,1.8461,0.00845176,3.52979,1,1.1353,-0.478727,0.0223078,6.92934,1,0.0436812,-0.388071,0.0168978,1.20326,1,0.11763,-2.79582,0.0089939,4.15749,1,-0.727068,-0.811242,0.0236889,2.08526
rep_vsf_GKJDidL,rep_vsf_GKJDidL,rep,rep_labelled,calibration,VSF,rep/calibration/rep_vsf_GKJDidL/image_00.jpg,4.818738180227867,48,1,2.9129,133.4242,0.4256,0.14940,288.0347,0.72994,8,8,1.09492,0.72994,0.93822,1.52142,0.33748,1.99445,6.79204,117.79502,172.68529,0.00039,0.32057,0,,,,,0,,,,,0,,,,,0,,,,,1,-5.03846,0.494627,0.0113422,4.20687,1,7.65071,0.0205611,0.0155196,2.00334,1,7.43844,0.014956,0.016096,1.86245,1,-5.91176,-0.439077,0.00986704,3.73354,0,,,,,0,,,,,0,,,,
rep_vsf_GKJDidL,rep_vsf_GKJDidL,rep,rep_labelled,calibration,VSF,rep/calibration/rep_vsf_GKJDidL/image_01.jpg,13.760837451950342,48,1,13.3091,328.8649,0.3388,0.05522,230.3475,0.50518,8,8,0.75777,0.50518,1.19518,1.58669,0.71794,12.88870,13.99540,144.71279,328.86489,0.00000,0.05522,1,2.34892,3.4595,0.00829482,6.30218,1,1.68786,0.855946,0.0145067,4.64471,0,,,,,1,-1.76115,4.05665,0.00951893,22.4057,0,,,,,1,1.70215,3.28377,0.00828911,4.00824,1,-2.93694,4.07813,0.00942191,21.1531,0,,,,,1,1.14578,3.23516,0.00870285,3.80673,1,-0.375186,2.9672,0.0137933,8.47824,1,2.89432,3.9363,0.0137676,2.2164
rep_vsf_HCz9EAj,rep_vsf_HCz9EAj,rep,rep_labelled,calibration,VSF,rep/calibration/rep_vsf_HCz9EAj/image_01.jpg,6.639655608291638,45,1,5.3584,339.8664,-2.0185,0.00589,188.3408,0.76412,8,8,1.14619,0.76412,0.84817,0.35011,0.14721,3.01394,5.41097,16.35445,359.99981,0.00000,0.00589,0,,,,,1,-7.96206,1.8449,0.0102665,1.11138,1,-6.99726,1.791,0.0115277,1.15982,1,-7.13462,1.30796,0.0118444,1.03549,1,-3.74464,0.160972,0.0122839,7.07553,1,-7.81061,-0.675714,0.0113308,1.2662,1,-7.88779,-0.656506,0.0117617,1.40417,1,-4.22276,-1.00792,0.0120299,5.79911,0,,,,,0,,,,,0,,,,
rep_vsf_HCz9EAj,rep_vsf_HCz9EAj,rep,rep_labelled,calibration,VSF,rep/calibration/rep_vsf_HCz9EAj/image_02.jpg,4.073038860829673,42,1,2.5120,299.4807,2.7483,0.31182,349.3346,1.50445,8,8,2.25667,1.50445,1.66383,2.03136,0.87529,2.50535,5.03507,0.00016,299.49352,0.00000,0.31261,0,,,,,0,,,,,0,,,,,0,,,,,1,-2.4143,-3.58872,0.00952749,3.81782,0,,,,,0,,,,,1,-2.4611,-3.00117,0.00973008,2.03965,0,,,,,0,,,,,0,,,,
rep_vsf_HCz9EAj,rep_vsf_HCz9EAj,rep,rep_labelled,calibration,VSF,rep/calibration/rep_vsf_HCz9EAj/image_07.jpg,3.9743620859786937,48,1,1.9119,133.6682,-0.8996,0.19926,301.1252,0.59535,8,8,0.89302,0.59535,0.86113,1.27526,0.31363,0.68629,3.38435,48.52996,189.28728,0.00016,0.52713,1,0.704536,0.41617,0.016621,1.06746,1,0.69916,0.389291,0.0166867,1.03256,1,1.42042,0.5984,0.0168607,1.15565,1,0.546269,0.430837,0.0194801,1.49583,1,1.06081,0.488299,0.019112,8.67777,1,0.0615315,0.272444,0.0199338,1.44541,1,0.11369,0.237527,0.0185813,1.35713,1,1.62138,0.342686,0.0176169,10.3437,1,0.342049,0.199493,0.0191663,1.22298,1,0.791647,0.406584,0.0181847,1.20177,1,0.67367,0.247524,0.0248588,2.07685
rep_vsf_oVwWMrC,rep_vsf_oVwWMrC,rep,rep_labelled,calibration,VSF,rep/calibration/rep_vsf_oVwWMrC/image_00.jpg,9.401118513871301,48,1,9.5564,346.8090,1.9181,0.00000,232.9213,0.63734,8,8,0.95601,0.63734,0.75264,0.59712,0.18826,8.57161,10.15314,166.79783,359.99991,0.00000,0.00144,1,0.223707,0.372831,0.0166952,1.08086,1,0.664184,0.272253,0.0175427,1.22258,1,0.640081,0.439869,0.0180106,1.30999,1,-0.0279211,0.629642,0.0175141,1.348,1,1.17933,0.74326,0.0183131,9.23617,1,0.179525,0.452853,0.0153056,1.05542,1,-0.24284,-0.284263,0.0157564,1.05927,1,0.799343,-0.383097,0.0193061,9.3436,1,-0.923901,-0.589686,0.0157707,1.06472,1,-0.893275,-0.321925,0.0168208,1.07541,0,,,,
rep_vsf_oVwWMrC,rep_vsf_oVwWMrC,rep,rep_labelled,calibration,VSF,rep/calibration/rep_vsf_oVwWMrC/image_01.jpg,8.876947273172693,48,1,9.8049,343.7844,2.1067,0.02330,227.9913,0.38128,8,8,0.57193,0.38128,0.90587,1.11896,0.41379,7.61895,10.06136,0.00009,345.69248,0.00000,0.02330,1,0.35718,0.527512,0.0165297,1.10775,1,0.975139,0.575479,0.0165497,1.10241,1,0.933584,0.642766,0.0161759,1.14021,1,-0.0244908,0.550565,0.0173743,1.29787,1,1.17487,0.588959,0.0180848,9.58166,1,0.156349,0.00499217,0.014501,1.40078,1,-0.135493,-0.344473,0.0156994,1.04329,1,0.801927,-0.417179,0.0194573,9.18718,1,-0.725254,-0.556117,0.015902,1.06167,1,-0.709551,-0.21093,0.0170633,1.07559,1,-0.186791,0.312637,0.0257433,2.08695
rep_vsf_KfRKFwA,rep_vsf_KfRKFwA,rep,rep_labelled,calibration,VSF,rep/calibration/rep_vsf_KfRKFwA/image_00.jpg,2.8113958257288134,44,1,2.9267,303.3881,1.0470,0.00009,225.7506,0.51482,8,8,0.77223,0.51482,0.54428,0.27326,0.10965,2.34046,2.92939,86.70798,303.41953,0.00000,0.00047,1,-0.174611,0.328277,0.0153399,1.07568,1,-0.126314,0.219666,0.015591,1.08664,0,,,,,1,-0.164391,0.238039,0.0148548,1.31138,1,0.83453,-0.0479229,0.0209011,8.03193,1,-0.117791,0.0350102,0.0156395,1.11378,1,0.229307,0.307498,0.0173886,1.49339,1,0.456818,0.13954,0.0203989,9.4236,1,-0.327469,0.31589,0.0162501,1.1351,1,-0.201984,0.245177,0.0158734,1.11461,1,-0.795337,-0.501994,0.02826,1.96884
rep_vsf_KfRKFwA,rep_vsf_KfRKFwA,rep,rep_labelled,calibration,VSF,rep/calibration/rep_vsf_KfRKFwA/image_03.jpg,2.8273547115737965,48,1,0.8798,169.9237,1.7057,0.45899,230.9203,0.41139,8,8,0.61708,0.41139,0.56180,0.88002,0.27068,0.68936,4.80029,30.15856,210.17478,0.00000,0.52996,1,0.330871,-0.0378324,0.0163157,1.27051,1,0.450907,-0.00331101,0.0171831,1.43478,0,,,,,1,-0.276113,0.572942,0.0146265,1.4327,1,0.786654,0.421778,0.0209582,8.23394,1,-0.139102,0.5496,0.0154283,1.12003,1,-0.394569,0.332298,0.0167723,1.43374,1,0.772115,0.221606,0.0196257,9.06449,1,-0.107427,0.213768,0.0170662,1.41349,1,0.390923,-0.279283,0.0156994,1.12838,1,-0.0102667,0.0635485,0.0263026,1.9976
rep_vsf_KfRKFwA,rep_vsf_KfRKFwA,rep,rep_labelled,calibration,VSF,rep/calibration/rep_vsf_KfRKFwA/image_08.jpg,5.385567141899849,44,1,1.2612,16.4977,0.8748,0.19706,217.1624,0.43112,8,8,0.64668,0.43112,0.53462,0.62926,0.24877,1.03657,5.22698,16.49766,359.99288,0.00000,0.28146,0,,,,,0,,,,,1,-3.53687,4.27088,0.00810935,22.5849,0,,,,,0,,,,,1,-3.26039,4.20037,0.00865435,22.5609,0,,,,,0,,,,,1,-0.227889,3.36416,0.0113537,11.1913,0,,,,,0,,,,
rep_cf_xK08a3L,rep_cf_xK08a3L,rep,rep_labelled,calibration,Clean,rep/calibration/rep_cf_xK08a3L/image_01.jpg,3.8948607669448703,48,1,1.4899,277.5021,0.9428,0.36155,212.2134,0.34867,8,8,0.52300,0.34867,0.44643,0.46141,0.17416,1.28484,2.99603,250.67148,277.50212,0.13406,0.36155,1,0.62027,0.00191454,0.0205045,1.20475,1,0.163082,0.151755,0.0204617,1.13015,1,0.0496046,0.179668,0.0211066,1.21023,1,0.720598,0.0294663,0.0200223,1.14285,1,0.27799,0.167447,0.0234035,6.51052,1,0.949642,0.0139014,0.0191092,1.20724,0,,,,,1,0.972478,-0.335747,0.019911,8.45852,1,0.00209031,0.0218417,0.0200023,1.21275,1,0.497405,-0.129602,0.0197341,1.2961,1,-0.0315584,0.495131,0.0300377,2.1636
rep_cf_xK08a3L,rep_cf_xK08a3L,rep,rep_labelled,calibration,Clean,rep/calibration/rep_cf_xK08a3L/image_02.jpg,12.182459523324303,42,1,11.0328,259.8581,2.2009,0.01198,304.8938,1.19625,8,8,1.79438,1.19625,1.31836,1.22802,0.36575,10.62648,12.29024,76.80946,262.83541,0.00000,0.01198,1,0.773625,3.02062,0.010686,3.98502,1,-0.358906,3.41455,0.00891686,4.8698,1,-2.59773,3.4534,0.00874566,4.16909,0,,,,,1,-2.3527,4.58476,0.00928495,28.0495,1,-2.48573,3.24897,0.00877134,3.22395,1,-2.66295,2.10427,0.0109742,2.15268,1,-0.611755,3.88047,0.0140473,19.7037,1,0.0206023,2.65749,0.0123523,3.16154,1,1.03526,2.87336,0.0111853,3.58918,1,-0.500073,3.96191,0.0238572,7.64483
rep_cf_xK08a3L,rep_cf_xK08a3L,rep,rep_labelled,calibration,Clean,rep/calibration/rep_cf_xK08a3L/image_03.jpg,8.473108956849714,47,1,6.0829,174.9185,2.1620,0.07023,313.1484,1.13217,8,8,1.69825,1.13217,1.27020,1.63628,0.70032,6.08286,8.10297,0.00005,359.17153,0.00000,0.07023,0,,,,,0,,,,,0,,,,,1,7.98719,0.0201569,0.0145238,2.29074,1,-5.53702,-2.57616,0.0102209,4.263,1,7.77745,-0.102116,0.0149746,1.97824,1,7.33666,-0.0669321,0.0161445,1.62435,1,-5.47656,-3.01875,0.0114792,3.13614,0,,,,,0,,,,,0,,,,
rep_cf_6I00d8w,rep_cf_6I00d8w,rep,rep_labelled,calibration,Clean,rep/calibration/rep_cf_6I00d8w/image_00.jpg,4.189183161115509,48,1,1.4123,218.7378,0.0991,0.25525,188.7549,0.61676,8,8,0.92515,0.61676,0.75080,0.70605,0.14835,1.41190,5.16153,74.66438,260.86601,0.00000,0.27093,1,-1.42828,0.469362,0.0144467,1.02715,1,-1.11799,0.197626,0.0145038,1.0283,1,-0.0852756,0.126009,0.0148548,1.01793,1,0.248595,1.61378,0.00892257,1.49843,1,0.296353,-0.0998228,0.0199395,10.2846,1,-1.07692,-0.567092,0.0146294,1.05921,1,-0.810579,-0.239112,0.0145438,1.03491,1,0.15519,-0.418065,0.0196057,9.5215,1,-1.27882,-0.693991,0.0142841,1.017,1,-1.75091,-0.556917,0.0143611,1.03413,1,-1.65735,-0.0392173,0.0238344,2.08466
rep_cf_6I00d8w,rep_cf_6I00d8w,rep,rep_labelled,calibration,Clean,rep/calibration/rep_cf_6I00d8w/image_01.jpg,5.7247780587732375,38,1,0.7361,199.5971,0.1006,0.23806,188.6284,0.48894,8,8,0.73341,0.48894,0.56671,1.16580,0.22823,0.45733,2.93766,170.86436,247.06290,0.21104,0.44875,0,,,,,1,0.362514,0.104128,0.0154483,1.02904,1,1.60726,0.338658,0.0154939,1.01629,1,1.90387,1.83793,0.00907665,1.64305,1,1.05029,-0.145111,0.0194373,8.58516,1,0.466537,-0.702483,0.0149233,1.09144,1,0.763394,-0.470186,0.0149718,1.03325,1,1.10773,-0.682366,0.0194088,8.46915,1,0.548364,-0.907856,0.0146179,1.09613,1,0.112756,-0.871182,0.0147292,1.09797,1,0.131069,-0.479884,0.0255122,2.11673
rep_cf_6I00d8w,rep_cf_6I00d8w,rep,rep_labelled,calibration,Clean,rep/calibration/rep_cf_6I00d8w/image_02.jpg,6.091612223674417,40,1,5.4818,321.5397,-0.6348,0.04797,187.2763,0.30477,8,8,0.45716,0.30477,0.60924,1.03563,0.35852,0.00000,5.48180,14.65827,343.14788,0.00000,0.87951,1,0.565809,-0.274546,0.0143326,1.24394,1,0.272979,-0.183597,0.0153541,1.04072,1,0.353001,0.00279419,0.0172288,1.17188,1,1.24471,1.96797,0.00891401,1.68826,1,0.780063,0.314294,0.0197712,9.10606,1,0.531225,1.72863,0.00864579,3.26844,1,0.961137,0.0565875,0.0151943,1.0362,1,1.16756,-0.14148,0.0194259,8.17751,1,0.885141,-0.580792,0.0150146,1.03004,1,0.520607,-0.586454,0.0151344,1.0459,1,0.592157,-0.300695,0.0255094,2.09931
rep_cf_6I00d8w,rep_cf_6I00d8w,rep,rep_labelled,calibration,Clean,rep/calibration/rep_cf_6I00d8w/image_03.jpg,12.375454348539714,36,1,13.6719,176.9868,-2.7144,0.00015,182.4350,0.54456,8,8,0.81684,0.54456,0.75531,1.57321,0.44401,10.58358,13.67192,0.00015,359.99984,0.00000,0.00574,1,-5.64167,-0.704676,0.0143497,1.42674,0,,,,,1,-1.02284,2.11782,0.00831479,1.69501,1,-2.68242,0.801618,0.0166867,6.41092,0,,,,,1,0.133819,-0.0935189,0.0166353,1.32693,1,-2.63546,-0.176426,0.017089,6.02684,0,,,,,1,0.141007,-0.102975,0.0162501,1.40591,1,-1.62307,-0.142373,0.0249529,2.06402,1,-2.19598,-1.11929,0.0149575,1.59661
rep_cf_sx6zSKZ,rep_cf_sx6zSKZ,rep,rep_labelled,calibration,Clean,rep/calibration/rep_cf_sx6zSKZ/image_01.jpg,8.582326456116409,41,1,5.5033,243.8411,-0.9961,0.00000,219.0074,0.48447,8,8,0.72670,0.48447,0.85677,1.23729,0.24219,1.65947,6.57277,46.53520,243.84113,0.00000,0.20794,1,0.624121,-2.88988,0.00887977,2.60287,1,-3.77459,-0.991327,0.0158335,2.23372,1,0.29199,-3.29095,0.00810935,3.47384,1,-2.86267,-3.98879,0.00986989,19.2029,1,6.17034,-3.18314,0.00893398,3.68133,0,,,,,0,,,,,0,,,,,1,-2.98171,-2.61169,0.0104748,1.96211,1,-3.24257,-2.34782,0.0150431,3.93952,1,0.339213,-3.44068,0.0133396,1.4034
rep_cf_bpdi5xV,rep_cf_bpdi5xV,rep,rep_labelled,calibration,Clean,rep/calibration/rep_cf_bpdi5xV/image_00.jpg,4.008311849056158,48,1,2.6925,85.9104,-0.7819,0.14591,298.1399,0.60574,8,8,0.90862,0.60574,0.95458,1.10431,0.51836,0.06728,3.83512,54.13943,275.71577,0.00000,1.03136,1,2.09745,0.236893,0.0189351,1.20372,1,2.51861,-0.0997459,0.0206158,1.17496,1,1.24862,0.234505,0.0185785,1.24048,1,1.54354,0.827617,0.015765,1.16908,1,1.38415,0.408001,0.0188952,8.08404,1,0.679414,0.253731,0.0173543,1.30633,1,1.56254,0.520411,0.0177681,1.43769,1,-0.11008,0.454536,0.0147834,8.4653,1,1.72931,-0.093232,0.0164127,1.03058,1,1.76688,0.165252,0.016738,1.06874,1,1.02237,0.117728,0.029681,2.1836
rep_cf_bpdi5xV,rep_cf_bpdi5xV,rep,rep_labelled,calibration,Clean,rep/calibration/rep_cf_bpdi5xV/image_06.jpg,10.110838567976801,48,1,7.2419,318.2802,-0.7146,0.00026,159.1642,0.41524,8,8,0.62286,0.41524,0.44653,0.37512,0.11385,7.24186,9.55342,135.53470,324.88976,0.00000,0.00033,1,2.35057,0.357011,0.0186869,1.21977,1,3.17761,-0.0826143,0.0208355,1.18268,1,2.12196,0.127444,0.0179108,1.22964,1,1.93916,0.607157,0.01635,1.13026,1,1.55112,0.293153,0.0191463,7.52066,1,1.58464,0.148726,0.0186013,1.5575,1,1.88146,0.275575,0.0182846,1.49015,1,-0.310911,0.128907,0.0149118,8.58731,1,0.951917,-0.0140323,0.0168265,1.21816,1,1.61897,0.485075,0.0179678,1.27637,1,1.02708,0.416722,0.0301747,2.14418
rep_cf_bpdi5xV,rep_cf_bpdi5xV,rep,rep_labelled,calibration,Clean,rep/calibration/rep_cf_bpdi5xV/image_08.jpg,5.024227618566932,48,1,4.2955,75.1737,0.6141,0.06733,159.3989,0.16561,8,8,0.24842,0.16561,0.28289,0.43692,0.16326,1.51969,4.79644,49.77451,277.73313,0.00000,0.22892,1,0.633672,2.70861,0.0161074,8.72595,1,1.74234,2.98748,0.00992125,3.78531,1,-3.3258,1.92012,0.013722,4.18027,1,1.19043,3.32576,0.00827485,4.41506,0,,,,,1,-1.87118,4.28303,0.00901958,37.3437,0,,,,,0,,,,,1,2.75662,0.445926,0.00992696,1.94029,1,2.12232,3.32388,0.00856875,4.76002,1,3.37161,4.22577,0.0121726,2.66986
rep_cf_bpdi5xV,rep_cf_bpdi5xV,rep,rep_labelled,calibration,Clean,rep/calibration/rep_cf_bpdi5xV/image_09.jpg,6.7883818716731446,48,1,4.5925,61.2293,0.2199,0.05551,156.6556,0.30133,8,8,0.45200,0.30133,0.37671,0.38837,0.17058,3.12957,5.19968,48.22938,245.28474,0.00000,0.10402,1,2.14735,0.0939982,0.0184757,1.17943,1,2.82242,0.0207677,0.0196342,1.26248,1,1.52993,0.481407,0.016213,1.06698,1,2.0209,0.690991,0.0160503,1.15274,1,1.6089,0.21736,0.0195486,7.17464,1,1.57899,0.235519,0.0201764,1.59524,1,1.8168,0.580113,0.0197398,1.58782,1,-0.423766,0.820993,0.0161245,6.33868,1,2.17418,0.355109,0.0191919,1.11848,1,2.54878,0.181706,0.0188552,1.18003,1,1.52817,0.0513229,0.0309051,2.08379
rep_cf_QsJT2wk,rep_cf_QsJT2wk,rep,rep_labelled,calibration,Clean,rep/calibration/rep_cf_QsJT2wk/image_01.jpg,11.841418387512286,44,1,12.0413,312.6472,3.1003,0.00017,261.5096,0.72180,8,8,1.08270,0.72180,0.81632,0.62972,0.21662,11.05396,12.04133,129.16255,312.65167,0.00000,0.00034,0,,,,,0,,,,,0,,,,,1,-7.37497,-0.206358,0.0108971,1.71708,1,-3.03739,-1.08348,0.017323,4.51465,1,-5.62963,-1.7033,0.015434,1.69559,1,-5.56064,-2.45062,0.0128488,2.28921,1,-3.77841,-4.59707,0.00820066,17.7815,1,-7.31811,-3.05199,0.00866291,2.07839,1,-7.78451,-2.92535,0.00817498,1.56776,0,,,,
rep_cf_QsJT2wk,rep_cf_QsJT2wk,rep,rep_labelled,calibration,Clean,rep/calibration/rep_cf_QsJT2wk/image_02.jpg,11.03322185456376,42,1,10.9348,301.2966,-2.0621,0.00097,133.6122,0.33894,8,8,0.50841,0.33894,0.43240,0.69011,0.16341,8.38840,10.94544,116.60522,301.29655,0.00000,0.00457,1,-1.03179,-0.463133,0.0180962,1.3133,1,-2.09716,-0.654015,0.0179735,1.28622,1,-3.64725,0.00864651,0.0196371,1.25329,1,-2.41222,0.625667,0.0204389,1.34717,1,-0.192478,1.79941,0.0242139,7.32621,1,-0.11765,0.823758,0.020767,1.74694,1,0.00360406,0.487683,0.0209496,1.39025,1,-0.00169764,0.857428,0.0301575,4.49731,1,-0.777247,0.178718,0.019229,1.05354,1,-0.259159,0.465994,0.0188495,1.28232,1,-1.72264,-0.41095,0.0263739,2.22502
rep_cf_QsJT2wk,rep_cf_QsJT2wk,rep,rep_labelled,calibration,Clean,rep/calibration/rep_cf_QsJT2wk/image_03.jpg,12.618340042428988,39,1,11.8469,112.7314,-0.5590,0.00157,128.9951,0.25430,8,8,0.38145,0.25430,0.35147,0.46666,0.11163,10.63780,11.84688,110.71505,293.22462,0.00000,0.00157,1,0.743036,0.0960625,0.0197483,1.21246,1,-0.0509656,-0.171968,0.0192148,1.25716,1,-1.10667,0.033986,0.0204503,1.21764,1,0.163839,0.647388,0.020085,1.57775,1,0.336563,0.952203,0.0251184,6.52847,1,0.825161,0.0867544,0.0225675,1.49444,1,0.0986284,-0.0226286,0.0216173,1.45207,1,0.198034,0.311938,0.0297752,4.8725,1,0.2372,0.851037,0.0213491,1.98021,1,-0.384584,0.463422,0.0194915,1.29712,1,0.326684,0.383499,0.030654,2.29603
rep_cf_QsJT2wk,rep_cf_QsJT2wk,rep,rep_labelled,calibration,Clean,rep/calibration/rep_cf_QsJT2wk/image_04.jpg,12.682462029296445,40,1,12.0476,108.7269,-0.0005,0.00000,132.9670,0.39047,8,8,0.58570,0.39047,0.44163,0.40671,0.16325,12.04746,13.47626,107.61503,291.05221,0.00000,0.00313,1,-6.33965,-3.69807,0.00853736,6.76405,0,,,,,0,,,,,0,,,,,0,,,,,1,1.02055,1.24039,0.0177852,2.28282,0,,,,,0,,,,,1,-0.130827,2.39482,0.0156823,4.57288,0,,,,,0,,,,
rep_cf_QsJT2wk,rep_cf_QsJT2wk,rep,rep_labelled,calibration,Clean,rep/calibration/rep_cf_QsJT2wk/image_06.jpg,45.71148495644719,35,1,45.5556,93.9087,2.7526,0.00023,243.6016,0.95983,8,8,1.43974,0.95983,1.11392,2.32512,0.56934,45.47669,45.64940,92.75883,273.97458,0.00000,0.00027,1,5.32752,-0.0241579,0.0223849,1.05625,1,6.30509,-0.356333,0.0168265,1.39532,0,,,,,1,2.7825,-0.859517,0.0100268,15.24,1,-0.00240666,-0.448046,0.0104577,2.57188,0,,,,,1,-5.26872,2.17002,0.0156566,3.27861,0,,,,,1,7.99492,0.216003,0.0144239,2.33237,1,6.0537,0.0655893,0.020222,1.1914,1,4.45949,0.0907765,0.0252126,2.33623
rep_cf_f71234_Sw2D1Bt,rep_cf_f71234_Sw2D1Bt,rep,rep_labelled,calibration,Clean,rep/calibration/rep_cf_f71234_Sw2D1Bt/image_01.jpg,5.6154871834164215,48,1,3.0614,52.6705,1.3529,0.09044,222.0286,0.33296,8,8,0.49944,0.33296,0.48829,0.79644,0.23782,0.91005,3.06139,35.09279,205.36841,0.00000,0.37508,1,0.513506,-0.245534,0.0214062,1.28511,1,-0.163934,-0.217984,0.0208583,1.27446,1,-0.735103,0.181845,0.0196799,1.27105,1,-0.583551,0.0589435,0.0190179,1.21363,1,0.0807363,-0.314749,0.0304086,4.56144,1,-0.236328,0.0250992,0.0197626,1.1393,1,-0.112302,-2.88011,0.00810935,2.8771,1,2.18557,-2.13327,0.0136164,18.5688,1,0.747242,-0.115337,0.0215175,1.21802,1,0.948203,-0.206648,0.021389,1.21593,1,-0.184868,-0.067074,0.0358586,2.05211
rep_cf_f71234_Sw2D1Bt,rep_cf_f71234_Sw2D1Bt,rep,rep_labelled,calibration,Clean,rep/calibration/rep_cf_f71234_Sw2D1Bt/image_02.jpg,6.220537725810149,48,1,4.3523,71.6333,1.1760,0.05049,218.6698,0.39287,8,8,0.58930,0.39287,0.50732,0.60644,0.23050,0.99696,5.32003,0.01949,246.85044,0.00000,0.05082,1,0.39196,-0.222616,0.0211693,1.2454,1,-0.249359,-0.180855,0.0211808,1.25118,1,-0.587059,0.153955,0.0198939,1.27843,1,-0.42935,0.164215,0.0191149,1.27385,1,0.102635,-0.281758,0.0306141,4.74573,1,-0.0511355,-0.0709833,0.019132,1.14626,1,0.655889,1.7917,0.010295,2.93725,1,2.05536,1.86021,0.014033,18.4441,1,0.381654,-0.13381,0.0213462,1.22195,1,0.58697,-0.196312,0.0211779,1.19561,1,-0.518981,0.0153445,0.0363037,2.08705
rep_arf_m304y61,rep_arf_m304y61,rep,rep_labelled,calibration,ARF,rep/calibration/rep_arf_m304y61/image_01.jpg,3.9127745498026263,48,1,0.7141,218.6863,-0.2102,0.32486,279.1856,0.36226,8,8,0.54340,0.36226,0.64665,1.07597,0.29363,0.71413,5.27343,135.23046,332.69375,0.00000,0.32486,1,-0.706026,-0.11559,0.0146693,1.08849,1,-0.159629,0.0509595,0.0150374,1.0589,1,0.456053,0.330707,0.015785,1.02887,1,0.730364,0.342725,0.0169492,1.37888,1,0.830257,0.0984272,0.0203504,8.49165,1,0.995989,0.0250667,0.0159847,1.09297,1,0.681862,-0.0809866,0.0181504,1.39701,1,0.798506,-0.320577,0.0205045,8.38598,0,,,,,1,-0.346704,-0.298909,0.015006,1.18779,1,-0.586124,0.0349216,0.026665,1.97677
rep_cplus_wEYZOyK,rep_cplus_wEYZOyK,rep,rep_labelled,calibration,C+ Factory,rep/calibration/rep_cplus_wEYZOyK/image_00.jpg,6.207082200907819,44,1,1.8065,341.5371,-1.6008,0.15575,174.0717,1.31506,8,8,1.97259,1.31506,1.42705,0.77901,0.15512,0.57174,2.46453,0.00303,345.28715,0.13246,0.50911,1,-7.94025,0.563783,0.0124094,1.68191,0,,,,,1,-7.51809,1.93552,0.0109171,1.18709,0,,,,,1,-3.98383,2.89168,0.0128631,5.65606,1,-7.36584,2.11397,0.010783,1.25929,1,-7.24303,1.8447,0.0112681,1.14534,1,-3.44507,1.44477,0.0136849,6.7608,1,-7.42641,0.798729,0.0116932,1.15697,1,-7.96956,0.539635,0.01199,1.45746,0,,,,
rep_cplus_wEYZOyK,rep_cplus_wEYZOyK,rep,rep_labelled,calibration,C+ Factory,rep/calibration/rep_cplus_wEYZOyK/image_02.jpg,5.806008392913971,47,1,2.6482,313.1698,-1.4119,0.32455,175.7235,1.06390,8,8,1.59586,1.06390,1.13767,1.01135,0.31684,1.72083,3.84214,256.47079,318.64634,0.16401,0.41667,0,,,,,0,,,,,1,-7.92625,1.49209,0.0109627,1.1102,0,,,,,1,-4.00741,2.28169,0.0128032,5.6245,1,-7.3544,1.90901,0.0110797,1.09266,1,-7.37705,1.6779,0.0114649,1.05852,1,-3.52351,1.45601,0.0135137,6.71332,1,-7.62192,0.903183,0.0114364,1.21205,0,,,,,0,,,,
rep_cplus_wEYZOyK,rep_cplus_wEYZOyK,rep,rep_labelled,calibration,C+ Factory,rep/calibration/rep_cplus_wEYZOyK/image_03.jpg,6.516768126929766,46,1,7.0883,112.4865,-0.2943,0.00752,184.3349,1.17236,8,8,1.75855,1.17236,1.25982,0.63900,0.22919,5.66017,7.86012,93.50824,293.26517,0.00000,0.00752,1,-7.9472,-1.41123,0.0110284,1.28277,0,,,,,0,,,,,0,,,,,1,-4.11939,1.37054,0.0128289,5.49734,0,,,,,1,-7.52456,0.25238,0.0114906,1.11469,1,-3.68661,-0.426563,0.0130771,6.66819,1,-7.68726,-1.06464,0.0112681,1.24745,0,,,,,0,,,,
rep_cplus_wEYZOyK,rep_cplus_wEYZOyK,rep,rep_labelled,calibration,C+ Factory,rep/calibration/rep_cplus_wEYZOyK/image_04.jpg,6.213528455705312,48,1,7.6256,269.9719,-2.7035,0.00378,158.1272,0.39776,8,8,0.59665,0.39776,0.45425,0.98674,0.19579,2.77416,8.10736,86.54484,298.59998,0.00000,0.15904,0,,,,,1,3.07511,-1.54871,0.00865435,7.13074,0,,,,,0,,,,,0,,,,,0,,,,,0,,,,,0,,,,,0,,,,,0,,,,,0,,,,
rep_cplus_wEYZOyK,rep_cplus_wEYZOyK,rep,rep_labelled,calibration,C+ Factory,rep/calibration/rep_cplus_wEYZOyK/image_05.jpg,7.747133216785896,48,1,7.3728,124.9234,-2.3186,0.00028,162.4613,0.42245,8,8,0.63367,0.42245,0.50570,0.45662,0.08093,7.37279,9.39928,124.92336,310.65485,0.00000,0.00028,0,,,,,0,,,,,1,3.44014,-1.18186,0.0138361,7.0768,0,,,,,0,,,,,0,,,,,0,,,,,1,3.59109,3.70005,0.010295,11.2824,0,,,,,0,,,,,0,,,,
