control_id,reference,factory,human_label,label_strength,source_url,page_status,candidate_urls,downloaded_images,pose_accepted,measured_images,low_tilt_images,notes
rep-001,126710,VSF,12_marker_rotation_or_lateral,reviewer_confirmed,https://www.reddit.com/r/RepTimeQC/comments/1sun8dh/qc_gmt_master_ii_126710/,page_fetch_failed:HTTPError:403 Client Error: Blocked for url: https://www.reddit.com/r/RepTimeQC/comments/1sun8dh/qc_gmt_master_ii_126710/,0,0,0,0,0,
rep-002,126710,VSF,12_marker_clockwise_shift,op_label,https://www.reddit.com/r/RepTimeQC/comments/1u4s05q/qc_vsf_gmt_master_ii_126710/,page_fetch_failed:HTTPError:403 Client Error: Blocked for url: https://www.reddit.com/r/RepTimeQC/comments/1u4s05q/qc_vsf_gmt_master_ii_126710/,0,0,0,0,0,
rep-003,126710,Rich,12_and_9_rotation_plus_6_left,reviewer_confirmed,https://www.reddit.com/r/RepTimeQC/comments/1uqwo43/1st_qc_gmtmaster_ii_126710_rich/,page_fetch_failed:HTTPError:403 Client Error: Blocked for url: https://www.reddit.com/r/RepTimeQC/comments/1uqwo43/1st_qc_gmtmaster_ii_126710_rich/,0,0,0,0,0,
rep-004,126710BLNR,VSF,6_left_and_9_cw_tilt,op_label,https://www.reddit.com/r/RepTimeQC/comments/1ubo90g/vsf_gmt_master_ll_126710blnr_oyster_batman/,page_fetch_failed:HTTPError:403 Client Error: Blocked for url: https://www.reddit.com/r/RepTimeQC/comments/1ubo90g/vsf_gmt_master_ll_126710blnr_oyster_batman/,0,0,0,0,0,
rep-005,126710BLRO,Clean,6_marker_ccw_rotation,strong_consensus,https://www.reddit.com/r/RepTimeQC/comments/1jawk9m/qc_assistance_needed_cf_pepsi_gmtii_126710blro_v3s/,page_fetch_failed:HTTPError:403 Client Error: Blocked for url: https://www.reddit.com/r/RepTimeQC/comments/1jawk9m/qc_assistance_needed_cf_pepsi_gmtii_126710blro_v3s/,0,0,0,0,0,
rep-006,126710,ARF,6_marker_left,op_plus_reviewer_partial,https://www.reddit.com/r/RepTimeQC/comments/1wdwuln/qc_gmt_126710_v3/,page_fetch_failed:HTTPError:403 Client Error: Blocked for url: https://www.reddit.com/r/RepTimeQC/comments/1wdwuln/qc_gmt_126710_v3/,0,0,0,0,0,
rep-007,126710,Clean,12_marker_left,reviewer_confirmed,https://www.reddit.com/r/RepTimeQC/comments/1lew8vw/trying_1_more_time_please_help_with_qc_of_cf_pepsi_gmt_v3/,page_fetch_failed:HTTPError:403 Client Error: Blocked for url: https://www.reddit.com/r/RepTimeQC/comments/1lew8vw/trying_1_more_time_please_help_with_qc_of_cf_pepsi_gmt_v3/,0,0,0,0,0,
rep-008,126710,VSF,markers_aligned_negative_control,consensus_negative,https://www.reddit.com/r/RepTimeQC/comments/1sho1ev/qc_gmtmaster_ii_126710_vsf_pepsi/,page_fetch_failed:HTTPError:403 Client Error: Blocked for url: https://www.reddit.com/r/RepTimeQC/comments/1sho1ev/qc_gmtmaster_ii_126710_vsf_pepsi/,0,0,0,0,0,
rep-009,126710,Clean,pose_confounded_false_positive,reviewer_rejected_label,https://www.reddit.com/r/RepTimeQC/comments/1k26q4d/qc_gmtmaster_ii_pepsi_126710_cf_v3/,page_fetch_failed:HTTPError:403 Client Error: Blocked for url: https://www.reddit.com/r/RepTimeQC/comments/1k26q4d/qc_gmtmaster_ii_pepsi_126710_cf_v3/,0,0,0,0,0,
