control_id,human_label,label_strength,expected_primary_metric,evaluable,exclusion_reason,mapped_metric,metric_mapping_note,signed_deviation,mad_multiples,evidence_strength
rep-001,12_marker_rotation_or_lateral,reviewer_confirmed,,false,fetch_blocked: gallery-dl reddit extractor returned 'You've been blocked by network security' (Reddit anti-bot block on the fetching network -- reproduced identically from the GitHub Actions runner and this session's own sandboxed network path; no Reddit API credentials available to attempt an authenticated alternative),,,,,
rep-002,12_marker_clockwise_shift,op_label,,false,fetch_blocked: gallery-dl reddit extractor returned 'You've been blocked by network security' (Reddit anti-bot block on the fetching network -- reproduced identically from the GitHub Actions runner and this session's own sandboxed network path; no Reddit API credentials available to attempt an authenticated alternative),,,,,
rep-003,12_and_9_rotation_plus_6_left,reviewer_confirmed,,false,fetch_blocked: gallery-dl reddit extractor returned 'You've been blocked by network security' (Reddit anti-bot block on the fetching network -- reproduced identically from the GitHub Actions runner and this session's own sandboxed network path; no Reddit API credentials available to attempt an authenticated alternative),,,,,
rep-004,6_left_and_9_cw_tilt,op_label,,false,fetch_blocked: gallery-dl reddit extractor returned 'You've been blocked by network security' (Reddit anti-bot block on the fetching network -- reproduced identically from the GitHub Actions runner and this session's own sandboxed network path; no Reddit API credentials available to attempt an authenticated alternative),,,,,
rep-005,6_marker_ccw_rotation,strong_consensus,,false,fetch_blocked: gallery-dl reddit extractor returned 'You've been blocked by network security' (Reddit anti-bot block on the fetching network -- reproduced identically from the GitHub Actions runner and this session's own sandboxed network path; no Reddit API credentials available to attempt an authenticated alternative),,,,,
rep-006,6_marker_left,op_plus_reviewer_partial,,false,fetch_blocked: gallery-dl reddit extractor returned 'You've been blocked by network security' (Reddit anti-bot block on the fetching network -- reproduced identically from the GitHub Actions runner and this session's own sandboxed network path; no Reddit API credentials available to attempt an authenticated alternative),,,,,
rep-007,12_marker_left,reviewer_confirmed,,false,fetch_blocked: gallery-dl reddit extractor returned 'You've been blocked by network security' (Reddit anti-bot block on the fetching network -- reproduced identically from the GitHub Actions runner and this session's own sandboxed network path; no Reddit API credentials available to attempt an authenticated alternative),,,,,
rep-008,markers_aligned_negative_control,consensus_negative,,false,fetch_blocked: gallery-dl reddit extractor returned 'You've been blocked by network security' (Reddit anti-bot block on the fetching network -- reproduced identically from the GitHub Actions runner and this session's own sandboxed network path; no Reddit API credentials available to attempt an authenticated alternative),,,,,
rep-009,pose_confounded_false_positive,reviewer_rejected_label,,false,fetch_blocked: gallery-dl reddit extractor returned 'You've been blocked by network security' (Reddit anti-bot block on the fetching network -- reproduced identically from the GitHub Actions runner and this session's own sandboxed network path; no Reddit API credentials available to attempt an authenticated alternative),,,,,
