source_id,image_index,physical_watch_id,provenance_class,model,image_url
soth_f83f,0,soth_f83f,auction_house,126710BLNR,https://sothebys-md.brightspotcdn.com/dims4/default/cc153fb/2147483647/strip/true/crop/900x900+0+0/resize/800x800!/quality/90/?url=http%3A%2F%2Fsothebys-brightspot.s3.amazonaws.com%2Fmedia-desk%2F24%2Fc9%2F8b1129504a47835a32393d0568b9%2F2.jpg
soth_a3e8,0,soth_a3e8,auction_house,126710BLNR,https://sothebys-md.brightspotcdn.com/dims4/default/bb3820a/2147483647/strip/true/crop/2400x2400+0+0/resize/800x800!/quality/90/?url=http%3A%2F%2Fsothebys-brightspot.s3.amazonaws.com%2Fmedia-desk%2Fe1%2Fc3%2F58495eb0480eba0ddb7690061b29%2Frolex-batgirl-gmt-master-ii-reference-126710blnr-a-stainless-steel-automatic-wristwatch-with-date-circa-2020.png
soth_1a0f,0,soth_1a0f,auction_house,126710BLNR,https://sothebys-md.brightspotcdn.com/dims4/default/ee824f8/2147483647/strip/true/crop/900x900+0+0/resize/800x800!/quality/90/?url=http%3A%2F%2Fsothebys-brightspot.s3.amazonaws.com%2Fmedia-desk%2F2e%2Fff%2Feec3a7a349ce8e77e12b357dea82%2F2.jpg
soth_6ae6,0,soth_6ae6,auction_house,126710BLNR,https://sothebys-md.brightspotcdn.com/dims4/default/c0baca1/2147483647/strip/true/crop/3543x3543+0+0/resize/800x800!/quality/90/?url=http%3A%2F%2Fsothebys-brightspot.s3.amazonaws.com%2Fmedia-desk%2F90%2F33%2Febc99f7948eb87558e1b4e5340e1%2F3-gmt-master-ii-batman-current-front.png
soth_8ccb,0,soth_8ccb,auction_house,126710BLNR,https://sothebys-md.brightspotcdn.com/dims4/default/0c6cbef/2147483647/strip/true/crop/900x900+0+0/resize/800x800!/quality/90/?url=http%3A%2F%2Fsothebys-brightspot.s3.amazonaws.com%2Fmedia-desk%2F01%2Fde%2Fb358a55d47d298c4d363db4c5660%2F2.jpg
soth_2019_lot6,4,soth_2019_lot6,auction_house,126710BLNR,https://sothebys-md.brightspotcdn.com/dims4/default/cc05884/2147483647/strip/true/crop/800x1504+0+0/resize/4096x7700!/quality/90/?url=http%3A%2F%2Fsothebys-brightspot.s3.amazonaws.com%2Fmedia-desk%2Fea%2Fc8%2Fe227751541a28e53123f3d81f491%2F184n10225-bbp4q.jpg
soth_2021_lot224,0,soth_2021_lot224,auction_house,126710BLNR,https://sothebys-md.brightspotcdn.com/dims4/default/4bdcb0b/2147483647/strip/true/crop/3543x3543+0+0/resize/4096x4096!/quality/90/?url=http%3A%2F%2Fsothebys-brightspot.s3.amazonaws.com%2Fmedia-desk%2F91%2Fb2%2Fb6cdd06b473dbf3968cfabbec4fe%2Fmiol62-d72n8-t2-02.jpg
soth_6456,1,soth_6456,auction_house,126710BLNR,https://sothebys-md.brightspotcdn.com/dims4/default/a314938/2147483647/strip/true/crop/900x900+0+0/resize/800x800!/quality/90/?url=http%3A%2F%2Fsothebys-brightspot.s3.amazonaws.com%2Fmedia-desk%2F93%2Fa6%2Fd18156a9431b9a1db2dea98450d9%2F1.jpg
wos_cpo_40616911,1,wos_cpo_40616911,rolex_cpo,126710BLNR,https://www.watchesofswitzerland.com/cdn/shop/files/40616911_1.jpg?height=4000&v=1758689262&width=4000
bobs_185749,0,bobs_185749,established_dealer,126710BLNR,https://www.bobswatches.com/images/zUsed-Rolex-GMT-Master-II-126710-Black-Dial-SKU185749.jpg
bobs_175818,0,bobs_175818,established_dealer,126710BLNR,https://www.bobswatches.com/images/zUsed-Rolex-GMT-Master-II-126710-Black-Chromalight-Dial-SKU175818.jpg
wf_441391,0,wf_441391,established_dealer,126710BLNR,"https://www.watchfinder.com/media/catalog/product/W/a/Watch-1-fb19c5574d9e435bad01dce3d3e0b58b_1.jpg?quality=80&bg-color=255,255,255&fit=bounds&height=1280&width=1280"
wf_435502,0,wf_435502,established_dealer,126710BLNR,https://www.watchfinder.com/media/catalog/product/C/a/Catalogue-1-Rolex-GMTMasterII-126710BLNR-39491-190607-085458-_171.jpg?quality=80&bg-color=255
swe_75910,0,swe_75910,established_dealer,126710BLNR,https://cdn.swisswatchexpo.com/productphotos/1/9/rolex-gmt-master-ii-steel-black-blue-batgirl-bezel-mens-watch-126710-75910_ca712.jpg
swe_68408,0,swe_68408,established_dealer,126710BLNR,https://cdn.swisswatchexpo.com/productphotos/3/1/rolex-gmt-master-ii-black-blue-batman-bezel-steel-mens-watch-126710-68408_fce2c.jpg
swe_60177,0,swe_60177,established_dealer,126710BLNR,https://cdn.swisswatchexpo.com/productphotos/3/25/rolex-gmt-master-ii-batgirl-black-blue-bezel-steel-mens-watch-126710-card-60177_1c27c.jpg
swe_59259,0,swe_59259,established_dealer,126710BLNR,https://cdn.swisswatchexpo.com/productphotos/2/23/rolex-gmt-master-ii-batgirl-black-blue-bezel-steel-mens-watch-126710-unworn-59259_a10b3.jpg
swe_68784,0,swe_68784,established_dealer,126710BLNR,https://cdn.swisswatchexpo.com/productphotos/3/13/rolex-gmt-master-ii-batgirl-black-blue-bezel-steel-mens-watch-126710-unworn-68784_c0f62.jpg
swe_68351,0,swe_68351,established_dealer,126710BLNR,https://cdn.swisswatchexpo.com/productphotos/2/20/rolex-gmt-master-ii-batgirl-black-blue-bezel-steel-mens-watch-126710-card-68351_f20d3.jpg
swe_42335,0,swe_42335,established_dealer,126710BLNR,https://cdn.swisswatchexpo.com/productphotos/4/7/rolex-gmt-master-ii-black-blue-batman-steel-mens-watch-126710-unworn-42335_e5a07.jpg
swe_77497,0,swe_77497,established_dealer,126710BLNR,https://cdn.swisswatchexpo.com/productphotos/2/26/rolex-gmt-master-ii-steel-batgirl-black-blue-bezel-mens-watch-126710-77497_ab4ee.jpg
swe_74119,0,swe_74119,established_dealer,126710BLNR,https://cdn.swisswatchexpo.com/productphotos/10/22/rolex-gmt-master-ii-steel-batman-bezel-mens-watch-126710-74119_e5cb6.jpg
