source_id,image_url,reason
wf_435502,https://www.watchfinder.com/media/catalog/product/C/a/Catalogue-1-Rolex-GMTMasterII-126710BLNR-39491-190607-085458-_171.jpg?quality=80&bg-color=255,"landmarks landed on the date-cyclops ""2"" digit, not the triangle -- dial circle mis-detected"
swe_77497,https://cdn.swisswatchexpo.com/productphotos/2/26/rolex-gmt-master-ii-steel-batgirl-black-blue-bezel-mens-watch-126710-77497_ab4ee.jpg,"landmarks landed on the ROLEX dial text/brand-name area, not the triangle -- dial circle mis-detected"
swe_60177,https://cdn.swisswatchexpo.com/productphotos/3/25/rolex-gmt-master-ii-batgirl-black-blue-bezel-steel-mens-watch-126710-card-60177_1c27c.jpg,"landmarks landed near ROLEX text/hour hand, not the triangle -- dial circle mis-detected"
bobs_185749,https://www.bobswatches.com/images/zUsed-Rolex-GMT-Master-II-126710-Black-Dial-SKU185749.jpg,"landmarks landed on the bezel numerals/rehaut area, not the dial 12 o'clock region -- dial circle radius too large/off-centre"
bobs_175818,https://www.bobswatches.com/images/zUsed-Rolex-GMT-Master-II-126710-Black-Chromalight-Dial-SKU175818.jpg,"landmarks landed on the bezel numerals/rehaut text, not the dial 12 o'clock region -- dial circle radius too large/off-centre"
soth_2019_lot6,https://sothebys-md.brightspotcdn.com/dims4/default/cc05884/2147483647/strip/true/crop/800x1504+0+0/resize/4096x7700!/quality/90/?url=http%3A%2F%2Fsothebys-brightspot.s3.amazonaws.com%2Fmedia-desk%2Fea%2Fc8%2Fe227751541a28e53123f3d81f491%2F184n10225-bbp4q.jpg,"landmarks landed on the date-cyclops region, not the triangle -- dial circle mis-detected (tall narrow crop confused the Hough circle fit)"
swe_59259,https://cdn.swisswatchexpo.com/productphotos/2/23/rolex-gmt-master-ii-batgirl-black-blue-bezel-steel-mens-watch-126710-unworn-59259_a10b3.jpg,"landmarks landed on the date-cyclops ""2"" digit, not the triangle -- dial circle mis-detected"
swe_68784,https://cdn.swisswatchexpo.com/productphotos/3/13/rolex-gmt-master-ii-batgirl-black-blue-bezel-steel-mens-watch-126710-unworn-68784_c0f62.jpg,"landmarks landed near the hour hand/bezel edge with the axis line off-frame, not the triangle -- dial circle mis-detected"
soth_6456,https://sothebys-md.brightspotcdn.com/dims4/default/a314938/2147483647/strip/true/crop/900x900+0+0/resize/800x800!/quality/90/?url=http%3A%2F%2Fsothebys-brightspot.s3.amazonaws.com%2Fmedia-desk%2F93%2Fa6%2Fd18156a9431b9a1db2dea98450d9%2F1.jpg,acceptance-overlay crop shows bracelet-link pattern where the dial 12 o'clock region should be; coronet identification ambiguous -- excluded out of caution rather than trusted without confident visual confirmation
