watch_id,model,factory,source_url,ground_truth_class,target_feature,ground_truth_note,status
REP001,126710BLNR,VSF,https://www.reddit.com/r/RepTimeQC/comments/1vqy953/qc_vsf_gmt_batman_126710blnr/,defect_positive,h12,"Independent commenter explicitly flags 12-hour index as really off; candidate strong 12-marker defect.",candidate
REP002,126710BLNR,VSF,https://www.reddit.com/r/RepTimeQC/comments/1waphh4/qc_vsf_gmt_batman_126710blnr_second_one/,defect_positive,h12,"OP questions 12 triangle and independent commenter reports 12 marker shifted slightly left; candidate tangential/axis defect.",candidate
REP003,126710BLNR,VSF,https://www.reddit.com/r/RepTimeQC/comments/1vyaj2t/first_qc_gmt_master_ii_batgirl_vsf_v3/,defect_positive,h12+h06,"OP reports 12 and 6 canted clockwise; retain only if discussion/image evidence independently supports the relevant marker label.",needs_ground_truth_review
REP004,126710BLNR,VSF,https://www.reddit.com/r/RepTimeQC/comments/1ubo90g/vsf_gmt_master_ll_126710blnr_oyster_batman/,possible_defect,h06+h09,"OP reports 6 slightly left and 9 slight clockwise tilt; useful candidate but needs independent confirmation before defect-positive label.",needs_ground_truth_review
REP005,126710BLNR,Clean,https://www.reddit.com/r/RepTimeQC/comments/15zpu9v/another_gmt_from_geektime_crooked_6_marker/,clean_control,h06,"OP suspected crooked 6 but reviewers attributed appearance to photo angle and called easy GL. Valuable negative control against false 6-marker detection.",candidate
REP006,126710BLNR,Clean,https://www.reddit.com/r/RepTimeQC/comments/1cr2q3c/first_time_qc_any_help_or_advice_greatly_appreciated/,possible_defect,h06,"OP reports possible 6 offset but discussion primarily confirms date issue. Do not treat 6 as defect-positive without stronger evidence.",needs_ground_truth_review
REP007,126710BLNR,Clean,https://www.reddit.com/r/RepTimeQC/comments/166f6o9/qc_126710_clean_factory/,clean_control,h06,"6 described as tiny/tiny bit off but reviewer would GL. Candidate borderline/clean control for visually meaningful threshold work.",candidate
REP008,126710BLNR,Clean,https://www.reddit.com/r/RepTimeQC/comments/vg74x0/qc_help_cf_blnr_v2_batman_from_geektime/,possible_defect,h09,"OP suspects 9 marker tilt. Needs independent confirmation before positive label.",needs_ground_truth_review
REP009,126710BLNR,VSF,https://www.reddit.com/r/RepTimeQC/comments/1uidzxx/qc_for_gmtmaster_ii_126710_blnr_blackblue_ceramic/,clean_control,h12+h06,"OP suspects 6; reviewer reports overall good alignment with 12 only a hair right of centre and calls easy GL. Useful realistic clean/borderline control.",candidate
REP010,126710BLNR,VSF,https://www.reddit.com/r/RepTimeQC/comments/1rubq56/qc_2_vsf_gmtmaster_ii_126710blnr_batman_steve/,clean_control,h12+h06,"OP reports 12 triangle and 6 marker straight/centred; candidate clean control pending full discussion/image inspection.",candidate
