control_id,reddit_post_url,reference,factory,variant,human_label,label_strength,expected_primary_metric,expected_supporting_metrics,notes
rep-001,https://www.reddit.com/r/RepTimeQC/comments/1sun8dh/qc_gmt_master_ii_126710/,126710,VSF,Pepsi,12_marker_rotation_or_lateral,reviewer_confirmed,h12.centre_t,h12.axis_residual_deg;h12.outer_t;h12.inner_t,"OP called 12 crooked; reviewer corrected photo angle and still described 12 as left of centre. Useful for distinguishing pose error from residual lateral displacement."
rep-002,https://www.reddit.com/r/RepTimeQC/comments/1u4s05q/qc_vsf_gmt_master_ii_126710/,126710,VSF,Bruce Wayne,12_marker_clockwise_shift,op_label,h12.centre_t,h12.angular_residual_deg;h12.axis_residual_deg,"OP independently identified 12 applied index shifted clockwise. Keep label provisional until image/reviewer inspection confirms it."
rep-003,https://www.reddit.com/r/RepTimeQC/comments/1uqwo43/1st_qc_gmtmaster_ii_126710_rich/,126710,Rich,Bruce Wayne,12_and_9_rotation_plus_6_left,reviewer_confirmed,h12.axis_residual_deg,h09.axis_residual_deg;h06.centre_t,"Reviewer redid alignment and reported 12 CCW rotation, 9 CCW rotation, and possible slight 6-left displacement. Multi-defect case; analyse each predeclared metric separately."
rep-004,https://www.reddit.com/r/RepTimeQC/comments/1ubo90g/vsf_gmt_master_ll_126710blnr_oyster_batman/,126710BLNR,VSF,Batman,6_left_and_9_cw_tilt,op_label,h06.centre_t,h09.axis_residual_deg,"BLNR-specific candidate. OP reported 6 slightly left and 9 slight CW tilt. Requires comment/image verification before promotion to reviewer-confirmed ground truth."
rep-005,https://www.reddit.com/r/RepTimeQC/comments/1jawk9m/qc_assistance_needed_cf_pepsi_gmtii_126710blro_v3s/,126710BLRO,Clean,Pepsi,6_marker_ccw_rotation,strong_consensus,h06.axis_residual_deg,h06.centre_t;h06.centre_r,"OP identified obvious left rotation; commenter discussion supported rejection and OP RL'd specifically for crooked 6. High-value positive control for rotation."
rep-006,https://www.reddit.com/r/RepTimeQC/comments/1wdwuln/qc_gmt_126710_v3/,126710,ARF,Bruce Wayne,6_marker_left,op_plus_reviewer_partial,h06.centre_t,h12.centre_t,"OP reported 6 too far left; reviewer said indices broadly acceptable and 12 a tick left. Useful borderline case rather than hard positive."
rep-007,https://www.reddit.com/r/RepTimeQC/comments/1lew8vw/trying_1_more_time_please_help_with_qc_of_cf_pepsi_gmt_v3/,126710,Clean,Pepsi,12_marker_left,reviewer_confirmed,h12.centre_t,h12.outer_t;h12.inner_t,"Reviewer confirmed 12 triangle a sliver left of centre while considering it acceptable. Excellent deliberately-small displacement case."
rep-008,https://www.reddit.com/r/RepTimeQC/comments/1sho1ev/qc_gmtmaster_ii_126710_vsf_pepsi/,126710,VSF,Pepsi,markers_aligned_negative_control,consensus_negative,none,h12.centre_r;h12.centre_t;h06.centre_r;h06.centre_t;h09.centre_r;h09.centre_t,"OP described 12/6/surrounding indices as aligned and multiple commenters GL'd. Use as replica negative control, not genuine baseline."
rep-009,https://www.reddit.com/r/RepTimeQC/comments/1k26q4d/qc_gmtmaster_ii_pepsi_126710_cf_v3/,126710,Clean,Pepsi,pose_confounded_false_positive,reviewer_rejected_label,none,h12.centre_t;pose_repeatability,"OP thought 12 right and 1/2 left; reviewer explicitly attributed alignment result to crooked photo and said watch was fine. Important negative control for perspective robustness."
