brand_family,model,factory,source_url,issue_category,component,severity,outcome,reviewer_consensus,false_positive_cause,watch_align_feature,notes,source_ref_legacy
Submariner,Submariner 124060,VSF,,3 marker cant,,minor,GL,,,,Reviewer confirmed slight cant at 3; acceptable on wrist,turn538046reddit45
Submariner,Submariner 124060,VSF,,3/9 marker tilt concern,,minor,GL,,,,Community broadly considered it acceptable,turn538046reddit47
Submariner,Submariner 124060,VSF,,3/6/9 apparent misalignment,,false positive / angle,GL,,,,Experienced reviewer said bars were fine; bezel one tick right could be adjusted,turn538046reddit48
Submariner,Submariner 124060,VSF,,3/9 marker and bezel alignment concern,,photo-angle sensitive,GL,,,,Straight-on image important before judging,turn538046reddit49
Submariner,Submariner 124060,VSF,,3 marker CCW tilt; 9 CW tilt,,notable,RL leaning,,,,OP considered 3 marker extreme enough to RL,turn538046reddit50
Submariner,Submariner 124060,VSF,,12/9 apparent alignment; bezel triangle shifted,,false positive / bezel click,GL,,,,Commenter said alignment perfect and bezel was a tick or two right,turn538046reddit51
Submariner,Submariner 124060,VSF,,6 marker/rehaut concern,,minor,GL,,,,Community saw no meaningful issue,turn538046reddit52
Submariner,Submariner 124060,VSF,,7 marker lume shape concern,,lighting/reflection,GL,,,,Follow-up concluded round marker distortion was camera/lighting,turn538046reddit53
Submariner,Submariner 124060,VSF,,12 left; 6 right; lower-left SEL concern,,minor,GL,,,,Experienced reviewer said both index offsets small; no overt SEL gap,turn538046reddit56
GMT,GMT 126711 Root Beer,ARF,,6 marker CCW; date appears low,,mixed,GL likely,,,,Reviewer confirmed 6 cant; explained date/cyclops appearance by camera angle,turn771125reddit17
GMT,GMT 126711 Root Beer,VSF,,12 marker cant; 5 marker shifted,,minor/notable,mixed,,,,From linked discussion/screenshot: 12 and 5 index alignment were the meaningful concerns,turn771125reddit19
GMT,GMT 126720,VSF,,date font/size; bezel centered position,,minor,GL,,,,Community suggested checking whether bezel was clicked off-center,turn771125reddit21
GMT,GMT 126710 BLRO,Clean,,6 marker rotated; rehaut off,,notable,RL,,,,OP RL'd mainly for crooked 6; rehaut also flagged,turn771125reddit26
GMT,GMT 126710 BLNR,Clean,,6 marker looks crooked,,false positive / angle,GL,,,,Community advised straight-on photo and considered it fine,turn719991reddit22
GMT,GMT 126710 GRNR,ARF,,SEL gap concern,,false positive / shadow,GL,,,,Multiple reviewers: black line is not a gap; true gap shows background/air,turn719991reddit19
GMT,GMT 126711 Root Beer,ARF,,6 bar slightly right; date left-biased,,minor,GL,,,,Reviewer called both small and acceptable,turn538046reddit55
Datejust,Datejust 41,ERF,,date left; 26 digit high; lower-left SEL gap,,notable,mixed,,,,Date-wheel centring and SEL geometry were primary concerns,turn719991reddit14
Datejust,Datejust 28,GMF,,6 marker apparent offset; date low/left,,minor,GL,,,,Reviewers emphasized tiny dial size and acceptable tolerances,turn719991reddit15
Lady,Lady Datejust,BP,,index tilt; date left-biased,,photo-angle sensitive,GL,,,,Straightening image removed apparent index concern,turn719991reddit16
Datejust,Datejust 36,VSF,,7/9/10/11 marker alignment concerns,,photo-angle sensitive,uncertain,,,,OP requested more straight-on photos,turn719991reddit18
Datejust,Datejust 41,Clean,,9 marker concern; bottom-left SEL concern,,minor,GL,,,,Highly upvoted thread; no strong defect consensus,turn719991reddit20
Datejust,Datejust 36,Clean,,9 marker badly tilted; 2 marker also off,,notable,RL,,,,Multiple commenters supported RL due to 9,turn719991reddit21
Datejust,Datejust 41,VSF,,9 marker concern; date possibly off,,photo-angle sensitive,uncertain,,,,QC photo not fully straight-on,turn719991reddit23
Datejust,Datejust 41,Clean,,5 marker concern; bottom-right SEL concern,,minor,GL,,,,Experienced reviewers considered index/date/cyclops acceptable and SEL solid,turn719991reddit24
Rolex,Yacht-Master 126622,VSF,https://www.reddit.com/r/RepTimeQC/comments/1t6msjx/126622_yacht_master_40mm_vsf/,index/date/SEL review,9 marker; date; SEL,minor,GL,reviewers saw no meaningful issue,shadow/perspective,per-index; date; SEL,Microscopic 9 tilt not considered meaningful; date appearance changed with viewing angle.,
Rolex,Yacht-Master 126622,VSF,https://www.reddit.com/r/RepTimeQC/comments/1tiwm7h/vsf_yachtmaster_126622/,general geometry,indices/date/SEL,none,GL,looks good,none,per-index; date; SEL,Useful clean-control example.,
Rolex,Datejust 36,Clean,https://www.reddit.com/r/RepTimeQC/comments/12gljwn/qc_cf_datejust_36_mint_green/,index geometry,5 and 7 markers,minor,mixed,one reviewer flagged tilt,photo angle possible,per-index,Good example of disagreement around subtle marker cant.,
Rolex,Daytona 126500,Clean,https://www.reddit.com/r/RepTimeQC/comments/1kwa58q/qc_help_126500_daytona_clean/,bezel/indices/SEL,bezel print; indices; SEL,none/minor,GL,multiple reviewers GL,plastic/reflection possible,per-index; bezel; SEL,Bezel 80/90 blockiness concern dismissed; alignment and SELs accepted.,
Rolex,Daytona 116500,Clean,https://www.reddit.com/r/RepTimeQC/comments/1j8vii6/clean_daytona_116500/,index/SEL geometry,indices; bottom-left SEL,uncertain,mixed,better straight photo requested,tilted source photo,perspective gate; per-index; SEL,Useful false-positive/perspective example.,
Rolex,Oyster Perpetual 41 134300,VSF/Clean uncertain,https://www.reddit.com/r/RepTimeQC/comments/1tfwun9/rolex_oyster_perpetual_41mm_vsfclean/,index/print/SEL/hands,6 marker; SWISS MADE; SEL; hand length,mixed,uncertain,OP concerns only in snippet,black-background gap ambiguity,per-index; print; SEL,Shows need to separate QC defects from model/factory-authenticity questions.,
Tudor,Black Bay 58,ZF,https://www.reddit.com/r/RepTimeQC/comments/1szvk3z/black_bay_58_zf_factory_from_geektime/,index/bezel,11 marker; bezel pip,minor,uncertain,OP requested help,perspective possible,per-index; bezel,Candidate for marker plus bezel-pip checks.,
Tudor,Black Bay 58 V2,ZF,https://www.reddit.com/r/RepTimeQC/comments/1t6spto/qc_zf_v2_heritage_black_bay_58_black_dial_fat/,12-marker rotation,12 triangle,minor,GL,watch accepted,perspective noted by OP,per-index; perspective gate,OP specifically struggled to make image face-on.,
Tudor,Black Bay 58,ZF,https://www.reddit.com/r/RepTimeQC/comments/1vdjn8j/qc_black_bay_58_zf/,6 marker/SEL,6 marker; bottom-left SEL,minor,GL,reviewer saw nothing problematic,none,per-index; SEL,Clean GL control with initially suspected small issues.,
Tudor,Black Bay 58,ZF,https://www.reddit.com/r/RepTimeQC/comments/1v5ggin/first_rep_tudor_black_bay_58/,bezel detent,bezel triangle,minor,GL leaning,OP suspected a click offset,bezel click position,bezel detent-aware,Strong evidence for detent-aware bezel logic.,
Tudor,Pelagos 39 V2,ZF,https://www.reddit.com/r/RepTimeQC/comments/1k48gds/pelagos_39_v2_zf_qc/,general geometry/lume,indices; hands,none,GL,multiple GL comments,color perception,per-index; lume low-confidence,Useful clean control.,
Tudor,Black Bay 58 GMT,ZF,https://www.reddit.com/r/RepTimeQC/comments/1v0zm4j/qc_new_zf_tudor_black_bay_58_gmt_black_dial/,hand stack/bezel/index,12; 6; GMT hand stack; bezel,none/uncertain,GL leaning,new-release uncertainty,none,per-index; bezel; hand-stack model rules,Shows model-specific hand-stack requirement.,
Tudor,Black Bay 54,ZF,https://www.reddit.com/r/RepTimeQC/comments/1shpf7u/qc_zf_tudor_black_bay_54/,dial print/lume/bezel,dial text angle; bezel pip; lume match,minor/factory trait,GL leaning,OP comparing common factory traits,reflection/known batch traits,print; bezel; lume,Useful for separating factory-wide trait from individual QC.,
Omega,Seamaster Diver 300M,VSF,https://www.reddit.com/r/RepTimeQC/comments/1s6r19f/qc_vsf_omega_seamaster/,date wheel,date vertical position,notable,mixed,date low acknowledged,none,date centring,Strong date-window example.,
Omega,Seamaster Diver 300M,VSF,https://www.reddit.com/r/RepTimeQC/comments/1pq95pt/omega_seamaster_diver_300m_first_time_qc/,12-marker apparent cant,12 double marker,false positive,GL,commenter blamed non-straight photo,photo angle,perspective gate; per-index,Excellent perspective false-positive example.,
Omega,Aqua Terra 41,VSF,https://www.reddit.com/r/RepTimeQC/comments/1wbhuyb/omega_seamaster_aqua_terra_watch_vsf/,timegrapher uncertainty,rate/amplitude,none,GL,reviewers said timing acceptable,none,timegrapher,Clean geometry; shows mechanical module is separate.,
Omega,Aqua Terra 41,VSF,https://www.reddit.com/r/RepTimeQC/comments/1uv5ow1/qc_vsf_omega_seamaster_aqua_terra/,logo/index/date,Omega symbol; indices; dates,none,GL,commenter specifically confirmed centered/straight symbol,none,logo orientation; per-index; date,Good control for logo-orientation feature.,
Omega,Aqua Terra 38,VSF,https://www.reddit.com/r/RepTimeQC/comments/1vpoh74/vsf_omega_seamaster_aqua_terra_38mm/,logo/index perspective,Omega symbol; indices,minor/uncertain,uncertain,OP noted possible left lean,photo angle,logo orientation; perspective gate,Candidate example for logo rotation.,
Omega,Aqua Terra 41,VSF,https://www.reddit.com/r/RepTimeQC/comments/1uc0vl6/qc_vsf_omega_aqua_terra_150m_seamaster_41mm/,date/date-specific variance,single-date centring; amplitude,minor,uncertain,OP requested more dates,photo angle possible,date multi-sample; timegrapher,Supports aggregating multiple dates rather than one glyph.,
Omega,Planet Ocean 39.5,VSF,https://www.reddit.com/r/RepTimeQC/comments/1screy3/2nd_qc_vsf_omega_planet_ocean/,date wheel rotation,multiple date numerals,notable,RL previously / reassess,multiple numerals appeared CCW,none,date centring/rotation multi-sample,Strong evidence for multi-date wheel analysis.,
IWC,Mark XX,V7F,https://www.reddit.com/r/RepTimeQC/comments/1959610,printed-dial false positive,printed hour markers,false positive,GL,reviewer: indices are printed; alignment tool not needed,mis-centred overlay,model capability matrix; perspective,Important capability-matrix evidence.,
IWC,Mark XX,V7F,https://www.reddit.com/r/RepTimeQC/comments/1nnlg9i/iwc_mark_xx_first_time_qc/,print/date variance,printed 6; floating N; date,minor/factory trait,GL leaning,OP recognized common model traits,optical illusion possible,print; date; model traits,Printed dial should not use applied-index detector.,
IWC,Ingenieur,V7F,https://www.reddit.com/r/RepTimeQC/comments/1vhaqf9/qc_iwc_ingenieur_v7f/,index/date,3/9 indices; dates,minor,GL,experienced reviewer: nuanced but acceptable,scale/on-wrist significance,per-index; date,Good threshold example: measured issue can still be acceptable.,
IWC,Ingenieur,V7F,https://www.reddit.com/r/RepTimeQC/comments/1vubgs9/qc_iwc_ingenieur_40mm_white_dial_v7f_hont/,perspective/index/timegrapher,3/9 indices; overlay; rate,minor,GL,reviewers said overlay unnecessary/misleading here,photo angle,perspective gate; per-index; timegrapher,Strong perspective/overlay caution.,
IWC,Ingenieur,V7F,https://www.reddit.com/r/RepTimeQC/comments/1vapryw/iwc_ingenieur_v7f/,index/date/screw,6 index; date; bezel screws,none,GL,reviewer: screw alignment not a QC item,watch tilt,per-index; date; model capability,Shows not every visually prominent element should be QC-scored.,
IWC,Ingenieur,V7F,https://www.reddit.com/r/RepTimeQC/comments/1to3ptf/another_v7f_iwc_ingenieur_white_dial/,5 index offset,5 marker,minor,GL,experienced reviewer confirmed small offset,none,per-index,Useful severity threshold example.,
IWC,Ingenieur,V7F,https://www.reddit.com/r/RepTimeQC/comments/1weocpr/qc_request_iwc_ingenieur_white_dial_a7f_aka_v7f/,12/screw alignment,12 index vs bezel screw,none,GL,reviewer advised comparison with older QCs,photo angle,model rules; perspective,Screw/index relationship is model-specific.,
IWC,Ingenieur,V7F,https://www.reddit.com/r/RepTimeQC/comments/1viebpx/v7f_iwc_ingenieur_black_dial_first_time_qc_help/,3 index cant/date,3 marker; dates,minor,GL,experienced reviewer confirmed tiny 3 CCW cant but accepted,tight date aperture,per-index; date,Excellent accepted-minor-defect example.,
IWC,Ingenieur,V7F,https://www.reddit.com/r/RepTimeQC/comments/1v9q9rw/v7f_iwc_ingenieur_qc/,index/bezel screw,7/8/9; screw above 12,minor/uncertain,GL leaning,mixed concern,photo angle,per-index; model rules,Useful for per-index and screw/non-QC distinction.,
AP,Royal Oak 15500,ZF,https://www.reddit.com/r/RepTimeQC/comments/1jfig07,bezel screw alignment,screw below 7,minor,GL,multiple reviewers GL,none,AP screw alignment,AP-specific feature candidate.,
AP,Royal Oak 15510,APSF,https://www.reddit.com/r/RepTimeQC/comments/1f1df7a,indices/screws/logo/date,12/6/9 indices; screws; logo; date,none,GL,experienced reviewer explicitly checked all,reflection on print,AP screw alignment; per-index; date; logo,Strong clean-control example for AP.,
Patek,Nautilus 5711,3KF,https://www.reddit.com/r/RepTimeQC/comments/11odh9h,12/6 index geometry,12 double marker; 6; 9,none,GL,"reviewer said 12 tight/even, 6/9 straight",dial color variable,per-index; double-marker symmetry,Useful Patek control.,
Patek,Nautilus 5711,3KF,https://www.reddit.com/r/RepTimeQC/comments/114i7ys,12/6 index geometry,12 double marker; 6,notable,RL leaning,OP saw repeated bad 12/6,none,per-index; double-marker symmetry,Shows repeated factory/batch alignment issue.,
Cartier,Santos XL 40,BVF,https://www.reddit.com/r/RepTimeQC/comments/1j9okix,dial rotation/print/date,whole dial; microprint; date,minor,GL,reviewer noted slight clockwise dial rotation but acceptable,none,dial rotation; print; date,Cartier needs dial-rotation rather than hour-index logic.,
