marker,feature,n,median,mad,p10,p90,min,max
global,date_dx_window,11,0.012806663042575137,0.03669949581736458,-0.023892832774789444,0.108436595012823,-0.05698492787569315,0.11979737738595919
global,date_dy_window,11,-0.003264787658239632,0.015742773773898277,-0.0885879291022616,0.012477986115658644,-0.1257017291115876,0.014068064899089804
global,date_offset_norm,11,0.0898268602550135,0.032084720038103066,0.025859244077312157,0.11996846653261017,0.007555267941814791,0.12601213183666568
global,date_window_h_px,11,45.5,4.5,38.0,58.0,35.0,85.0
global,date_window_w_px,11,63.0,13.0,47.0,77.0,40.0,131.0
global,dial_radius_px,11,244.38669166564932,8.193368377685402,195.7936230468751,284.1354407501217,181.1284082031248,443.3077174377436
h01,angular_residual_deg,11,-0.044578577680113085,0.1179233519097238,-0.27263146363071655,0.2887136938638868,-1.7596763314368218,0.32367433813811886
h01,anisotropy,11,1.1796664651102962,0.03588927758881244,1.1323256314206667,1.225455141627571,1.1054677912729327,1.2425144271744823
h01,area_norm,11,0.019096195563031604,0.0006409679315855857,0.017564975063190946,0.020220988165106285,0.011930063007833603,0.020544210592054826
h01,centre_r,11,0.7451863392292345,0.007864844457169062,0.7169063133263402,0.7530511836864036,0.679240640701086,0.7537523769775113
h01,centre_t,11,-0.0005797870994148635,0.0015580063848505965,-0.003579331016460685,0.003492725715440792,-0.02084361887358599,0.003960007339435689
h01,diameter_over_dial,11,0.1559284669705175,0.0026500472994094304,0.14954738664631262,0.16045610541651273,0.12296586870362108,0.16173342678979874
h01,inner_r,11,0.6645204552254476,0.008128214999621353,0.6371137560971112,0.6726486702250689,0.6213805573812279,0.6727161676201028
h01,inner_t,11,-0.005410803988042778,0.0057008711919543376,-0.025588098005013243,0.00027345124844463387,-0.02649039334193204,0.0022588650352176054
h01,outer_r,11,0.8245722581811299,0.009059443543570467,0.7965068985863404,0.8336317017247004,0.7439661695950994,0.8361723481969761
h01,outer_t,11,-0.00319135586603847,0.0067862046248366725,-0.011645010487655705,0.004150651525632071,-0.03282796392678369,0.005374583187895521
h01,radial_span,11,0.16048580520715755,0.004079637041276174,0.15562605888430864,0.16595065929875974,0.12258561221387154,0.1666224625756243
h01,segmentation_confidence,11,0.8961791632686121,0.014966122193464826,0.8708897318001575,0.913174614448353,0.8626208359389922,0.9251197980370844
h02,angular_residual_deg,11,0.5015938618104414,0.1369072889355163,-0.4586818650343343,0.7198927177932148,-0.4798262346290585,1.9848149025787158
h02,anisotropy,11,1.891502851442259,0.31770882875128503,1.1640193265602623,2.3147585217211097,1.1393075442155454,3.4572010379772244
h02,area_norm,11,0.022268990258774747,0.0023264533684452977,0.014088805048870372,0.02469855843040473,0.008020233896777753,0.026672312529049176
h02,centre_r,11,0.735350261854159,0.013126072596991722,0.7121147159291448,0.7504453044187092,0.6755217144977717,0.7609731261275392
h02,centre_t,11,0.006437663584858894,0.00197225712055063,-0.005373617911196588,0.00891571715269357,-0.0061617339735401955,0.02637184238200807
h02,diameter_over_dial,11,0.16838574470184267,0.00894778650853878,0.1337581346507717,0.17733353121038145,0.10105285228731956,0.18428305147658194
h02,inner_r,11,0.6214666093084414,0.00024404754076068347,0.6212225617676808,0.6684640506005348,0.6211722607857784,0.6741242192718406
h02,inner_t,11,0.03301142712942218,0.01431708987178655,0.00247153247144144,0.04732851700120873,-0.05193805364990389,0.050023196681473925
h02,outer_r,11,0.8277591468178565,0.016466676752236675,0.7990580603140964,0.8500757440512882,0.7466259320312836,0.8549482291415054
h02,outer_t,11,0.018430975669904176,0.024867033467787042,-0.0070772387490575794,0.05423476038834549,-0.035365647534574884,0.056239928633593506
h02,radial_span,11,0.19006990829793902,0.022016544326406706,0.15682424523270616,0.21495769384666064,0.12545367124550516,0.23370362351025642
h02,segmentation_confidence,11,0.6718022835852816,0.10795880368957433,0.5089401591282517,0.8867476562860169,0.3948238300090273,0.9189773945168872
h04,angular_residual_deg,11,-0.04870569931154023,0.07729715096883183,-0.5032112267465436,0.23748219646679658,-0.5202900179703249,0.3861445300607258
h04,anisotropy,11,1.2486827171954027,0.049017818375519884,1.1579163508435326,1.3384969109225766,1.1467377412996855,1.5370195980662458
h04,area_norm,11,0.019517215718788852,0.0007419563100597645,0.017266701901740535,0.0210199184785209,0.013357305126151967,0.02139812643573437
h04,centre_r,11,0.746251515801244,0.006958909689529502,0.7106597357512092,0.7532104254907735,0.6770604823572902,0.7599578700028882
h04,centre_t,11,-0.0006342636264523582,0.0010177443585693835,-0.006127092149431024,0.0028670917619098846,-0.006615385830440135,0.004742817794069126
h04,diameter_over_dial,11,0.15763911588272972,0.0030109702024061213,0.14827220801097518,0.16359520602377742,0.13032029638075815,0.1650604154884504
h04,inner_r,11,0.6639376786812661,0.003718799479511592,0.6327645914728326,0.6676564781607777,0.6210804277144124,0.674118644367059
h04,inner_t,11,-0.0007984900048153276,0.004361125602716259,-0.006369479759891883,0.008587596176643009,-0.008244456625392027,0.009448548757827108
h04,outer_r,11,0.8294990323658378,0.006995950192320466,0.7927221293373294,0.8364949825581582,0.7442774275091142,0.8462246967096009
h04,outer_t,11,-0.0037377687329901987,0.0037607030735709035,-0.007498471806561102,0.004855077458445212,-0.009929899177452267,0.007979168721082952
h04,radial_span,11,0.16556135368457164,0.0033928377081024474,0.15995753786449685,0.17001388628475833,0.12319699979470183,0.17210605234254184
h04,segmentation_confidence,11,0.8654405841039341,0.019328470481599136,0.836296441332357,0.8900784469938647,0.8206776913145468,0.9102549395457051
h05,angular_residual_deg,11,0.28372492380983516,0.18201525707231525,-0.04666843819904898,0.7703584617503871,-0.4627462809417011,1.3457541422527513
h05,anisotropy,11,1.5052152385730122,0.07275255010512471,1.2591458448419965,1.577967788678137,1.1188706146984588,1.5813849019165045
h05,area_norm,11,0.021187045884934537,0.0021740123180826326,0.01738822059714626,0.02336105820301717,0.009077832358187899,0.0240017325865612
h05,centre_r,11,0.7469281947678873,0.011335650131867547,0.7123279839006176,0.7582638448997548,0.6883542143866136,0.7647710553888819
h05,centre_t,11,0.003460291028484941,0.0026487015609880094,-0.000608386521688542,0.00959673692905158,-0.006023058903441569,0.01760853183949118
h05,diameter_over_dial,11,0.16416292612751232,0.008302129346084874,0.14879304445055583,0.1724650554735972,0.10750932582302472,0.1748140585632869
h05,inner_r,11,0.6611868054988529,0.01946410325072312,0.6236612655656841,0.6760573803801511,0.6211857644270915,0.7006022044532505
h05,inner_t,11,0.00357156857716584,0.009526386780448065,-0.005954818203282225,0.04642456449446003,-0.006077066425783678,0.050112627686766886
h05,outer_r,11,0.8335538602910462,0.027904003485688778,0.8056498568053574,0.8753232518623022,0.7909210316142632,0.8794320145868035
h05,outer_t,11,0.03162756789574209,0.015787909775887954,-0.008708318986216268,0.04860932725217426,-0.038913505877103294,0.04964573007780487
h05,radial_span,11,0.1976001309142073,0.027864863727035616,0.1611525281892039,0.2117072590798017,0.13463258978110204,0.2260938409295693
h05,segmentation_confidence,11,0.758414845083097,0.02979280172772536,0.7286220433553716,0.880157717380547,0.7128031894720093,0.910371129313303
h06,angular_residual_deg,11,-0.032348861153430164,0.3469886859137361,-0.37933754706716627,0.6842176079555387,-1.0575187867890747,1.2663979235959602
h06,anisotropy,11,5.447292139915004,0.5705672918408036,4.454178501478342,9.899716567973313,4.375324792731806,10.292392023346073
h06,area_norm,11,0.024463864211584196,0.0031856651748272853,0.018205710002602942,0.027649529386411482,0.0181687075789594,0.027859557101925787
h06,axis_residual_deg,11,0.010888367147799727,0.5341703388547216,-1.4570689630226212,1.1233445351819142,-1.875578364655297,4.2797668689733825
h06,centre_r,11,0.6870697862397557,0.004685823150178958,0.6658897416697607,0.6917556093899346,0.6626406549610959,0.693751763998236
h06,centre_t,11,-0.00039171649513882823,0.00418824929702338,-0.004579965792162208,0.008208044912912226,-0.012231354883631126,0.014955850470050065
h06,diameter_over_dial,11,0.17645326078282314,0.011173207046940054,0.15225054980293035,0.1876264678297632,0.15209574933659575,0.1883376051677359
h06,inner_r,11,0.5581282784706112,0.0008633798262868142,0.5572648986443244,0.5704620002218609,0.5571674717397506,0.5719045600754392
h06,inner_t,11,-0.021081675003178365,0.014801920783740482,-0.03944186673547557,0.0336805760050254,-0.04927481009156727,0.04311923512739665
h06,outer_r,11,0.8147189922044867,0.002230208112514065,0.7776966685719345,0.8156398617724265,0.7699019977332653,0.8169492003170008
h06,outer_t,11,0.020351009245855853,0.008758864907357007,-0.012315638398833375,0.043757989394937406,-0.049741403625215265,0.04733995356414861
h06,radial_span,11,0.24517307884011214,0.007155097304411051,0.21899349382331645,0.2581683180465495,0.21273452599351467,0.25968775153490786
h06,segmentation_confidence,11,0.8221439700307175,0.05004571605626007,0.7735540697910513,0.9557583220665795,0.7454792226256535,0.9576236707960102
h07,angular_residual_deg,11,0.14485543459873895,0.21778719319668483,-0.27604736941202646,0.46601493946344164,-1.0197829827457383,0.46985524531665135
h07,anisotropy,11,1.385620177751893,0.060084603270203374,1.2239468423831954,1.4457047810220964,1.1699142867809875,1.4688822464931972
h07,area_norm,11,0.019319980037681643,0.0009542601233348408,0.017719635220980048,0.02170510034134815,0.015816694688923844,0.02212646642004927
h07,centre_r,11,0.744804346908619,0.007302181251081397,0.7084658056851808,0.7521065281597004,0.6929605721117511,0.7586135363376245
h07,centre_t,11,0.0018830215444969878,0.002603175842497224,-0.003654979358627186,0.005795202235557073,-0.012339278830643174,0.005831157364375034
h07,diameter_over_dial,11,0.15679067170774258,0.0038749216077193505,0.15020432843841017,0.16623875473723698,0.141904741272349,0.1678460366861887
h07,inner_r,11,0.624172495360078,0.0026703090553104047,0.6217627025338228,0.6669539825119959,0.6215021863047676,0.6704338145053198
h07,inner_t,11,-0.01661364244588237,0.022671891038468284,-0.04386318834642862,0.00714753011013286,-0.05535963605564255,0.0126166405416136
h07,outer_r,11,0.8302383746485047,0.006861917879643631,0.8006429658675931,0.8371002925281483,0.7684769243986342,0.8467017350338999
h07,outer_t,11,0.002601238558747554,0.01048235723121399,-0.030692639325880205,0.013101779308796913,-0.046319223273093485,0.017002801926960964
h07,radial_span,11,0.16925979726504226,0.009620466068728017,0.1626081959707425,0.21260619846451995,0.14697473809386657,0.2235067493561269
h07,segmentation_confidence,11,0.8411226630551334,0.03184544308359771,0.764109465380779,0.8917907413742608,0.7500472482291889,0.9298667332411985
h08,angular_residual_deg,11,0.13249011397866184,0.16045366196593136,-0.1944105173004118,0.678898917089299,-1.2908364933429652,0.7226782631846476
h08,anisotropy,11,1.2562385240912672,0.022944280355657876,1.232543030452595,1.3754320477142765,1.1961613717734345,1.4300252091298433
h08,area_norm,11,0.01921361114269997,0.0013945515345697816,0.016933077354243785,0.020759801632292886,0.015232158714742221,0.02097954023785224
h08,centre_r,11,0.7478410021577864,0.005610926538617833,0.7084103561806305,0.7534519286964042,0.6925875892617934,0.7571734076596849
h08,centre_t,11,0.0017422768428174695,0.0021097783056987507,-0.0025691776958843837,0.008396084808401483,-0.015632270090491868,0.008963378621562601
h08,diameter_over_dial,11,0.15639103758031062,0.005765902416671992,0.14682233206197193,0.16257982771270515,0.1392621766571331,0.16343800127631278
h08,inner_r,11,0.6643084272557781,0.007697657084240306,0.6329010536783352,0.6720060843400184,0.6216158331085269,0.673022711267407
h08,inner_t,11,0.0034464188922388728,0.004366914659336224,-0.003992036120650633,0.01581741996051353,-0.019229363283889245,0.03434791368141632
h08,outer_r,11,0.8307224446740826,0.006631802082336158,0.7847483883104855,0.8373542467564188,0.766432455289558,0.8420660320646575
h08,outer_t,11,0.004786186750196708,0.006896537601597502,-0.004740078353519583,0.014500014566506542,-0.024315583106074706,0.015573852341256605
h08,radial_span,11,0.16532468213759732,0.0035815723045820036,0.1518473346321504,0.17005994772463906,0.14481662218103103,0.17014057978738006
h08,segmentation_confidence,11,0.8673222794131694,0.016427898447189504,0.8474581210234179,0.9124127943314897,0.8403988993752373,0.9135381376143947
h09,angular_residual_deg,11,0.2342427588690441,0.433165675547059,-0.37503996616010227,0.7472496699395492,-2.001570929879108,1.4789303816688175
h09,anisotropy,11,5.668544618021959,0.1104939006802903,5.503739278852503,7.169109145067782,5.306316955860524,10.143396639904392
h09,area_norm,11,0.024877136135251277,0.002216482976870042,0.018073144153069428,0.027120277848392167,0.01744667544789614,0.027350882837816125
h09,axis_residual_deg,11,0.21381617854471813,0.4148392002224739,-0.37315366688662266,0.8538654739302416,-0.6904827524719224,0.9985278550980894
h09,centre_r,11,0.6855515377502258,0.003960185335806554,0.666079613678048,0.688870382550548,0.6641913045430113,0.6931623006621797
h09,centre_t,11,0.0028071655428628137,0.0051540086776895744,-0.004509191026393884,0.008826653292586101,-0.02320674977118812,0.017479726599943745
h09,diameter_over_dial,11,0.17778158019437745,0.007941879717246025,0.15169522679829806,0.18582413788520036,0.14902794473255104,0.18661250122252201
h09,inner_r,11,0.5596556554302099,0.0017008868401952038,0.5576148858778882,0.5617705272333825,0.5575576839700256,0.5723853463885951
h09,inner_t,11,-0.026813776768299775,0.016770126587647365,-0.0460005584561717,0.047118900797980395,-0.05202822283310457,0.06304915380378888
h09,outer_r,11,0.8133958351476589,0.003312132031052184,0.7749278531636452,0.8163729845492803,0.7698810521321573,0.8167079671787111
h09,outer_t,11,0.03120702919549168,0.02095181632168285,-0.013648939393357411,0.05215884551717453,-0.04452854244645191,0.05341285890608263
h09,radial_span,11,0.24863578971633243,0.007348404417377996,0.21448629567477745,0.25598419413371043,0.21166825575549963,0.2582400785752246
h09,segmentation_confidence,11,0.8229730437010825,0.03576169096968829,0.7870279534639696,0.9480394880737097,0.7837232661830413,0.9524045115216395
h10,angular_residual_deg,11,0.05770491182593673,0.13750096883100582,-0.12760604107859308,0.4989352612728908,-1.4688037891965564,0.9087763128807183
h10,anisotropy,11,1.1951947986236908,0.03539806222772102,1.1597967363959698,1.3915476787291365,1.1416446596826204,1.3996157913179483
h10,area_norm,11,0.019185983598234996,0.0009040946154744121,0.01691892860942632,0.020277319707408693,0.014352432280043705,0.020803734034741745
h10,centre_r,11,0.7477417890341449,0.004666839568794545,0.7194858640051449,0.7518440054063763,0.6891924817946884,0.7524086286029394
h10,centre_t,11,0.0007144322520154234,0.0017600487195258696,-0.0016744688087046988,0.006162693662093044,-0.017684057820381238,0.011425424947844376
h10,diameter_over_dial,11,0.15629572298023076,0.0038250574187262687,0.1467713651549063,0.16067914447794296,0.1350569885558352,0.16275176451020737
h10,inner_r,11,0.6616315362755192,0.00686062355270356,0.6418630031517477,0.6684921598282227,0.6212592054315518,0.6686126883420795
h10,inner_t,11,0.0018065775741257506,0.0032018733778420294,-0.008030521099519128,0.005577596564300985,-0.016932874932392705,0.019750520367198016
h10,outer_r,11,0.8307176290012764,0.0061030298400522875,0.7963350173781452,0.8349609556372364,0.7608152458086186,0.8368206588413287
h10,outer_t,11,0.0065557918639791435,0.006570580299424339,-0.004532452210238347,0.016799813873680125,-0.030311969510336767,0.02270917741677303
h10,radial_span,11,0.16285501977635053,0.004877939834838085,0.15076535221028176,0.16820797049924918,0.13955604037706681,0.16908609272575725
h10,segmentation_confidence,11,0.8905845841366478,0.015190076380657946,0.860559643526912,0.9121940598908926,0.8369007395852521,0.9257961184847887
h11,angular_residual_deg,11,0.04853647109399617,0.09127999877608772,-0.08524494369817148,0.3787948224303932,-1.5817437098101266,0.7671629062143097
h11,anisotropy,11,1.16755943828307,0.06472951585124465,1.0909402606345313,1.352297565094356,1.0856650336898244,1.356947800345159
h11,area_norm,11,0.018978956118093547,0.0008331521463998681,0.015631723090827162,0.019838893147724468,0.013559518271970852,0.020401891284774903
h11,centre_r,11,0.7455642535131866,0.005862152692325373,0.7182634884965486,0.7514264062055119,0.6868684476702808,0.7546004972205957
h11,centre_t,11,0.0006290111630064543,0.0012123168355922809,-0.001115459284340925,0.004647993296213182,-0.018960902449340844,0.009767940850522322
h11,diameter_over_dial,11,0.15544062815703807,0.0033849356131791797,0.14107773740598092,0.15893283339454845,0.13119455667823263,0.1611722518647769
h11,inner_r,11,0.6638843278696324,0.005368498334403671,0.6411199291021527,0.669252826204036,0.6212917856119194,0.6717197740336821
h11,inner_t,11,0.002096208721623305,0.003212977648946569,-0.001260377134877505,0.021144843524240675,-0.03056790172367496,0.02301053256872229
h11,outer_r,11,0.8254565206094746,0.00793859115743123,0.7952984571898084,0.8333951117669058,0.7576319119068944,0.8359076167049535
h11,outer_t,11,0.00011584798692948484,0.0012935838668819977,-0.0011777358799525128,0.004211485032743267,-0.027956308058491447,0.017238081975741643
h11,radial_span,11,0.16015890945445999,0.003913578812215546,0.15417852808765575,0.16493399751491278,0.13634012629497494,0.16525812799761208
h11,segmentation_confidence,11,0.892763486736986,0.015842512957674137,0.8736838251128393,0.9203416616776111,0.8642130855571954,0.9298328650538403
h12,angular_residual_deg,11,0.03737734163280493,0.2087894972033837,-0.2681096522773032,0.4325684954444853,-2.2910891520911605,0.9725448889054746
h12,anisotropy,11,2.0456721469926378,0.09010215354771045,1.7938917507629104,2.1981119140824084,1.7935501206302176,4.390759685128515
h12,area_norm,11,0.03059126095721567,0.0012683974750727356,0.02098512082041895,0.033344576523290294,0.020691319681356377,0.03338219470147055
h12,axis_residual_deg,11,-0.053987945298786144,1.908634015262571,-1.962621960561357,10.841826472570588,-3.4252310531327907,18.519491840111222
h12,centre_r,11,0.7223665221262551,0.010263507631315782,0.7051059029555811,0.7349363916184158,0.6680898404614537,0.7371363788654184
h12,centre_t,11,0.0004808766440640859,0.002672697199957754,-0.0034026075482982633,0.005453805022769156,-0.026689775641441975,0.012262706855730547
h12,diameter_over_dial,11,0.19735639218914136,0.004133788888229739,0.16342150871580646,0.2060476484503061,0.16231144892169472,0.20616373404883837
h12,inner_r,11,0.5697290895917424,0.0004349831376871949,0.5692941064540552,0.574110927582363,0.569111877058214,0.5743003732664008
h12,inner_t,11,-0.00880543297869575,0.005117490779379294,-0.014913073716826177,0.006136113311050177,-0.039319564059577844,0.013979639567765994
h12,outer_r,11,0.8221694366397595,0.009625003709117674,0.7964553853462352,0.8337250616113723,0.7515943069587222,0.8355269024821916
h12,outer_t,11,0.041722061501869946,0.044793901620031405,-0.0683480690897821,0.09127806630023984,-0.06888290351634066,0.0953194730523907
h12,radial_span,11,0.250061513251827,0.009363175093144438,0.22666872738804622,0.26234211753214576,0.18248242990050828,0.2657978128904491
h12,segmentation_confidence,11,0.9140008702106739,0.015385511238238947,0.8923026734973153,0.9382870951346245,0.8901473773823656,0.9385694520157728
h12,stage3_apex_r_projective,11,0.5920123812093786,0.007068701691514967,0.5846692131060871,0.6034128290413789,0.5842375777982226,0.6065749410838943
h12,stage3_apex_r_projective_over_round_inner,11,0.8693280193970316,0.01037988500956677,0.8585451000089385,0.8860687651121569,0.8579112742998863,0.8907121014447787
h12,stage3_apex_r_simple,11,0.5531639984984014,0.0033529566594898697,0.5498110418389115,0.5777125067655448,0.5494375640863769,0.5801163641822848
h12,stage3_apex_tangential_offset_canonical,11,-0.0005420871122519004,0.0022350543440880634,-0.007106064364155644,0.00575855360084529,-0.017583563699748395,0.0070467140382122675
h12,stage3_apex_to_base_span_projective,11,0.21974364199435714,0.005358933050037762,0.2024555207438654,0.22230674434765307,0.1982454214158766,0.2251025750443949
h12,stage3_apex_to_base_span_simple,11,0.2478616704474228,0.01481613718603747,0.20535938690838862,0.26267780763346027,0.1907195374443738,0.27038119573200015
h12,stage3_axis_incidence_canonical,11,-0.002006783161831625,0.004953964029304719,-0.010751378204806376,0.0077042705830645195,-0.041101832076953455,0.020798814056252345
h12,stage3_base_half_width_symmetry,11,-1.0943705654002814e-18,2.1371476632114947e-16,-2.7027401166121403e-16,2.8720846917879157e-16,-9.265300608749874e-16,3.6247453925932097e-16
h12,stage3_base_line_angular_deviation_deg,11,-1.0004277697519253,0.8275462609655155,-1.8651315193517344,3.3908704100803555,-3.650026234390501,3.5581211767305256
h12,stage3_base_r_projective,11,0.8069759574537402,0.0023641953888773326,0.8037351977616518,0.8137897639737885,0.8000117098960844,0.8140321664454268
h12,stage3_base_r_projective_over_round_outer,11,0.982918340382144,0.0028796533360260224,0.9789710082358731,0.9912177393103393,0.9744357002388361,0.9915129920163542
h12,stage3_base_r_simple,11,0.8019737091720212,0.013345692572328538,0.7595714904492794,0.8227787255887983,0.7401571015307506,0.8255741772129676
h12,stage3_base_tangential_offset_canonical,11,-0.001915015186362902,0.0017276143448652173,-0.0036426295312281193,0.006622137762338288,-0.037988507036346916,0.0070961739887594
h12,stage3_base_to_minute_track_gap_projective,11,0.08402404254625984,0.0023641953888773326,0.07721023602621152,0.0872648022383482,0.07696783355457326,0.09098829010391563
h12,stage3_base_to_minute_track_gap_simple,11,0.08902629082797886,0.013345692572328482,0.06822127441120174,0.13142850955072066,0.06542582278703246,0.1508428984692493
h12,stage3_base_width_over_height,11,0.8813978009498247,0.03183275170870059,0.8495650492411241,1.0674316344432264,0.8390500051599088,1.0682355113339312
h12,stage3_centre_r_projective,11,0.7368203022845754,0.002407076911303152,0.7337196066675408,0.7407331099664317,0.7321933951418125,0.7427944724308162
h12,stage3_centre_r_projective_over_round_centre,11,0.9811189111645479,0.003205162331961553,0.9769901553495882,0.9863290412335974,0.9749579163006825,0.9890738647547486
h12,stage3_centre_r_simple,11,0.7236472208870468,0.012053855592699003,0.6851009180287337,0.7357010764797458,0.6696397320162576,0.7399157078726937
h12,stage3_centre_to_minute_track_gap_projective,11,0.15417969771542456,0.0024070769113030965,0.1502668900335683,0.15728039333245925,0.14820552756918387,0.15880660485818748
h12,stage3_centre_to_minute_track_gap_simple,11,0.16735277911295326,0.012053855592699003,0.15529892352025426,0.20589908197126633,0.15108429212730634,0.22136026798374242
h12,stage3_centroid_angular_offset_deg,11,-0.06564192314558853,0.20750040360681438,-0.28634849767350645,0.40187776583016066,-3.0568931308218428,0.5006089689654549
h12,stage3_centroid_position_within_span,11,0.662170121618347,0.011935602219114827,0.6301971228923506,0.6757711099454411,0.6295343195644242,0.6769277499228744
h12,stage3_centroid_tangential_offset_canonical,11,-0.0008351100781165806,0.002566575827405424,-0.0035073654605016495,0.004793075955321153,-0.035733624674322964,0.0063066779295670805
h12,stage3_symmetry_axis_angular_deviation_deg,11,0.00907808476796522,0.48787975459383753,-0.9163108000832507,0.5079023022008193,-6.120203501109458,1.352699522233859
h12,stage3_triangle_height_over_minute_track_r,11,0.2781941572567639,0.016641313011692083,0.2305012131275525,0.29483547026845597,0.21539619911250513,0.30346182736475846
global,n_markers_segmented,11,11.0,0.0,11.0,11.0,6.5,11.0
global,pose_confidence,11,0.8565505312730632,0.06878196490343502,0.7877685663696282,0.9491624474374569,0.7741248726224297,0.9610083434140432
global,tilt_deg,11,5.193792188390088,0.6566084653839868,4.246242030501378,6.334277521630909,3.0891988432543824,6.90383259243386
