source_class,feature,n,median,mad,p10,p90,min,max
auction_house,date_dx_window,7,0.08022236547810399,0.024983736661120387,0.0014359585022419383,0.10379500271770056,-0.008813992864412418,0.10520610213922438
auction_house,date_dy_window,7,-0.025127897681289164,0.03919596258037897,-0.103433449105992,0.015154903588475436,-0.1257017291115876,0.01678516162255388
auction_house,date_offset_norm,7,0.09801721412635052,0.008190353871337014,0.06165904890391409,0.11409036424113225,0.02804854112535543,0.12601213183666568
auction_house,date_window_h_px,7,38.0,3.0,35.0,54.400000000000006,35.0,61.0
auction_house,date_window_w_px,7,54.0,9.0,44.2,80.10000000000001,40.0,88.5
auction_house,dial_radius_px,7,236.19332328796392,40.343107376098885,179.33699138641342,262.6785415115354,176.64986616134638,280.6090307617185
auction_house,h01.angular_residual_deg,7,-0.0748793899509792,0.08762253963885769,-0.2341249208849888,0.08873833093748698,-0.2753056813747321,0.2887136938638868
auction_house,h01.anisotropy,7,1.1708138379699213,0.027036650448437616,1.1284534290220634,1.3866382228373717,1.1054677912729327,1.6023862621428568
auction_house,h01.area_norm,7,0.019058586628791202,0.0012059963174626959,0.01602991109150062,0.02037643400457427,0.013541371771175315,0.020544210592054826
auction_house,h01.centre_r,7,0.7451863392292345,0.0085660377482768,0.6992051691291417,0.7530143002747794,0.672724366547959,0.7537523769775113
auction_house,h01.centre_t,7,-0.0009821069180462882,0.0011556865662191718,-0.002920119020043127,0.0010492180265274,-0.0032321964223512856,0.003492725715440792
auction_house,h01.diameter_over_dial,7,0.15577594860098837,0.004850109459653695,0.14256516892137852,0.16106900555230474,0.13130167739874055,0.16173342678979874
auction_house,h01.inner_r,7,0.6645204552254476,0.008195712394655219,0.632979296248503,0.6718313534200996,0.6211269810682098,0.6727161676201028
auction_house,h01.inner_t,7,-0.013759051763689356,0.006207798191766423,-0.020938911276232076,-0.0008337386962941112,-0.02239700325739652,0.00014682285093647884
auction_house,h01.outer_r,7,0.8245722581811299,0.011600090015846165,0.7690401182842205,0.8355191952051721,0.7345027007278495,0.8361723481969761
auction_house,h01.outer_t,7,-0.00363327435961297,0.007228123118411173,-0.008732629126499906,0.006538970444304383,-0.011645010487655705,0.008285551328917673
auction_house,h01.radial_span,7,0.1591806554650631,0.004661627125475742,0.13564302682158286,0.1646856332738272,0.11337571965963966,0.16595065929875974
auction_house,h01.segmentation_confidence,7,0.8961791632686121,0.017327620764389096,0.8528951550223649,0.9167567297200729,0.8259032898556761,0.9251197980370844
auction_house,h02.angular_residual_deg,7,0.3646865728749251,0.18450218682805897,-0.4165947503676989,0.5246351717431715,-0.4798262346290585,0.5491887597029841
auction_house,h02.anisotropy,7,1.9090101455202846,0.22133029551877348,1.286178755594082,2.2041076733118787,1.1393075442155454,2.3147585217211097
auction_house,h02.area_norm,7,0.022268990258774747,0.003270256842178111,0.0162421041416219,0.025992473272191386,0.013546362841152619,0.026672312529049176
auction_house,h02.centre_r,7,0.735350261854159,0.0023146414270505122,0.7006082892987532,0.7373026521953056,0.6776570639086464,0.7376649032812095
auction_house,h02.centre_t,7,0.004465406464308264,0.0025998134218416513,-0.005271906934861792,0.006752449492481061,-0.0061617339735401955,0.007065219886149915
auction_house,h02.diameter_over_dial,7,0.16838574470184267,0.01193786134051536,0.14340870974311762,0.1819073842160476,0.13133074047177618,0.18428305147658194
auction_house,h02.inner_r,7,0.6214666093084414,0.00022200367719249492,0.6212459560107646,0.6306255050413924,0.621244605631249,0.6422338150813902
auction_house,h02.inner_t,7,0.011373095176581027,0.020529120757235453,-0.02626883680835421,0.03439711039720918,-0.05193805364990389,0.035764966685455604
auction_house,h02.outer_r,7,0.8277591468178565,0.020324661063891414,0.775758279302888,0.8508295763856508,0.7408086077860754,0.8549482291415054
auction_house,h02.outer_t,7,0.015967667614214087,0.018896383487893076,-0.004588125023830425,0.061486426803786236,-0.0070772387490575794,0.06935617405907532
auction_house,h02.radial_span,7,0.20487251513646265,0.021507916808884642,0.1419192477485438,0.22930970857131094,0.11956175152230025,0.23370362351025642
auction_house,h02.segmentation_confidence,7,0.6718022835852816,0.10184888285066507,0.5455481040920707,0.8844274101419699,0.5089401591282517,0.9189773945168872
auction_house,h04.angular_residual_deg,7,-0.020967473817677273,0.11950988021164122,-0.7590773197104113,0.15411832242309703,-1.2384120206385205,0.23748219646679658
auction_house,h04.anisotropy,7,1.256453510073937,0.0807807068161297,1.203085598428923,1.5472126301164544,1.1579163508435326,1.732279724091451
auction_house,h04.area_norm,7,0.019517215718788852,0.0011589901427804458,0.015694834130168842,0.020964974091235326,0.01456121331476536,0.02139812643573437
auction_house,h04.centre_r,7,0.746251515801244,0.013706354201644122,0.6914476102071246,0.7550289839794766,0.6772864617177183,0.7599578700028882
auction_house,h04.centre_t,7,-0.0002730918394066584,0.0015660346680476667,-0.009177499363259345,0.0019226024019485593,-0.015151618350653151,0.0028670917619098846
auction_house,h04.diameter_over_dial,7,0.15763911588272972,0.0046110318594432265,0.14129714031130314,0.16337425484068394,0.13615428805053692,0.1650604154884504
auction_house,h04.inner_r,7,0.6622436201100088,0.011875024257050226,0.6217873680491699,0.6695361155108636,0.621179729672908,0.674118644367059
auction_house,h04.inner_t,7,-0.0007984900048153276,0.004142098650085385,-0.007582900904150157,0.008946275412947803,-0.015986757936881535,0.009484294267404991
auction_house,h04.outer_r,7,0.8278673921973949,0.018357304512205963,0.7669638199567519,0.8403868682187353,0.7418822785729775,0.8462246967096009
auction_house,h04.outer_t,7,-0.005129660296636751,0.0021689029172835828,-0.015523874958745552,-0.001420001081595732,-0.02756197968702223,0.0025982604918497465
auction_house,h04.radial_span,7,0.1643031294816254,0.0038777328436080394,0.14517645190758208,0.17085075270787173,0.1207025489000696,0.17210605234254184
auction_house,h04.segmentation_confidence,7,0.8571603316443905,0.022596856205081894,0.8341104664414559,0.8842440826026299,0.8308315041051042,0.8900784469938647
auction_house,h05.angular_residual_deg,7,0.23543643224409294,0.08611008711039503,-0.19968724506356916,0.3844519584952018,-0.42921545536034955,0.4788101172062724
auction_house,h05.anisotropy,7,1.5052152385730122,0.08865667031415958,1.171076026786158,1.5746721396080385,1.1188706146984588,1.5938719088871718
auction_house,h05.area_norm,7,0.019970119345127383,0.003060880698835651,0.016954779835678526,0.023617327956434783,0.0139901651001752,0.0240017325865612
auction_house,h05.centre_r,7,0.7469281947678873,0.017842860620994605,0.6862259622805224,0.7608667290954056,0.6748996781353243,0.7647710553888819
auction_house,h05.centre_t,7,0.0031425697270034414,0.0011127771711813284,-0.002387265902465307,0.005071012837702799,-0.005055584973630456,0.006294511746979842
auction_house,h05.diameter_over_dial,7,0.15945766103670547,0.011784612672609801,0.14653703284213376,0.17340465670947308,0.13346093097730827,0.1748140585632869
auction_house,h05.inner_r,7,0.6626725961597965,0.013384784220354606,0.6211255751880861,0.6722779130706704,0.6211169696264083,0.6760573803801511
auction_house,h05.inner_t,7,-0.004167086475985626,0.005865632263345355,-0.00946771334708485,0.00475275231251382,-0.011519630250469481,0.006524527915535788
auction_house,h05.outer_r,7,0.8273693680141638,0.044276371774576995,0.7754344291509283,0.8769667569521027,0.7382149762161654,0.8794320145868035
auction_house,h05.outer_t,7,0.03277758451399976,0.01556572146253224,-0.010827612907975535,0.044699900559626686,-0.01400655379061444,0.048343305976532
auction_house,h05.radial_span,7,0.1791304281476953,0.024244206058957163,0.14354963319725084,0.20692824765034912,0.11708366398696074,0.20897314362894437
auction_house,h05.segmentation_confidence,7,0.8406817224477747,0.06968940686552827,0.7273183254811171,0.8890124043433246,0.7253627486697354,0.910371129313303
auction_house,h06.angular_residual_deg,7,0.22049968736767767,0.47271875491444604,-0.5059774654088414,0.9994051664011254,-0.6959373429213542,1.4586852525796274
auction_house,h06.anisotropy,7,4.704119935819881,0.7393376527784632,3.6923729804413945,5.451053191920019,3.623792684308103,5.4624465969025335
auction_house,h06.area_norm,7,0.02659696701343039,0.0010525623729810904,0.01910991812060994,0.027489591397201658,0.015903440926666047,0.027649529386411482
auction_house,h06.axis_residual_deg,7,0.6639899602033807,0.653101593055581,-0.17909832297204953,2.3930378786940008,-0.44453741238889677,4.2797668689733825
auction_house,h06.centre_r,7,0.6879507268928102,0.0038048824971244066,0.6562222626143936,0.6901096718790716,0.6466662497349269,0.6917556093899346
auction_house,h06.centre_t,7,0.002594988685841677,0.005731641427851577,-0.005890142851729898,0.011744980706228321,-0.007855408441081431,0.016872506595030916
auction_house,h06.diameter_over_dial,7,0.18402258060226262,0.003603887227500574,0.15471603025830147,0.1869418791129874,0.14228917754997597,0.1876264678297632
auction_house,h06.inner_r,7,0.5602026662843617,0.0022639867102199895,0.5577152303951467,0.563735165125953,0.557471543725877,0.56563793332301
auction_house,h06.inner_t,7,0.0336805760050254,0.02136631938639412,-0.03537335969136636,0.05854606450857621,-0.03944186673547557,0.06422217072152658
auction_house,h06.outer_r,7,0.8147403220697162,0.0008995397027102836,0.757396416782117,0.8155441330626255,0.7387018364506791,0.8156398617724265
auction_house,h06.outer_t,7,-0.005405607747442469,0.02265995812299567,-0.04880693982704026,0.029288591650991375,-0.049741403625215265,0.04733995356414861
auction_house,h06.radial_span,7,0.24984238059974806,0.008325937446801435,0.1981237417416361,0.2552494343184898,0.18082414827601923,0.2581683180465495
auction_house,h06.segmentation_confidence,7,0.7961104564969429,0.05063123387128943,0.7668027881214369,0.9198951442159375,0.7454792226256535,0.976632621116613
auction_house,h07.angular_residual_deg,7,0.1771629872303464,0.4450028689374932,-0.3326089576671279,0.9473623857964857,-0.41745134004978013,1.6693835552960508
auction_house,h07.anisotropy,7,1.4654867118314219,0.05642092859526637,1.232315988044406,1.5904654257054287,1.1699142867809875,1.693302103623539
auction_house,h07.area_norm,7,0.019491736324900096,0.0022133640164480536,0.014550128703446031,0.021873646772828596,0.013732960595112292,0.02212646642004927
auction_house,h07.centre_r,7,0.7496473913096718,0.008966145027952677,0.689247519221071,0.7563462051021428,0.6752545437488742,0.7586135363376245
auction_house,h07.centre_t,7,0.0023255790396583542,0.005829986652489294,-0.004161099571832294,0.011642552083861467,-0.004920279891639956,0.020359644163091106
auction_house,h07.diameter_over_dial,7,0.15753618468280117,0.00870257005443581,0.13607216305643416,0.16688166751681766,0.13222915270541274,0.1678460366861887
auction_house,h07.inner_r,7,0.623194985677773,0.0008620532937649861,0.6218680479913087,0.6533598353042155,0.6211707214022597,0.6704338145053198
auction_house,h07.inner_t,7,0.0016730313409225595,0.007821348846163145,-0.0466556055184928,0.009335174282725157,-0.05535963605564255,0.0126166405416136
auction_house,h07.outer_r,7,0.8330420104760623,0.013659724557837594,0.7653677824709482,0.8452463684098339,0.7469755736126997,0.8467017350338999
auction_house,h07.outer_t,7,-1.6639908131860226e-05,0.008077402815649615,-0.01174635846074255,0.025293011275325104,-0.014829941545504072,0.05114138382703609
auction_house,h07.radial_span,7,0.16388023004755348,0.0380753778371134,0.14349973447963954,0.22222502822760043,0.12580485221044008,0.2235067493561269
auction_house,h07.segmentation_confidence,7,0.811189370316773,0.05140664636206593,0.7558885336644998,0.8821676590743607,0.7500472482291889,0.8917907413742608
auction_house,h08.angular_residual_deg,7,0.11429788648476347,0.3087084037851753,-0.3608798015973661,1.0186171830504782,-0.6105837280427977,1.804295142067474
auction_house,h08.anisotropy,7,1.2562385240912672,0.02040864187139757,1.2345151415129598,1.600826241023794,1.232543030452595,2.0352694539585947
auction_house,h08.area_norm,7,0.01921361114269997,0.0014623391784600245,0.01442163649836846,0.02079738628783689,0.013450836060248245,0.02097954023785224
auction_house,h08.centre_r,7,0.7508527325796518,0.006320675080033089,0.7020614641423756,0.7568755927604949,0.6749887422305068,0.7571734076596849
auction_house,h08.centre_t,7,0.0015064929048897724,0.004075670600774156,-0.004419299392887743,0.012829442997057915,-0.007194481938392783,0.02268440275534378
auction_house,h08.diameter_over_dial,7,0.15639103758031062,0.005854317825302324,0.1354536330137688,0.16272241375389287,0.13086248314411003,0.16343800127631278
auction_house,h08.inner_r,7,0.6660413363293067,0.006981374938100249,0.6336228736687665,0.6724127351109739,0.6212052413797386,0.673022711267407
auction_house,h08.inner_t,7,0.0034464188922388728,0.005008488533266714,-0.008950798517789293,0.013979904277105965,-0.016388942113497285,0.022267399554506517
auction_house,h08.outer_r,7,0.8348115552504412,0.007254476814216315,0.7778605343975598,0.8412104922805939,0.7393351210091703,0.8420660320646575
auction_house,h08.outer_t,7,0.00508855401485106,0.009411460551655482,-0.0055072417224373395,0.024758274822501196,-0.006657986775813973,0.04014566520649315
auction_house,h08.radial_span,7,0.1643315354890118,0.004438683432122614,0.14423766072879327,0.1695240776187752,0.11812987962943161,0.17005994772463906
auction_house,h08.segmentation_confidence,7,0.8584789257831535,0.017211303835240166,0.8107212885100572,0.8794499323102506,0.7556160397400162,0.8837501778603589
auction_house,h09.angular_residual_deg,7,0.12067605570280193,0.4957160218629042,-0.6917788587234439,1.103343462589709,-1.1668871975684567,1.757246004850117
auction_house,h09.anisotropy,7,5.64835227245046,0.024679448391085046,4.572585464707255,6.522813382926723,3.175854743489382,7.79748587605449
auction_house,h09.area_norm,7,0.025906024490916474,0.0011875946212048447,0.0178163195619935,0.027091986881007307,0.016571522490697675,0.02709361911212132
auction_house,h09.axis_residual_deg,7,0.21381617854471813,0.4148392002224739,-0.7996827908511477,0.7766043692995511,-1.4488364598247898,0.9985278550980894
auction_house,h09.centre_r,7,0.6855515377502258,0.003960185335806554,0.6575054284677087,0.689205217242273,0.6446441506521997,0.6897074692798606
auction_house,h09.centre_t,7,0.0014503472042149156,0.0059595382306088,-0.007956799198276226,0.013206127749082659,-0.013128211456099742,0.021073558041878052
auction_house,h09.diameter_over_dial,7,0.18152179654441886,0.004201663367204622,0.14968359883301277,0.18571526093391852,0.14525633199438442,0.18572345991162348
auction_house,h09.inner_r,7,0.5596556554302099,0.0019317301230963313,0.5576574287722784,0.5627289830356221,0.5575576839700256,0.5641666667389815
auction_house,h09.inner_t,7,0.01026716780097048,0.023694257505872826,-0.02886754295618323,0.052507247675476355,-0.05202822283310457,0.060589767991720285
auction_house,h09.outer_r,7,0.8136921890956881,0.003015778083023002,0.7573938203031247,0.8153753891979737,0.731092771012344,0.8167079671787111
auction_house,h09.outer_t,7,-0.013416548752021756,0.02790077043616463,-0.042601808491492595,0.039760574110685946,-0.04452854244645191,0.04380372247052402
auction_house,h09.radial_span,7,0.25032033713850066,0.004617102806827922,0.19782142547514547,0.2555181135827756,0.17282412017569754,0.2563891240389461
auction_house,h09.segmentation_confidence,7,0.8110839586035352,0.02736069242049388,0.7858161181120531,0.9238103549311,0.7837232661830413,0.9846746670661823
auction_house,h10.angular_residual_deg,6,0.07178952094271551,0.0984248323193384,-0.10370104904183108,0.17021435326205392,-0.12760604107859308,0.21446286357758026
auction_house,h10.anisotropy,6,1.1901875418626529,0.030246522819428412,1.1599410190432244,1.2386647657361984,1.1597967363959698,1.239672973202107
auction_house,h10.area_norm,6,0.019666113452347145,0.0007318569648754707,0.018427248441588766,0.02054052687107522,0.018040891105519777,0.020803734034741745
auction_house,h10.centre_r,6,0.7503417846075565,0.0017845323971013571,0.7278982612771991,0.7521263170046579,0.7273735657798557,0.7524086286029394
auction_house,h10.centre_t,6,0.0009192817310420265,0.0012712116451502609,-0.0013600426381075725,0.0021904933761922873,-0.0016744688087046988,0.002726560387485033
auction_house,h10.diameter_over_dial,6,0.15822729968763402,0.002955229945399554,0.15316424724503092,0.16171545449407515,0.151559809902918,0.16275176451020737
auction_house,h10.inner_r,6,0.6673125368004221,0.0012398872847290132,0.6481183540641466,0.6685524240851511,0.6479351213251614,0.6686126883420795
auction_house,h10.inner_t,6,0.002378810524385669,0.0038526490655716034,-0.0018785144358173939,0.011674887198164341,-0.005563606445760538,0.013837898691059725
auction_house,h10.outer_r,6,0.8320803651630788,0.003810442076203735,0.8056560667985813,0.8358908072392826,0.8043328651098052,0.8368206588413287
auction_house,h10.outer_t,6,0.004648533804833932,0.00681462405290624,-0.0025176640763236724,0.014963093018541804,-0.004532452210238347,0.016799813873680125
auction_house,h10.radial_span,6,0.1644055158693438,0.003295179778100593,0.15753771273443454,0.1677006956474444,0.1560312783066733,0.16820797049924918
auction_house,h10.segmentation_confidence,6,0.8848139304712042,0.019198869953604925,0.8630569721080671,0.9042518355317642,0.860559643526912,0.9045516304670965
auction_house,h11.angular_residual_deg,6,-0.0033567559070775133,0.06985417413278583,-0.07321093003986334,0.11323402815553152,-0.08524494369817148,0.1398164698700839
auction_house,h11.anisotropy,6,1.1523794627180197,0.033096778280155004,1.094247478060825,1.1965145715505847,1.0856650336898244,1.2240056641090338
auction_house,h11.area_norm,6,0.019408924632909007,0.0006132262150986764,0.017993063028579726,0.0201778491116048,0.0172587715489221,0.020401891284774903
auction_house,h11.centre_r,6,0.7478130111543841,0.004354410109811968,0.7199241244929211,0.7521674212641961,0.7166333609073743,0.7546004972205957
auction_house,h11.centre_t,6,-6.369089007733642e-05,0.0008927647264471567,-0.0009564556165244931,0.0014869406765378457,-0.001115459284340925,0.0018413279985987352
auction_house,h11.diameter_over_dial,6,0.15718673077579326,0.0024873843415015584,0.15132725089017143,0.16028168394766973,0.14823815443278343,0.1611722518647769
auction_house,h11.inner_r,6,0.6671406584425896,0.002621092395157454,0.6448452839756471,0.6697617508377471,0.6441359664978787,0.6717197740336821
auction_house,h11.inner_t,6,0.0023208708810120715,0.003389523999206237,-0.0010686531181941655,0.008838045392902602,-0.001260377134877505,0.010861414847601142
auction_house,h11.outer_r,6,0.8281703457698828,0.006130484956180571,0.7959376994334452,0.8343008307260633,0.7893219531941734,0.8359076167049535
auction_house,h11.outer_t,6,-0.00019877666942863526,0.0005249468614539898,-0.0018730138629986515,0.0016908293873607594,-0.0029727728638383466,0.0031050199139724954
auction_house,h11.radial_span,6,0.1608457818811678,0.002885181748216642,0.1510924154577981,0.16472298533444177,0.14376735174075805,0.16525812799761208
auction_house,h11.segmentation_confidence,6,0.9033245681887723,0.01755413715820825,0.8810771805702533,0.9218913972478671,0.8769209737793119,0.9234411328181229
auction_house,h12.angular_residual_deg,6,-0.06127196695771886,0.10572267023991344,-0.219760903923941,0.07699598763886684,-0.2681096522773032,0.11395879036848555
auction_house,h12.anisotropy,6,2.0726929426718987,0.09425016463947955,1.6688726063358028,2.1669431073113783,1.5438534619086954,2.1981119140824084
auction_house,h12.area_norm,6,0.03214740583270623,0.0012159797796741957,0.029275461316573888,0.03336338561238042,0.029173059461093397,0.03338219470147055
auction_house,h12.axis_residual_deg,6,1.7684867858151136,1.1474065061615875,0.248283038616254,3.2693476465954774,-0.1826632934332011,3.5646529102020708
auction_house,h12.centre_r,6,0.7298857167133488,0.00473387667628683,0.704645753228623,0.7346195933896356,0.6995948938476292,0.7349363916184158
auction_house,h12.centre_t,6,-0.0007977202178617233,0.0013532113647695097,-0.0027972140520959657,0.0009195363118518786,-0.0034026075482982633,0.0013244704500584058
auction_house,h12.diameter_over_dial,6,0.20229450609949096,0.0038111851500812755,0.19301102169422824,0.20610569124957223,0.19272854730624206,0.20616373404883837
auction_house,h12.inner_r,6,0.5709185064898374,0.001330017192862576,0.5694209038942792,0.5730578672229438,0.5693894849718271,0.574003377243431
auction_house,h12.inner_t,6,0.005585681727298047,0.0079165244147613,-0.012284918263384088,0.013502206142059346,-0.01327896479454829,0.02044570481541738
auction_house,h12.outer_r,6,0.8269819384943183,0.00818712868512017,0.7934246896167486,0.8351690671794385,0.7867343960567228,0.8355269024821916
auction_house,h12.outer_t,6,-0.016507655771233726,0.05210783053182765,-0.06861548630306138,0.09091771808714602,-0.06888290351634066,0.0953194730523907
auction_house,h12.radial_span,6,0.25543468394254076,0.008635281268756678,0.22267376852960677,0.26406996521129744,0.21462203885426623,0.2657978128904491
auction_house,h12.segmentation_confidence,6,0.9033303204139779,0.012105294974137426,0.8912250254398404,0.9392413775711799,0.8901473773823656,0.9401956600077352
auction_house,h12.stage3_apex_r_projective,7,0.5885582930488888,0.0034832365906627416,0.5847400649942247,0.5968300263574511,0.5842375777982226,0.6025140805960866
auction_house,h12.stage3_apex_r_projective_over_round_inner,7,0.8642559369293521,0.00511488486147238,0.8586491409606823,0.8764023881900895,0.8579112742998863,0.8847490170280272
auction_house,h12.stage3_apex_r_simple,7,0.5542121035408907,0.002859090754942728,0.550826179102706,0.5584848946042408,0.5493583911315965,0.5587561152240252
auction_house,h12.stage3_apex_tangential_offset_canonical,7,0.00013440102192846005,0.0006764881341803604,-0.001882279299895338,0.0024009245097392617,-0.002209308056174602,0.004882365099954688
auction_house,h12.stage3_apex_to_base_span_projective,7,0.22048307868034128,0.004619496364053621,0.21354837269769214,0.2298711082300878,0.21127568337770192,0.2370239080086271
auction_house,h12.stage3_apex_to_base_span_simple,7,0.23128715256448906,0.0292978169127332,0.19284269132970688,0.26564818706663235,0.17406764796168428,0.27038119573200015
auction_house,h12.stage3_axis_incidence_canonical,7,-0.002006783161831625,0.003086979561961789,-0.010557683485697657,4.354418206173609e-05,-0.017306566616883744,0.001701578430036154
auction_house,h12.stage3_base_half_width_symmetry,7,0.0,2.8720846917879157e-16,-3.8789795632568413e-16,3.924341164102904e-16,-5.912108593749591e-16,4.373734821367445e-16
auction_house,h12.stage3_base_line_angular_deviation_deg,7,1.1076971217245417,1.2288319087769979,-1.0327831458228418,2.8251658889931344,-1.544477542606173,3.5581211767305256
auction_house,h12.stage3_base_r_projective,7,0.8089220703352737,0.0033639351967063025,0.8049888298520099,0.8185067388072795,0.8041348719221737,0.8255822010575159
auction_house,h12.stage3_base_r_projective_over_round_outer,7,0.98528875802104,0.004097363211579053,0.9804979657149938,0.9969631410563696,0.9794578220732932,1.0055812436754152
auction_house,h12.stage3_base_r_simple,7,0.7895912334222068,0.03001974297292742,0.74511330990688,0.8218608681437668,0.7234260390932807,0.8227787255887983
auction_house,h12.stage3_base_tangential_offset_canonical,7,-0.0014445780028676828,0.001554014909177076,-0.0033966352684345405,0.0005381826560732447,-0.0036426295312281193,0.0016090628407654877
auction_house,h12.stage3_base_to_minute_track_gap_projective,7,0.08207792966472627,0.003363935196706358,0.07249326119272057,0.0860111701479901,0.06541779894248412,0.08686512807782631
auction_house,h12.stage3_base_to_minute_track_gap_simple,7,0.10140876657779313,0.030019742972927532,0.06913913185623323,0.14588669009312014,0.06822127441120174,0.16757396090671933
auction_house,h12.stage3_base_width_over_height,7,0.945853078698334,0.08793950369549386,0.8545741646981537,1.0733978134399915,0.8495650492411241,1.082347081935139
auction_house,h12.stage3_centre_r_projective,7,0.7368203022845754,0.0021387881445902313,0.7322831394175107,0.7404932432298259,0.7295201567752025,0.7427944724308162
auction_house,h12.stage3_centre_r_projective_over_round_centre,7,0.9811189111645479,0.0028479202990548957,0.9750774160020116,0.986009644780061,0.9713983445741712,0.9890738647547486
auction_house,h12.stage3_centre_r_simple,7,0.7095927745373898,0.02449185650865604,0.6732662776721132,0.7350622009112161,0.6555143171371826,0.7357010764797458
auction_house,h12.stage3_centre_to_minute_track_gap_projective,7,0.15417969771542456,0.0021387881445901757,0.15050675677017417,0.1587168605824893,0.14820552756918387,0.16147984322479747
auction_house,h12.stage3_centre_to_minute_track_gap_simple,7,0.18140722546261018,0.02449185650865615,0.15593779908878397,0.2177337223278868,0.15529892352025426,0.23548568286281746
auction_house,h12.stage3_centroid_angular_offset_deg,7,-0.2558977651835694,0.12294883198789963,-0.32334773747269147,0.06479739149286246,-0.378846597171469,0.12887455324535035
auction_house,h12.stage3_centroid_position_within_span,7,0.653235606411348,0.020870117426113777,0.621659100821544,0.6770270971384763,0.6098462727072237,0.681409157089998
auction_house,h12.stage3_centroid_tangential_offset_canonical,7,-0.00327507344989522,0.0010593513312788282,-0.003838189188770609,0.0007502683193247479,-0.004334424781174048,0.0014447002468378303
auction_house,h12.stage3_symmetry_axis_angular_deviation_deg,7,-0.44242662214863626,0.23476525322616826,-0.9224291871548524,0.02812766788817131,-1.2902851548249246,0.2636285412518471
auction_house,h12.stage3_triangle_height_over_minute_track_r,7,0.2596028942494891,0.03286133867456531,0.21644984641693593,0.2981609704378408,0.19537279635101104,0.30346182736475846
auction_house,n_markers_segmented,7,11.0,0.0,7.4,11.0,6.5,11.0
auction_house,pose_confidence,7,0.9377143472963949,0.021790398366796304,0.7250198766605549,0.9532993667277506,0.674641458338936,0.9595047456631912
auction_house,tilt_deg,7,5.193792188390088,0.4086769658207521,4.834936919443512,6.3884164926990845,4.785115222569336,7.025010778276031
established_dealer,date_dx_window,1,-0.05698492787569315,0.0,-0.05698492787569315,-0.05698492787569315,-0.05698492787569315,-0.05698492787569315
established_dealer,date_dy_window,1,0.009320555339216436,0.0,0.009320555339216436,0.009320555339216436,0.009320555339216436,0.009320555339216436
established_dealer,date_offset_norm,1,0.05774214021691044,0.0,0.05774214021691044,0.05774214021691044,0.05774214021691044,0.05774214021691044
established_dealer,date_window_h_px,1,49.0,0.0,49.0,49.0,49.0,49.0
established_dealer,date_window_w_px,1,57.0,0.0,57.0,57.0,57.0,57.0
established_dealer,dial_radius_px,1,212.74521240234384,0.0,212.74521240234384,212.74521240234384,212.74521240234384,212.74521240234384
established_dealer,h01.angular_residual_deg,1,-0.27263146363071655,0.0,-0.27263146363071655,-0.27263146363071655,-0.27263146363071655,-0.27263146363071655
established_dealer,h01.anisotropy,1,1.1920041551600553,0.0,1.1920041551600553,1.1920041551600553,1.1920041551600553,1.1920041551600553
established_dealer,h01.area_norm,1,0.017564975063190946,0.0,0.017564975063190946,0.017564975063190946,0.017564975063190946,0.017564975063190946
established_dealer,h01.centre_r,1,0.7522206358999906,0.0,0.7522206358999906,0.7522206358999906,0.7522206358999906,0.7522206358999906
established_dealer,h01.centre_t,1,-0.003579331016460685,0.0,-0.003579331016460685,-0.003579331016460685,-0.003579331016460685,-0.003579331016460685
established_dealer,h01.diameter_over_dial,1,0.14954738664631262,0.0,0.14954738664631262,0.14954738664631262,0.14954738664631262,0.14954738664631262
established_dealer,h01.inner_r,1,0.6726486702250689,0.0,0.6726486702250689,0.6726486702250689,0.6726486702250689,0.6726486702250689
established_dealer,h01.inner_t,1,-0.02649039334193204,0.0,-0.02649039334193204,-0.02649039334193204,-0.02649039334193204,-0.02649039334193204
established_dealer,h01.outer_r,1,0.8284057460795093,0.0,0.8284057460795093,0.8284057460795093,0.8284057460795093,0.8284057460795093
established_dealer,h01.outer_t,1,0.0039938159404979134,0.0,0.0039938159404979134,0.0039938159404979134,0.0039938159404979134,0.0039938159404979134
established_dealer,h01.radial_span,1,0.15575707585444043,0.0,0.15575707585444043,0.15575707585444043,0.15575707585444043,0.15575707585444043
established_dealer,h01.segmentation_confidence,1,0.913174614448353,0.0,0.913174614448353,0.913174614448353,0.913174614448353,0.913174614448353
established_dealer,h02.angular_residual_deg,1,1.9848149025787158,0.0,1.9848149025787158,1.9848149025787158,1.9848149025787158,1.9848149025787158
established_dealer,h02.anisotropy,1,3.4572010379772244,0.0,3.4572010379772244,3.4572010379772244,3.4572010379772244,3.4572010379772244
established_dealer,h02.area_norm,1,0.008020233896777753,0.0,0.008020233896777753,0.008020233896777753,0.008020233896777753,0.008020233896777753
established_dealer,h02.centre_r,1,0.7609731261275392,0.0,0.7609731261275392,0.7609731261275392,0.7609731261275392,0.7609731261275392
established_dealer,h02.centre_t,1,0.02637184238200807,0.0,0.02637184238200807,0.02637184238200807,0.02637184238200807,0.02637184238200807
established_dealer,h02.diameter_over_dial,1,0.10105285228731956,0.0,0.10105285228731956,0.10105285228731956,0.10105285228731956,0.10105285228731956
established_dealer,h02.inner_r,1,0.6741242192718406,0.0,0.6741242192718406,0.6741242192718406,0.6741242192718406,0.6741242192718406
established_dealer,h02.inner_t,1,0.026634016013905637,0.0,0.026634016013905637,0.026634016013905637,0.026634016013905637,0.026634016013905637
established_dealer,h02.outer_r,1,0.8500757440512882,0.0,0.8500757440512882,0.8500757440512882,0.8500757440512882,0.8500757440512882
established_dealer,h02.outer_t,1,-0.035365647534574884,0.0,-0.035365647534574884,-0.035365647534574884,-0.035365647534574884,-0.035365647534574884
established_dealer,h02.radial_span,1,0.17595152477944753,0.0,0.17595152477944753,0.17595152477944753,0.17595152477944753,0.17595152477944753
established_dealer,h02.segmentation_confidence,1,0.3948238300090273,0.0,0.3948238300090273,0.3948238300090273,0.3948238300090273,0.3948238300090273
established_dealer,h04.angular_residual_deg,1,-0.5032112267465436,0.0,-0.5032112267465436,-0.5032112267465436,-0.5032112267465436,-0.5032112267465436
established_dealer,h04.anisotropy,1,1.3384969109225766,0.0,1.3384969109225766,1.3384969109225766,1.3384969109225766,1.3384969109225766
established_dealer,h04.area_norm,1,0.017266701901740535,0.0,0.017266701901740535,0.017266701901740535,0.017266701901740535,0.017266701901740535
established_dealer,h04.centre_r,1,0.7532104254907735,0.0,0.7532104254907735,0.7532104254907735,0.7532104254907735,0.7532104254907735
established_dealer,h04.centre_t,1,-0.006615385830440135,0.0,-0.006615385830440135,-0.006615385830440135,-0.006615385830440135,-0.006615385830440135
established_dealer,h04.diameter_over_dial,1,0.14827220801097518,0.0,0.14827220801097518,0.14827220801097518,0.14827220801097518,0.14827220801097518
established_dealer,h04.inner_r,1,0.6674796700553335,0.0,0.6674796700553335,0.6674796700553335,0.6674796700553335,0.6674796700553335
established_dealer,h04.inner_t,1,-0.008244456625392027,0.0,-0.008244456625392027,-0.008244456625392027,-0.008244456625392027,-0.008244456625392027
established_dealer,h04.outer_r,1,0.8364338614480076,0.0,0.8364338614480076,0.8364338614480076,0.8364338614480076,0.8364338614480076
established_dealer,h04.outer_t,1,-0.006271938095905427,0.0,-0.006271938095905427,-0.006271938095905427,-0.006271938095905427,-0.006271938095905427
established_dealer,h04.radial_span,1,0.1689541913926741,0.0,0.1689541913926741,0.1689541913926741,0.1689541913926741,0.1689541913926741
established_dealer,h04.segmentation_confidence,1,0.8707982793055007,0.0,0.8707982793055007,0.8707982793055007,0.8707982793055007,0.8707982793055007
established_dealer,h05.angular_residual_deg,1,-0.4627462809417011,0.0,-0.4627462809417011,-0.4627462809417011,-0.4627462809417011,-0.4627462809417011
established_dealer,h05.anisotropy,1,1.3782707541303219,0.0,1.3782707541303219,1.3782707541303219,1.3782707541303219,1.3782707541303219
established_dealer,h05.area_norm,1,0.01738822059714626,0.0,0.01738822059714626,0.01738822059714626,0.01738822059714626,0.01738822059714626
established_dealer,h05.centre_r,1,0.7457398701805842,0.0,0.7457398701805842,0.7457398701805842,0.7457398701805842,0.7457398701805842
established_dealer,h05.centre_t,1,-0.006023058903441569,0.0,-0.006023058903441569,-0.006023058903441569,-0.006023058903441569,-0.006023058903441569
established_dealer,h05.diameter_over_dial,1,0.14879304445055583,0.0,0.14879304445055583,0.14879304445055583,0.14879304445055583,0.14879304445055583
established_dealer,h05.inner_r,1,0.6655155706963242,0.0,0.6655155706963242,0.6655155706963242,0.6655155706963242,0.6655155706963242
established_dealer,h05.inner_t,1,0.001705581781057841,0.0,0.001705581781057841,0.001705581781057841,0.001705581781057841,0.001705581781057841
established_dealer,h05.outer_r,1,0.8266680988855281,0.0,0.8266680988855281,0.8266680988855281,0.8266680988855281,0.8266680988855281
established_dealer,h05.outer_t,1,-0.038913505877103294,0.0,-0.038913505877103294,-0.038913505877103294,-0.038913505877103294,-0.038913505877103294
established_dealer,h05.radial_span,1,0.1611525281892039,0.0,0.1611525281892039,0.1611525281892039,0.1611525281892039,0.1611525281892039
established_dealer,h05.segmentation_confidence,1,0.8684540127486104,0.0,0.8684540127486104,0.8684540127486104,0.8684540127486104,0.8684540127486104
established_dealer,h06.angular_residual_deg,1,-0.31167090587354096,0.0,-0.31167090587354096,-0.31167090587354096,-0.31167090587354096,-0.31167090587354096
established_dealer,h06.anisotropy,1,10.292392023346073,0.0,10.292392023346073,10.292392023346073,10.292392023346073,10.292392023346073
established_dealer,h06.area_norm,1,0.018205710002602942,0.0,0.018205710002602942,0.018205710002602942,0.018205710002602942,0.018205710002602942
established_dealer,h06.axis_residual_deg,1,-0.5232819717069219,0.0,-0.5232819717069219,-0.5232819717069219,-0.5232819717069219,-0.5232819717069219
established_dealer,h06.centre_r,1,0.693751763998236,0.0,0.693751763998236,0.693751763998236,0.693751763998236,0.693751763998236
established_dealer,h06.centre_t,1,-0.0037738272396814635,0.0,-0.0037738272396814635,-0.0037738272396814635,-0.0037738272396814635,-0.0037738272396814635
established_dealer,h06.diameter_over_dial,1,0.15225054980293035,0.0,0.15225054980293035,0.15225054980293035,0.15225054980293035,0.15225054980293035
established_dealer,h06.inner_r,1,0.5704620002218609,0.0,0.5704620002218609,0.5704620002218609,0.5704620002218609,0.5704620002218609
established_dealer,h06.inner_t,1,-0.03574682003076456,0.0,-0.03574682003076456,-0.03574682003076456,-0.03574682003076456,-0.03574682003076456
established_dealer,h06.outer_r,1,0.8147189922044867,0.0,0.8147189922044867,0.8147189922044867,0.8147189922044867,0.8147189922044867
established_dealer,h06.outer_t,1,0.02817326652663444,0.0,0.02817326652663444,0.02817326652663444,0.02817326652663444,0.02817326652663444
established_dealer,h06.radial_span,1,0.24425699198262585,0.0,0.24425699198262585,0.24425699198262585,0.24425699198262585,0.24425699198262585
established_dealer,h06.segmentation_confidence,1,0.9557583220665795,0.0,0.9557583220665795,0.9557583220665795,0.9557583220665795,0.9557583220665795
established_dealer,h07.angular_residual_deg,1,0.14485543459873895,0.0,0.14485543459873895,0.14485543459873895,0.14485543459873895,0.14485543459873895
established_dealer,h07.anisotropy,1,1.3348033958462522,0.0,1.3348033958462522,1.3348033958462522,1.3348033958462522,1.3348033958462522
established_dealer,h07.area_norm,1,0.017719635220980048,0.0,0.017719635220980048,0.017719635220980048,0.017719635220980048,0.017719635220980048
established_dealer,h07.centre_r,1,0.744804346908619,0.0,0.744804346908619,0.744804346908619,0.744804346908619,0.744804346908619
established_dealer,h07.centre_t,1,0.0018830215444969878,0.0,0.0018830215444969878,0.0018830215444969878,0.0018830215444969878,0.0018830215444969878
established_dealer,h07.diameter_over_dial,1,0.15020432843841017,0.0,0.15020432843841017,0.15020432843841017,0.15020432843841017,0.15020432843841017
established_dealer,h07.inner_r,1,0.6652601043558968,0.0,0.6652601043558968,0.6652601043558968,0.6652601043558968,0.6652601043558968
established_dealer,h07.inner_t,1,0.004715042674519665,0.0,0.004715042674519665,0.004715042674519665,0.004715042674519665,0.004715042674519665
established_dealer,h07.outer_r,1,0.8302383746485047,0.0,0.8302383746485047,0.8302383746485047,0.8302383746485047,0.8302383746485047
established_dealer,h07.outer_t,1,0.017002801926960964,0.0,0.017002801926960964,0.017002801926960964,0.017002801926960964,0.017002801926960964
established_dealer,h07.radial_span,1,0.16497827029260792,0.0,0.16497827029260792,0.16497827029260792,0.16497827029260792,0.16497827029260792
established_dealer,h07.segmentation_confidence,1,0.8729681061387311,0.0,0.8729681061387311,0.8729681061387311,0.8729681061387311,0.8729681061387311
established_dealer,h08.angular_residual_deg,1,0.22672897956053362,0.0,0.22672897956053362,0.22672897956053362,0.22672897956053362,0.22672897956053362
established_dealer,h08.anisotropy,1,1.2505164661945383,0.0,1.2505164661945383,1.2505164661945383,1.2505164661945383,1.2505164661945383
established_dealer,h08.area_norm,1,0.017819059608130187,0.0,0.017819059608130187,0.017819059608130187,0.017819059608130187,0.017819059608130187
established_dealer,h08.centre_r,1,0.7504876648500027,0.0,0.7504876648500027,0.7504876648500027,0.7504876648500027,0.7504876648500027
established_dealer,h08.centre_t,1,0.002969820675274515,0.0,0.002969820675274515,0.002969820675274515,0.002969820675274515,0.002969820675274515
established_dealer,h08.diameter_over_dial,1,0.15062513516363862,0.0,0.15062513516363862,0.15062513516363862,0.15062513516363862,0.15062513516363862
established_dealer,h08.inner_r,1,0.6654567780281717,0.0,0.6654567780281717,0.6654567780281717,0.6654567780281717,0.6654567780281717
established_dealer,h08.inner_t,1,0.005971108355060539,0.0,0.005971108355060539,0.005971108355060539,0.005971108355060539,0.005971108355060539
established_dealer,h08.outer_r,1,0.8355973578155518,0.0,0.8355973578155518,0.8355973578155518,0.8355973578155518,0.8355973578155518
established_dealer,h08.outer_t,1,0.0052888326931430085,0.0,0.0052888326931430085,0.0052888326931430085,0.0052888326931430085,0.0052888326931430085
established_dealer,h08.radial_span,1,0.17014057978738006,0.0,0.17014057978738006,0.17014057978738006,0.17014057978738006,0.17014057978738006
established_dealer,h08.segmentation_confidence,1,0.885071476003476,0.0,0.885071476003476,0.885071476003476,0.885071476003476,0.885071476003476
established_dealer,h09.angular_residual_deg,1,-0.03573832483800743,0.0,-0.03573832483800743,-0.03573832483800743,-0.03573832483800743,-0.03573832483800743
established_dealer,h09.anisotropy,1,10.143396639904392,0.0,10.143396639904392,10.143396639904392,10.143396639904392,10.143396639904392
established_dealer,h09.area_norm,1,0.018073144153069428,0.0,0.018073144153069428,0.018073144153069428,0.018073144153069428,0.018073144153069428
established_dealer,h09.axis_residual_deg,1,-0.37315366688662266,0.0,-0.37315366688662266,-0.37315366688662266,-0.37315366688662266,-0.37315366688662266
established_dealer,h09.centre_r,1,0.6931623006621797,0.0,0.6931623006621797,0.6931623006621797,0.6931623006621797,0.6931623006621797
established_dealer,h09.centre_t,1,-0.00043236103758041895,0.0,-0.00043236103758041895,-0.00043236103758041895,-0.00043236103758041895,-0.00043236103758041895
established_dealer,h09.diameter_over_dial,1,0.15169522679829806,0.0,0.15169522679829806,0.15169522679829806,0.15169522679829806,0.15169522679829806
established_dealer,h09.inner_r,1,0.5723853463885951,0.0,0.5723853463885951,0.5723853463885951,0.5723853463885951,0.5723853463885951
established_dealer,h09.inner_t,1,-0.0322578846115062,0.0,-0.0322578846115062,-0.0322578846115062,-0.0322578846115062,-0.0322578846115062
established_dealer,h09.outer_r,1,0.8133958351476589,0.0,0.8133958351476589,0.8133958351476589,0.8133958351476589,0.8133958351476589
established_dealer,h09.outer_t,1,0.03120702919549168,0.0,0.03120702919549168,0.03120702919549168,0.03120702919549168,0.03120702919549168
established_dealer,h09.radial_span,1,0.24101048875906383,0.0,0.24101048875906383,0.24101048875906383,0.24101048875906383,0.24101048875906383
established_dealer,h09.segmentation_confidence,1,0.9524045115216395,0.0,0.9524045115216395,0.9524045115216395,0.9524045115216395,0.9524045115216395
established_dealer,h10.angular_residual_deg,1,0.10486940715838955,0.0,0.10486940715838955,0.10486940715838955,0.10486940715838955,0.10486940715838955
established_dealer,h10.anisotropy,1,1.1951947986236908,0.0,1.1951947986236908,1.1951947986236908,1.1951947986236908,1.1951947986236908
established_dealer,h10.area_norm,1,0.016935287277906743,0.0,0.016935287277906743,0.016935287277906743,0.016935287277906743,0.016935287277906743
established_dealer,h10.centre_r,1,0.7477417890341449,0.0,0.7477417890341449,0.7477417890341449,0.7477417890341449,0.7477417890341449
established_dealer,h10.centre_t,1,0.0013686056172955707,0.0,0.0013686056172955707,0.0013686056172955707,0.0013686056172955707,0.0013686056172955707
established_dealer,h10.diameter_over_dial,1,0.14684235582311111,0.0,0.14684235582311111,0.14684235582311111,0.14684235582311111,0.14684235582311111
established_dealer,h10.inner_r,1,0.6616315362755192,0.0,0.6616315362755192,0.6616315362755192,0.6616315362755192,0.6616315362755192
established_dealer,h10.inner_t,1,-0.008030521099519128,0.0,-0.008030521099519128,-0.008030521099519128,-0.008030521099519128,-0.008030521099519128
established_dealer,h10.outer_r,1,0.8307176290012764,0.0,0.8307176290012764,0.8307176290012764,0.8307176290012764,0.8307176290012764
established_dealer,h10.outer_t,1,0.0065557918639791435,0.0,0.0065557918639791435,0.0065557918639791435,0.0065557918639791435,0.0065557918639791435
established_dealer,h10.radial_span,1,0.16908609272575725,0.0,0.16908609272575725,0.16908609272575725,0.16908609272575725,0.16908609272575725
established_dealer,h10.segmentation_confidence,1,0.9057746605173057,0.0,0.9057746605173057,0.9057746605173057,0.9057746605173057,0.9057746605173057
established_dealer,h11.angular_residual_deg,1,0.02132693152293541,0.0,0.02132693152293541,0.02132693152293541,0.02132693152293541,0.02132693152293541
established_dealer,h11.anisotropy,1,1.1992510986726796,0.0,1.1992510986726796,1.1992510986726796,1.1992510986726796,1.1992510986726796
established_dealer,h11.area_norm,1,0.015631723090827162,0.0,0.015631723090827162,0.015631723090827162,0.015631723090827162,0.015631723090827162
established_dealer,h11.centre_r,1,0.7455642535131866,0.0,0.7455642535131866,0.7455642535131866,0.7455642535131866,0.7455642535131866
established_dealer,h11.centre_t,1,0.00027751779712414937,0.0,0.00027751779712414937,0.00027751779712414937,0.00027751779712414937,0.00027751779712414937
established_dealer,h11.diameter_over_dial,1,0.14107773740598092,0.0,0.14107773740598092,0.14107773740598092,0.14107773740598092,0.14107773740598092
established_dealer,h11.inner_r,1,0.6638843278696324,0.0,0.6638843278696324,0.6638843278696324,0.6638843278696324,0.6638843278696324
established_dealer,h11.inner_t,1,0.021144843524240675,0.0,0.021144843524240675,0.021144843524240675,0.021144843524240675,0.021144843524240675
established_dealer,h11.outer_r,1,0.8254565206094746,0.0,0.8254565206094746,0.8254565206094746,0.8254565206094746,0.8254565206094746
established_dealer,h11.outer_t,1,-0.0011777358799525128,0.0,-0.0011777358799525128,-0.0011777358799525128,-0.0011777358799525128,-0.0011777358799525128
established_dealer,h11.radial_span,1,0.16157219273984225,0.0,0.16157219273984225,0.16157219273984225,0.16157219273984225,0.16157219273984225
established_dealer,h11.segmentation_confidence,1,0.9085061636844987,0.0,0.9085061636844987,0.9085061636844987,0.9085061636844987,0.9085061636844987
established_dealer,h12.angular_residual_deg,1,0.9725448889054746,0.0,0.9725448889054746,0.9725448889054746,0.9725448889054746,0.9725448889054746
established_dealer,h12.anisotropy,1,4.390759685128515,0.0,4.390759685128515,4.390759685128515,4.390759685128515,4.390759685128515
established_dealer,h12.area_norm,1,0.020691319681356377,0.0,0.020691319681356377,0.020691319681356377,0.020691319681356377,0.020691319681356377
established_dealer,h12.axis_residual_deg,1,10.841826472570588,0.0,10.841826472570588,10.841826472570588,10.841826472570588,10.841826472570588
established_dealer,h12.centre_r,1,0.7223665221262551,0.0,0.7223665221262551,0.7223665221262551,0.7223665221262551,0.7223665221262551
established_dealer,h12.centre_t,1,0.012262706855730547,0.0,0.012262706855730547,0.012262706855730547,0.012262706855730547,0.012262706855730547
established_dealer,h12.diameter_over_dial,1,0.16231144892169472,0.0,0.16231144892169472,0.16231144892169472,0.16231144892169472,0.16231144892169472
established_dealer,h12.inner_r,1,0.574110927582363,0.0,0.574110927582363,0.574110927582363,0.574110927582363,0.574110927582363
established_dealer,h12.inner_t,1,-0.014913073716826177,0.0,-0.014913073716826177,-0.014913073716826177,-0.014913073716826177,-0.014913073716826177
established_dealer,h12.outer_r,1,0.8164564993134401,0.0,0.8164564993134401,0.8164564993134401,0.8164564993134401,0.8164564993134401
established_dealer,h12.outer_t,1,0.009731328939159869,0.0,0.009731328939159869,0.009731328939159869,0.009731328939159869,0.009731328939159869
established_dealer,h12.radial_span,1,0.24234557173107707,0.0,0.24234557173107707,0.24234557173107707,0.24234557173107707,0.24234557173107707
established_dealer,h12.segmentation_confidence,1,0.9293863814489128,0.0,0.9293863814489128,0.9293863814489128,0.9293863814489128,0.9293863814489128
established_dealer,h12.stage3_apex_r_projective,1,0.597556189152219,0.0,0.597556189152219,0.597556189152219,0.597556189152219,0.597556189152219
established_dealer,h12.stage3_apex_r_projective_over_round_inner,1,0.8774687065377664,0.0,0.8774687065377664,0.8774687065377664,0.8774687065377664,0.8774687065377664
established_dealer,h12.stage3_apex_r_simple,1,0.5801163641822848,0.0,0.5801163641822848,0.5801163641822848,0.5801163641822848,0.5801163641822848
established_dealer,h12.stage3_apex_tangential_offset_canonical,1,-0.007106064364155644,0.0,-0.007106064364155644,-0.007106064364155644,-0.007106064364155644,-0.007106064364155644
established_dealer,h12.stage3_apex_to_base_span_projective,1,0.2024555207438654,0.0,0.2024555207438654,0.2024555207438654,0.2024555207438654,0.2024555207438654
established_dealer,h12.stage3_apex_to_base_span_simple,1,0.21983444349845727,0.0,0.21983444349845727,0.21983444349845727,0.21983444349845727,0.21983444349845727
established_dealer,h12.stage3_axis_incidence_canonical,1,0.020798814056252345,0.0,0.020798814056252345,0.020798814056252345,0.020798814056252345,0.020798814056252345
established_dealer,h12.stage3_base_half_width_symmetry,1,-2.1480913688654975e-16,0.0,-2.1480913688654975e-16,-2.1480913688654975e-16,-2.1480913688654975e-16,-2.1480913688654975e-16
established_dealer,h12.stage3_base_line_angular_deviation_deg,1,-3.650026234390501,0.0,-3.650026234390501,-3.650026234390501,-3.650026234390501,-3.650026234390501
established_dealer,h12.stage3_base_r_projective,1,0.8000117098960844,0.0,0.8000117098960844,0.8000117098960844,0.8000117098960844,0.8000117098960844
established_dealer,h12.stage3_base_r_projective_over_round_outer,1,0.9744357002388361,0.0,0.9744357002388361,0.9744357002388361,0.9744357002388361,0.9744357002388361
established_dealer,h12.stage3_base_r_simple,1,0.7999508076807421,0.0,0.7999508076807421,0.7999508076807421,0.7999508076807421,0.7999508076807421
established_dealer,h12.stage3_base_tangential_offset_canonical,1,-0.001915015186362902,0.0,-0.001915015186362902,-0.001915015186362902,-0.001915015186362902,-0.001915015186362902
established_dealer,h12.stage3_base_to_minute_track_gap_projective,1,0.09098829010391563,0.0,0.09098829010391563,0.09098829010391563,0.09098829010391563,0.09098829010391563
established_dealer,h12.stage3_base_to_minute_track_gap_simple,1,0.0910491923192579,0.0,0.0910491923192579,0.0910491923192579,0.0910491923192579,0.0910491923192579
established_dealer,h12.stage3_base_width_over_height,1,0.8813978009498247,0.0,0.8813978009498247,0.8813978009498247,0.8813978009498247,0.8813978009498247
established_dealer,h12.stage3_centre_r_projective,1,0.7359051300478784,0.0,0.7359051300478784,0.7359051300478784,0.7359051300478784,0.7359051300478784
established_dealer,h12.stage3_centre_r_projective_over_round_centre,1,0.979900306322075,0.0,0.979900306322075,0.979900306322075,0.979900306322075,0.979900306322075
established_dealer,h12.stage3_centre_r_simple,1,0.7289283993752428,0.0,0.7289283993752428,0.7289283993752428,0.7289283993752428,0.7289283993752428
established_dealer,h12.stage3_centre_to_minute_track_gap_projective,1,0.15509486995212163,0.0,0.15509486995212163,0.15509486995212163,0.15509486995212163,0.15509486995212163
established_dealer,h12.stage3_centre_to_minute_track_gap_simple,1,0.16207160062475723,0.0,0.16207160062475723,0.16207160062475723,0.16207160062475723,0.16207160062475723
established_dealer,h12.stage3_centroid_angular_offset_deg,1,-0.06564192314558853,0.0,-0.06564192314558853,-0.06564192314558853,-0.06564192314558853,-0.06564192314558853
established_dealer,h12.stage3_centroid_position_within_span,1,0.6769277499228744,0.0,0.6769277499228744,0.6769277499228744,0.6769277499228744,0.6769277499228744
established_dealer,h12.stage3_centroid_tangential_offset_canonical,1,-0.0008351100781165806,0.0,-0.0008351100781165806,-0.0008351100781165806,-0.0008351100781165806,-0.0008351100781165806
established_dealer,h12.stage3_symmetry_axis_angular_deviation_deg,1,1.352699522233859,0.0,1.352699522233859,1.352699522233859,1.352699522233859,1.352699522233859
established_dealer,h12.stage3_triangle_height_over_minute_track_r,1,0.246796547970638,0.0,0.246796547970638,0.246796547970638,0.246796547970638,0.246796547970638
established_dealer,n_markers_segmented,1,11.0,0.0,11.0,11.0,11.0,11.0
established_dealer,pose_confidence,1,0.8077283632227461,0.0,0.8077283632227461,0.8077283632227461,0.8077283632227461,0.8077283632227461
established_dealer,tilt_deg,1,6.334277521630909,0.0,6.334277521630909,6.334277521630909,6.334277521630909,6.334277521630909
rolex_cpo,date_dx_window,1,0.0042859741826040305,0.0,0.0042859741826040305,0.0042859741826040305,0.0042859741826040305,0.0042859741826040305
rolex_cpo,date_dy_window,1,-0.0298582739753396,0.0,-0.0298582739753396,-0.0298582739753396,-0.0298582739753396,-0.0298582739753396
rolex_cpo,date_offset_norm,1,0.03016431831618925,0.0,0.03016431831618925,0.03016431831618925,0.03016431831618925,0.03016431831618925
rolex_cpo,date_window_h_px,1,40.0,0.0,40.0,40.0,40.0,40.0
rolex_cpo,date_window_w_px,1,52.0,0.0,52.0,52.0,52.0,52.0
rolex_cpo,dial_radius_px,1,195.7936230468751,0.0,195.7936230468751,195.7936230468751,195.7936230468751,195.7936230468751
rolex_cpo,h01.angular_residual_deg,1,-0.0868389838306598,0.0,-0.0868389838306598,-0.0868389838306598,-0.0868389838306598,-0.0868389838306598
rolex_cpo,h01.anisotropy,1,1.218041192921569,0.0,1.218041192921569,1.218041192921569,1.218041192921569,1.218041192921569
rolex_cpo,h01.area_norm,1,0.01951212242507054,0.0,0.01951212242507054,0.01951212242507054,0.01951212242507054,0.01951212242507054
rolex_cpo,h01.centre_r,1,0.7530511836864036,0.0,0.7530511836864036,0.7530511836864036,0.7530511836864036,0.7530511836864036
rolex_cpo,h01.centre_t,1,-0.0011413449680312548,0.0,-0.0011413449680312548,-0.0011413449680312548,-0.0011413449680312548,-0.0011413449680312548
rolex_cpo,h01.diameter_over_dial,1,0.1576185454612292,0.0,0.1576185454612292,0.1576185454612292,0.1576185454612292,0.1576185454612292
rolex_cpo,h01.inner_r,1,0.6684437515334261,0.0,0.6684437515334261,0.6684437515334261,0.6684437515334261,0.6684437515334261
rolex_cpo,h01.inner_t,1,-0.001197679442116184,0.0,-0.001197679442116184,-0.001197679442116184,-0.001197679442116184,-0.001197679442116184
rolex_cpo,h01.outer_r,1,0.8330091937818598,0.0,0.8330091937818598,0.8330091937818598,0.8330091937818598,0.8330091937818598
rolex_cpo,h01.outer_t,1,-0.00319135586603847,0.0,-0.00319135586603847,-0.00319135586603847,-0.00319135586603847,-0.00319135586603847
rolex_cpo,h01.radial_span,1,0.16456544224843372,0.0,0.16456544224843372,0.16456544224843372,0.16456544224843372,0.16456544224843372
rolex_cpo,h01.segmentation_confidence,1,0.8812130410751473,0.0,0.8812130410751473,0.8812130410751473,0.8812130410751473,0.8812130410751473
rolex_cpo,h02.angular_residual_deg,1,-0.08232773374055569,0.0,-0.08232773374055569,-0.08232773374055569,-0.08232773374055569,-0.08232773374055569
rolex_cpo,h02.anisotropy,1,1.1640193265602623,0.0,1.1640193265602623,1.1640193265602623,1.1640193265602623,1.1640193265602623
rolex_cpo,h02.area_norm,1,0.01994253689032945,0.0,0.01994253689032945,0.01994253689032945,0.01994253689032945,0.01994253689032945
rolex_cpo,h02.centre_r,1,0.7504453044187092,0.0,0.7504453044187092,0.7504453044187092,0.7504453044187092,0.7504453044187092
rolex_cpo,h02.centre_t,1,-0.0010783081101943814,0.0,-0.0010783081101943814,-0.0010783081101943814,-0.0010783081101943814,-0.0010783081101943814
rolex_cpo,h02.diameter_over_dial,1,0.159347502619612,0.0,0.159347502619612,0.159347502619612,0.159347502619612,0.159347502619612
rolex_cpo,h02.inner_r,1,0.6684640506005348,0.0,0.6684640506005348,0.6684640506005348,0.6684640506005348,0.6684640506005348
rolex_cpo,h02.inner_t,1,0.00247153247144144,0.0,0.00247153247144144,0.00247153247144144,0.00247153247144144,0.00247153247144144
rolex_cpo,h02.outer_r,1,0.832108383865831,0.0,0.832108383865831,0.832108383865831,0.832108383865831,0.832108383865831
rolex_cpo,h02.outer_t,1,0.0036357968402803142,0.0,0.0036357968402803142,0.0036357968402803142,0.0036357968402803142,0.0036357968402803142
rolex_cpo,h02.radial_span,1,0.16364433326529615,0.0,0.16364433326529615,0.16364433326529615,0.16364433326529615,0.16364433326529615
rolex_cpo,h02.segmentation_confidence,1,0.8867476562860169,0.0,0.8867476562860169,0.8867476562860169,0.8867476562860169,0.8867476562860169
rolex_cpo,h04.angular_residual_deg,1,-0.12600285028037206,0.0,-0.12600285028037206,-0.12600285028037206,-0.12600285028037206,-0.12600285028037206
rolex_cpo,h04.anisotropy,1,1.2484434698721874,0.0,1.2484434698721874,1.2484434698721874,1.2484434698721874,1.2484434698721874
rolex_cpo,h04.area_norm,1,0.020151222691667102,0.0,0.020151222691667102,0.020151222691667102,0.020151222691667102,0.020151222691667102
rolex_cpo,h04.centre_r,1,0.7511967583429571,0.0,0.7511967583429571,0.7511967583429571,0.7511967583429571,0.7511967583429571
rolex_cpo,h04.centre_t,1,-0.0016520079850217417,0.0,-0.0016520079850217417,-0.0016520079850217417,-0.0016520079850217417,-0.0016520079850217417
rolex_cpo,h04.diameter_over_dial,1,0.16017906731466225,0.0,0.16017906731466225,0.16017906731466225,0.16017906731466225,0.16017906731466225
rolex_cpo,h04.inner_r,1,0.6676564781607777,0.0,0.6676564781607777,0.6676564781607777,0.6676564781607777,0.6676564781607777
rolex_cpo,h04.inner_t,1,0.006075123940524674,0.0,0.006075123940524674,0.006075123940524674,0.006075123940524674,0.006075123940524674
rolex_cpo,h04.outer_r,1,0.8337020619558991,0.0,0.8337020619558991,0.8337020619558991,0.8337020619558991,0.8337020619558991
rolex_cpo,h04.outer_t,1,-0.00020808349053458297,0.0,-0.00020808349053458297,-0.00020808349053458297,-0.00020808349053458297,-0.00020808349053458297
rolex_cpo,h04.radial_span,1,0.16604558379512147,0.0,0.16604558379512147,0.16604558379512147,0.16604558379512147,0.16604558379512147
rolex_cpo,h04.segmentation_confidence,1,0.8616212330209342,0.0,0.8616212330209342,0.8616212330209342,0.8616212330209342,0.8616212330209342
rolex_cpo,h05.angular_residual_deg,1,1.3457541422527513,0.0,1.3457541422527513,1.3457541422527513,1.3457541422527513,1.3457541422527513
rolex_cpo,h05.anisotropy,1,1.4491190295361351,0.0,1.4491190295361351,1.4491190295361351,1.4491190295361351,1.4491190295361351
rolex_cpo,h05.area_norm,1,0.009077832358187899,0.0,0.009077832358187899,0.009077832358187899,0.009077832358187899,0.009077832358187899
rolex_cpo,h05.centre_r,1,0.749549260743341,0.0,0.749549260743341,0.749549260743341,0.749549260743341,0.749549260743341
rolex_cpo,h05.centre_t,1,0.01760853183949118,0.0,0.01760853183949118,0.01760853183949118,0.01760853183949118,0.01760853183949118
rolex_cpo,h05.diameter_over_dial,1,0.10750932582302472,0.0,0.10750932582302472,0.10750932582302472,0.10750932582302472,0.10750932582302472
rolex_cpo,h05.inner_r,1,0.7006022044532505,0.0,0.7006022044532505,0.7006022044532505,0.7006022044532505,0.7006022044532505
rolex_cpo,h05.inner_t,1,0.050112627686766886,0.0,0.050112627686766886,0.050112627686766886,0.050112627686766886,0.050112627686766886
rolex_cpo,h05.outer_r,1,0.8352347942343525,0.0,0.8352347942343525,0.8352347942343525,0.8352347942343525,0.8352347942343525
rolex_cpo,h05.outer_t,1,0.016912162908839956,0.0,0.016912162908839956,0.016912162908839956,0.016912162908839956,0.016912162908839956
rolex_cpo,h05.radial_span,1,0.13463258978110204,0.0,0.13463258978110204,0.13463258978110204,0.13463258978110204,0.13463258978110204
rolex_cpo,h05.segmentation_confidence,1,0.758414845083097,0.0,0.758414845083097,0.758414845083097,0.758414845083097,0.758414845083097
rolex_cpo,h06.angular_residual_deg,1,-0.26493465288052676,0.0,-0.26493465288052676,-0.26493465288052676,-0.26493465288052676,-0.26493465288052676
rolex_cpo,h06.anisotropy,1,9.899716567973313,0.0,9.899716567973313,9.899716567973313,9.899716567973313,9.899716567973313
rolex_cpo,h06.area_norm,1,0.0181687075789594,0.0,0.0181687075789594,0.0181687075789594,0.0181687075789594,0.0181687075789594
rolex_cpo,h06.axis_residual_deg,1,0.1368789440286946,0.0,0.1368789440286946,0.1368789440286946,0.1368789440286946,0.1368789440286946
rolex_cpo,h06.centre_r,1,0.6909695489805611,0.0,0.6909695489805611,0.6909695489805611,0.6909695489805611,0.6909695489805611
rolex_cpo,h06.centre_t,1,-0.0031950535252532174,0.0,-0.0031950535252532174,-0.0031950535252532174,-0.0031950535252532174,-0.0031950535252532174
rolex_cpo,h06.diameter_over_dial,1,0.15209574933659575,0.0,0.15209574933659575,0.15209574933659575,0.15209574933659575,0.15209574933659575
rolex_cpo,h06.inner_r,1,0.5719045600754392,0.0,0.5719045600754392,0.5719045600754392,0.5719045600754392,0.5719045600754392
rolex_cpo,h06.inner_t,1,-0.03588359578691885,0.0,-0.03588359578691885,-0.03588359578691885,-0.03588359578691885,-0.03588359578691885
rolex_cpo,h06.outer_r,1,0.8124302884358532,0.0,0.8124302884358532,0.8124302884358532,0.8124302884358532,0.8124302884358532
rolex_cpo,h06.outer_t,1,0.02860140752346287,0.0,0.02860140752346287,0.02860140752346287,0.02860140752346287,0.02860140752346287
rolex_cpo,h06.radial_span,1,0.24052572836041397,0.0,0.24052572836041397,0.24052572836041397,0.24052572836041397,0.24052572836041397
rolex_cpo,h06.segmentation_confidence,1,0.9576236707960102,0.0,0.9576236707960102,0.9576236707960102,0.9576236707960102,0.9576236707960102
rolex_cpo,h07.angular_residual_deg,1,0.10931031113800316,0.0,0.10931031113800316,0.10931031113800316,0.10931031113800316,0.10931031113800316
rolex_cpo,h07.anisotropy,1,1.420211576058231,0.0,1.420211576058231,1.420211576058231,1.420211576058231,1.420211576058231
rolex_cpo,h07.area_norm,1,0.019173007997896854,0.0,0.019173007997896854,0.019173007997896854,0.019173007997896854,0.019173007997896854
rolex_cpo,h07.centre_r,1,0.7475884731138838,0.0,0.7475884731138838,0.7475884731138838,0.7475884731138838,0.7475884731138838
rolex_cpo,h07.centre_t,1,0.001426269586361384,0.0,0.001426269586361384,0.001426269586361384,0.001426269586361384,0.001426269586361384
rolex_cpo,h07.diameter_over_dial,1,0.1562428621551904,0.0,0.1562428621551904,0.1562428621551904,0.1562428621551904,0.1562428621551904
rolex_cpo,h07.inner_r,1,0.6636464212302637,0.0,0.6636464212302637,0.6636464212302637,0.6636464212302637,0.6636464212302637
rolex_cpo,h07.inner_t,1,0.0017563921409518568,0.0,0.0017563921409518568,0.0017563921409518568,0.0017563921409518568,0.0017563921409518568
rolex_cpo,h07.outer_r,1,0.8307874995371062,0.0,0.8307874995371062,0.8307874995371062,0.8307874995371062,0.8307874995371062
rolex_cpo,h07.outer_t,1,0.004169878542503502,0.0,0.004169878542503502,0.004169878542503502,0.004169878542503502,0.004169878542503502
rolex_cpo,h07.radial_span,1,0.16714107830684244,0.0,0.16714107830684244,0.16714107830684244,0.16714107830684244,0.16714107830684244
rolex_cpo,h07.segmentation_confidence,1,0.8322611581861368,0.0,0.8322611581861368,0.8322611581861368,0.8322611581861368,0.8322611581861368
rolex_cpo,h08.angular_residual_deg,1,0.14584376247196928,0.0,0.14584376247196928,0.14584376247196928,0.14584376247196928,0.14584376247196928
rolex_cpo,h08.anisotropy,1,1.2332942437356094,0.0,1.2332942437356094,1.2332942437356094,1.2332942437356094,1.2332942437356094
rolex_cpo,h08.area_norm,1,0.01999470834066386,0.0,0.01999470834066386,0.01999470834066386,0.01999470834066386,0.01999470834066386
rolex_cpo,h08.centre_r,1,0.7473131551680026,0.0,0.7473131551680026,0.7473131551680026,0.7473131551680026,0.7473131551680026
rolex_cpo,h08.centre_t,1,0.0019022552554073258,0.0,0.0019022552554073258,0.0019022552554073258,0.0019022552554073258,0.0019022552554073258
rolex_cpo,h08.diameter_over_dial,1,0.15955580009758097,0.0,0.15955580009758097,0.15955580009758097,0.15955580009758097,0.15955580009758097
rolex_cpo,h08.inner_r,1,0.6643084272557781,0.0,0.6643084272557781,0.6643084272557781,0.6643084272557781,0.6643084272557781
rolex_cpo,h08.inner_t,1,0.006585533013133527,0.0,0.006585533013133527,0.006585533013133527,0.006585533013133527,0.006585533013133527
rolex_cpo,h08.outer_r,1,0.8296331093933754,0.0,0.8296331093933754,0.8296331093933754,0.8296331093933754,0.8296331093933754
rolex_cpo,h08.outer_t,1,0.004786186750196708,0.0,0.004786186750196708,0.004786186750196708,0.004786186750196708,0.004786186750196708
rolex_cpo,h08.radial_span,1,0.16532468213759732,0.0,0.16532468213759732,0.16532468213759732,0.16532468213759732,0.16532468213759732
rolex_cpo,h08.segmentation_confidence,1,0.8673222794131694,0.0,0.8673222794131694,0.8673222794131694,0.8673222794131694,0.8673222794131694
rolex_cpo,h09.angular_residual_deg,1,0.3505670648908108,0.0,0.3505670648908108,0.3505670648908108,0.3505670648908108,0.3505670648908108
rolex_cpo,h09.anisotropy,1,5.668544618021959,0.0,5.668544618021959,5.668544618021959,5.668544618021959,5.668544618021959
rolex_cpo,h09.area_norm,1,0.027350882837816125,0.0,0.027350882837816125,0.027350882837816125,0.027350882837816125,0.027350882837816125
rolex_cpo,h09.axis_residual_deg,1,-0.1857483141259877,0.0,-0.1857483141259877,-0.1857483141259877,-0.1857483141259877,-0.1857483141259877
rolex_cpo,h09.centre_r,1,0.688557199656841,0.0,0.688557199656841,0.688557199656841,0.688557199656841,0.688557199656841
rolex_cpo,h09.centre_t,1,0.004213023905263439,0.0,0.004213023905263439,0.004213023905263439,0.004213023905263439,0.004213023905263439
rolex_cpo,h09.diameter_over_dial,1,0.18661250122252201,0.0,0.18661250122252201,0.18661250122252201,0.18661250122252201,0.18661250122252201
rolex_cpo,h09.inner_r,1,0.5603887904155699,0.0,0.5603887904155699,0.5603887904155699,0.5603887904155699,0.5603887904155699
rolex_cpo,h09.inner_t,1,-0.04358390335594714,0.0,-0.04358390335594714,-0.04358390335594714,-0.04358390335594714,-0.04358390335594714
rolex_cpo,h09.outer_r,1,0.8163729845492803,0.0,0.8163729845492803,0.8163729845492803,0.8163729845492803,0.8163729845492803
rolex_cpo,h09.outer_t,1,0.05215884551717453,0.0,0.05215884551717453,0.05215884551717453,0.05215884551717453,0.05215884551717453
rolex_cpo,h09.radial_span,1,0.25598419413371043,0.0,0.25598419413371043,0.25598419413371043,0.25598419413371043,0.25598419413371043
rolex_cpo,h09.segmentation_confidence,1,0.7870279534639696,0.0,0.7870279534639696,0.7870279534639696,0.7870279534639696,0.7870279534639696
rolex_cpo,h10.angular_residual_deg,1,0.1659781333478918,0.0,0.1659781333478918,0.1659781333478918,0.1659781333478918,0.1659781333478918
rolex_cpo,h10.anisotropy,1,1.1973314676789482,0.0,1.1973314676789482,1.1973314676789482,1.1973314676789482,1.1973314676789482
rolex_cpo,h10.area_norm,1,0.020007751203247465,0.0,0.020007751203247465,0.020007751203247465,0.020007751203247465,0.020007751203247465
rolex_cpo,h10.centre_r,1,0.7508682134294313,0.0,0.7508682134294313,0.7508682134294313,0.7508682134294313,0.7508682134294313
rolex_cpo,h10.centre_t,1,0.002175169866500015,0.0,0.002175169866500015,0.002175169866500015,0.002175169866500015,0.002175169866500015
rolex_cpo,h10.diameter_over_dial,1,0.15960783199203354,0.0,0.15960783199203354,0.15960783199203354,0.15960783199203354,0.15960783199203354
rolex_cpo,h10.inner_r,1,0.6683694953204823,0.0,0.6683694953204823,0.6683694953204823,0.6683694953204823,0.6683694953204823
rolex_cpo,h10.inner_t,1,0.0003442731585170944,0.0,0.0003442731585170944,0.0003442731585170944,0.0003442731585170944,0.0003442731585170944
rolex_cpo,h10.outer_r,1,0.8331121645424395,0.0,0.8331121645424395,0.8331121645424395,0.8331121645424395,0.8331121645424395
rolex_cpo,h10.outer_t,1,0.008633397934296405,0.0,0.008633397934296405,0.008633397934296405,0.008633397934296405,0.008633397934296405
rolex_cpo,h10.radial_span,1,0.16474266922195724,0.0,0.16474266922195724,0.16474266922195724,0.16474266922195724,0.16474266922195724
rolex_cpo,h10.segmentation_confidence,1,0.8757353745578945,0.0,0.8757353745578945,0.8757353745578945,0.8757353745578945,0.8757353745578945
rolex_cpo,h11.angular_residual_deg,1,0.11861859349892256,0.0,0.11861859349892256,0.11861859349892256,0.11861859349892256,0.11861859349892256
rolex_cpo,h11.anisotropy,1,1.2563730999996294,0.0,1.2563730999996294,1.2563730999996294,1.2563730999996294,1.2563730999996294
rolex_cpo,h11.area_norm,1,0.019812108264493415,0.0,0.019812108264493415,0.019812108264493415,0.019812108264493415,0.019812108264493415
rolex_cpo,h11.centre_r,1,0.7514264062055119,0.0,0.7514264062055119,0.7514264062055119,0.7514264062055119,0.7514264062055119
rolex_cpo,h11.centre_t,1,0.0015556690479420765,0.0,0.0015556690479420765,0.0015556690479420765,0.0015556690479420765,0.0015556690479420765
rolex_cpo,h11.diameter_over_dial,1,0.15882556377021725,0.0,0.15882556377021725,0.15882556377021725,0.15882556377021725,0.15882556377021725
rolex_cpo,h11.inner_r,1,0.6684611142519931,0.0,0.6684611142519931,0.6684611142519931,0.6684611142519931,0.6684611142519931
rolex_cpo,h11.inner_t,1,0.004371756287443962,0.0,0.004371756287443962,0.004371756287443962,0.004371756287443962,0.004371756287443962
rolex_cpo,h11.outer_r,1,0.8333951117669058,0.0,0.8333951117669058,0.8333951117669058,0.8333951117669058,0.8333951117669058
rolex_cpo,h11.outer_t,1,0.004000046200541008,0.0,0.004000046200541008,0.004000046200541008,0.004000046200541008,0.004000046200541008
rolex_cpo,h11.radial_span,1,0.16493399751491278,0.0,0.16493399751491278,0.16493399751491278,0.16493399751491278,0.16493399751491278
rolex_cpo,h11.segmentation_confidence,1,0.8642130855571954,0.0,0.8642130855571954,0.8642130855571954,0.8642130855571954,0.8642130855571954
rolex_cpo,h12.angular_residual_deg,1,0.03737734163280493,0.0,0.03737734163280493,0.03737734163280493,0.03737734163280493,0.03737734163280493
rolex_cpo,h12.anisotropy,1,2.1074356251043787,0.0,2.1074356251043787,2.1074356251043787,2.1074356251043787,2.1074356251043787
rolex_cpo,h12.area_norm,1,0.031707198940739624,0.0,0.031707198940739624,0.031707198940739624,0.031707198940739624,0.031707198940739624
rolex_cpo,h12.axis_residual_deg,1,-0.053987945298786144,0.0,-0.053987945298786144,-0.053987945298786144,-0.053987945298786144,-0.053987945298786144
rolex_cpo,h12.centre_r,1,0.7371363788654184,0.0,0.7371363788654184,0.7371363788654184,0.7371363788654184,0.7371363788654184
rolex_cpo,h12.centre_t,1,0.0004808766440640859,0.0,0.0004808766440640859,0.0004808766440640859,0.0004808766440640859,0.0004808766440640859
rolex_cpo,h12.diameter_over_dial,1,0.20092500975272976,0.0,0.20092500975272976,0.20092500975272976,0.20092500975272976,0.20092500975272976
rolex_cpo,h12.inner_r,1,0.5743003732664008,0.0,0.5743003732664008,0.5743003732664008,0.5743003732664008,0.5743003732664008
rolex_cpo,h12.inner_t,1,-0.003687942199316455,0.0,-0.003687942199316455,-0.003687942199316455,-0.003687942199316455,-0.003687942199316455
rolex_cpo,h12.outer_r,1,0.8337250616113723,0.0,0.8337250616113723,0.8337250616113723,0.8337250616113723,0.8337250616113723
rolex_cpo,h12.outer_t,1,0.09127806630023984,0.0,0.09127806630023984,0.09127806630023984,0.09127806630023984,0.09127806630023984
rolex_cpo,h12.radial_span,1,0.25942468834497145,0.0,0.25942468834497145,0.25942468834497145,0.25942468834497145,0.25942468834497145
rolex_cpo,h12.segmentation_confidence,1,0.9069791231565324,0.0,0.9069791231565324,0.9069791231565324,0.9069791231565324,0.9069791231565324
rolex_cpo,h12.stage3_apex_r_projective,1,0.5920123812093786,0.0,0.5920123812093786,0.5920123812093786,0.5920123812093786,0.5920123812093786
rolex_cpo,h12.stage3_apex_r_projective_over_round_inner,1,0.8693280193970316,0.0,0.8693280193970316,0.8693280193970316,0.8693280193970316,0.8693280193970316
rolex_cpo,h12.stage3_apex_r_simple,1,0.5777125067655448,0.0,0.5777125067655448,0.5777125067655448,0.5777125067655448,0.5777125067655448
rolex_cpo,h12.stage3_apex_tangential_offset_canonical,1,-0.002693616105635004,0.0,-0.002693616105635004,-0.002693616105635004,-0.002693616105635004,-0.002693616105635004
rolex_cpo,h12.stage3_apex_to_base_span_projective,1,0.22201978523604815,0.0,0.22201978523604815,0.22201978523604815,0.22201978523604815,0.22201978523604815
rolex_cpo,h12.stage3_apex_to_base_span_simple,1,0.2478616704474228,0.0,0.2478616704474228,0.2478616704474228,0.2478616704474228,0.2478616704474228
rolex_cpo,h12.stage3_axis_incidence_canonical,1,0.0077042705830645195,0.0,0.0077042705830645195,0.0077042705830645195,0.0077042705830645195,0.0077042705830645195
rolex_cpo,h12.stage3_base_half_width_symmetry,1,-9.265300608749874e-16,0.0,-9.265300608749874e-16,-9.265300608749874e-16,-9.265300608749874e-16,-9.265300608749874e-16
rolex_cpo,h12.stage3_base_line_angular_deviation_deg,1,-1.0004277697519253,0.0,-1.0004277697519253,-1.0004277697519253,-1.0004277697519253,-1.0004277697519253
rolex_cpo,h12.stage3_base_r_projective,1,0.8140321664454268,0.0,0.8140321664454268,0.8140321664454268,0.8140321664454268,0.8140321664454268
rolex_cpo,h12.stage3_base_r_projective_over_round_outer,1,0.9915129920163542,0.0,0.9915129920163542,0.9915129920163542,0.9915129920163542,0.9915129920163542
rolex_cpo,h12.stage3_base_r_simple,1,0.8255741772129676,0.0,0.8255741772129676,0.8255741772129676,0.8255741772129676,0.8255741772129676
rolex_cpo,h12.stage3_base_tangential_offset_canonical,1,-0.0005437214671614481,0.0,-0.0005437214671614481,-0.0005437214671614481,-0.0005437214671614481,-0.0005437214671614481
rolex_cpo,h12.stage3_base_to_minute_track_gap_projective,1,0.07696783355457326,0.0,0.07696783355457326,0.07696783355457326,0.07696783355457326,0.07696783355457326
rolex_cpo,h12.stage3_base_to_minute_track_gap_simple,1,0.06542582278703246,0.0,0.06542582278703246,0.06542582278703246,0.06542582278703246,0.06542582278703246
rolex_cpo,h12.stage3_base_width_over_height,1,0.9064133198779265,0.0,0.9064133198779265,0.9064133198779265,0.9064133198779265,0.9064133198779265
rolex_cpo,h12.stage3_centre_r_projective,1,0.7392273791958786,0.0,0.7392273791958786,0.7392273791958786,0.7392273791958786,0.7392273791958786
rolex_cpo,h12.stage3_centre_r_projective_over_round_centre,1,0.9843240734965094,0.0,0.9843240734965094,0.9843240734965094,0.9843240734965094,0.9843240734965094
rolex_cpo,h12.stage3_centre_r_simple,1,0.7399157078726937,0.0,0.7399157078726937,0.7399157078726937,0.7399157078726937,0.7399157078726937
rolex_cpo,h12.stage3_centre_to_minute_track_gap_projective,1,0.15177262080412146,0.0,0.15177262080412146,0.15177262080412146,0.15177262080412146,0.15177262080412146
rolex_cpo,h12.stage3_centre_to_minute_track_gap_simple,1,0.15108429212730634,0.0,0.15108429212730634,0.15108429212730634,0.15108429212730634,0.15108429212730634
rolex_cpo,h12.stage3_centroid_angular_offset_deg,1,0.028304401663575073,0.0,0.028304401663575073,0.028304401663575073,0.028304401663575073,0.028304401663575073
rolex_cpo,h12.stage3_centroid_position_within_span,1,0.6544101829635494,0.0,0.6544101829635494,0.6544101829635494,0.6544101829635494,0.6544101829635494
rolex_cpo,h12.stage3_centroid_tangential_offset_canonical,1,0.00036552209036050967,0.0,0.00036552209036050967,0.00036552209036050967,0.00036552209036050967,0.00036552209036050967
rolex_cpo,h12.stage3_symmetry_axis_angular_deviation_deg,1,0.49695783936180277,0.0,0.49695783936180277,0.49695783936180277,0.49695783936180277,0.49695783936180277
rolex_cpo,h12.stage3_triangle_height_over_minute_track_r,1,0.2781941572567639,0.0,0.2781941572567639,0.2781941572567639,0.2781941572567639,0.2781941572567639
rolex_cpo,n_markers_segmented,1,11.0,0.0,11.0,11.0,11.0,11.0
rolex_cpo,pose_confidence,1,0.9610083434140432,0.0,0.9610083434140432,0.9610083434140432,0.9610083434140432,0.9610083434140432
rolex_cpo,tilt_deg,1,4.246242030501378,0.0,4.246242030501378,4.246242030501378,4.246242030501378,4.246242030501378
