source_id,source_class,physical_watch_id,source_url,image_index,image_url,page_status,tilt_deg,pose_confidence,dial_radius_px,n_markers_segmented,h01.centre_r,h01.centre_t,h01.outer_r,h01.inner_r,h01.radial_span,h01.outer_t,h01.inner_t,h01.area_norm,h01.anisotropy,h01.diameter_over_dial,h01.segmentation_confidence,h01.angular_residual_deg,h02.centre_r,h02.centre_t,h02.outer_r,h02.inner_r,h02.radial_span,h02.outer_t,h02.inner_t,h02.area_norm,h02.anisotropy,h02.diameter_over_dial,h02.segmentation_confidence,h02.angular_residual_deg,h04.centre_r,h04.centre_t,h04.outer_r,h04.inner_r,h04.radial_span,h04.outer_t,h04.inner_t,h04.area_norm,h04.anisotropy,h04.diameter_over_dial,h04.segmentation_confidence,h04.angular_residual_deg,h05.centre_r,h05.centre_t,h05.outer_r,h05.inner_r,h05.radial_span,h05.outer_t,h05.inner_t,h05.area_norm,h05.anisotropy,h05.diameter_over_dial,h05.segmentation_confidence,h05.angular_residual_deg,h07.centre_r,h07.centre_t,h07.outer_r,h07.inner_r,h07.radial_span,h07.outer_t,h07.inner_t,h07.area_norm,h07.anisotropy,h07.diameter_over_dial,h07.segmentation_confidence,h07.angular_residual_deg,h08.centre_r,h08.centre_t,h08.outer_r,h08.inner_r,h08.radial_span,h08.outer_t,h08.inner_t,h08.area_norm,h08.anisotropy,h08.diameter_over_dial,h08.segmentation_confidence,h08.angular_residual_deg,h10.centre_r,h10.centre_t,h10.outer_r,h10.inner_r,h10.radial_span,h10.outer_t,h10.inner_t,h10.area_norm,h10.anisotropy,h10.diameter_over_dial,h10.segmentation_confidence,h10.angular_residual_deg,h11.centre_r,h11.centre_t,h11.outer_r,h11.inner_r,h11.radial_span,h11.outer_t,h11.inner_t,h11.area_norm,h11.anisotropy,h11.diameter_over_dial,h11.segmentation_confidence,h11.angular_residual_deg,h06.centre_r,h06.centre_t,h06.outer_r,h06.inner_r,h06.radial_span,h06.outer_t,h06.inner_t,h06.area_norm,h06.anisotropy,h06.diameter_over_dial,h06.segmentation_confidence,h06.angular_residual_deg,h06.axis_residual_deg,h09.centre_r,h09.centre_t,h09.outer_r,h09.inner_r,h09.radial_span,h09.outer_t,h09.inner_t,h09.area_norm,h09.anisotropy,h09.diameter_over_dial,h09.segmentation_confidence,h09.angular_residual_deg,h09.axis_residual_deg,h12.centre_r,h12.centre_t,h12.outer_r,h12.inner_r,h12.radial_span,h12.outer_t,h12.inner_t,h12.area_norm,h12.anisotropy,h12.diameter_over_dial,h12.segmentation_confidence,h12.angular_residual_deg,h12.axis_residual_deg,h12.stage3_apex_r_simple,h12.stage3_centre_r_simple,h12.stage3_base_r_simple,h12.stage3_apex_to_base_span_simple,h12.stage3_base_to_minute_track_gap_simple,h12.stage3_centre_to_minute_track_gap_simple,h12.stage3_triangle_height_over_minute_track_r,h12.stage3_base_width_over_height,h12.stage3_base_half_width_symmetry,h12.stage3_centroid_position_within_span,h12.stage3_apex_tangential_offset_canonical,h12.stage3_base_tangential_offset_canonical,h12.stage3_axis_incidence_canonical,h12.stage3_centroid_tangential_offset_canonical,h12.stage3_centroid_angular_offset_deg,h12.stage3_symmetry_axis_angular_deviation_deg,h12.stage3_base_line_angular_deviation_deg,h12.stage3_apex_r_projective,h12.stage3_centre_r_projective,h12.stage3_base_r_projective,h12.stage3_apex_to_base_span_projective,h12.stage3_base_to_minute_track_gap_projective,h12.stage3_centre_to_minute_track_gap_projective,h12.stage3_apex_r_projective_over_round_inner,h12.stage3_centre_r_projective_over_round_centre,h12.stage3_base_r_projective_over_round_outer,date_dx_window,date_dy_window,date_offset_norm,date_window_w_px,date_window_h_px
wf_441391,established_dealer,wf_441391,https://www.watchfinder.com/watches/rolex/gmt-master-ii/126710-blnr/441391,0,"https://www.watchfinder.com/media/catalog/product/W/a/Watch-1-fb19c5574d9e435bad01dce3d3e0b58b_1.jpg?quality=80&bg-color=255,255,255&fit=bounds&height=1280&width=1280",http_200,6.334277521630909,0.8077283632227461,212.74521240234384,11,0.7522206358999906,-0.003579331016460685,0.8284057460795093,0.6726486702250689,0.15575707585444043,0.0039938159404979134,-0.02649039334193204,0.017564975063190946,1.1920041551600553,0.14954738664631262,0.913174614448353,-0.27263146363071655,0.7609731261275392,0.02637184238200807,0.8500757440512882,0.6741242192718406,0.17595152477944753,-0.035365647534574884,0.026634016013905637,0.008020233896777753,3.4572010379772244,0.10105285228731956,0.3948238300090273,1.9848149025787158,0.7532104254907735,-0.006615385830440135,0.8364338614480076,0.6674796700553335,0.1689541913926741,-0.006271938095905427,-0.008244456625392027,0.017266701901740535,1.3384969109225766,0.14827220801097518,0.8707982793055007,-0.5032112267465436,0.7457398701805842,-0.006023058903441569,0.8266680988855281,0.6655155706963242,0.1611525281892039,-0.038913505877103294,0.001705581781057841,0.01738822059714626,1.3782707541303219,0.14879304445055583,0.8684540127486104,-0.4627462809417011,0.744804346908619,0.0018830215444969878,0.8302383746485047,0.6652601043558968,0.16497827029260792,0.017002801926960964,0.004715042674519665,0.017719635220980048,1.3348033958462522,0.15020432843841017,0.8729681061387311,0.14485543459873895,0.7504876648500027,0.002969820675274515,0.8355973578155518,0.6654567780281717,0.17014057978738006,0.0052888326931430085,0.005971108355060539,0.017819059608130187,1.2505164661945383,0.15062513516363862,0.885071476003476,0.22672897956053362,0.7477417890341449,0.0013686056172955707,0.8307176290012764,0.6616315362755192,0.16908609272575725,0.0065557918639791435,-0.008030521099519128,0.016935287277906743,1.1951947986236908,0.14684235582311111,0.9057746605173057,0.10486940715838955,0.7455642535131866,0.00027751779712414937,0.8254565206094746,0.6638843278696324,0.16157219273984225,-0.0011777358799525128,0.021144843524240675,0.015631723090827162,1.1992510986726796,0.14107773740598092,0.9085061636844987,0.02132693152293541,0.693751763998236,-0.0037738272396814635,0.8147189922044867,0.5704620002218609,0.24425699198262585,0.02817326652663444,-0.03574682003076456,0.018205710002602942,10.292392023346073,0.15225054980293035,0.9557583220665795,-0.31167090587354096,-0.5232819717069219,0.6931623006621797,-0.00043236103758041895,0.8133958351476589,0.5723853463885951,0.24101048875906383,0.03120702919549168,-0.0322578846115062,0.018073144153069428,10.143396639904392,0.15169522679829806,0.9524045115216395,-0.03573832483800743,-0.37315366688662266,0.7223665221262551,0.012262706855730547,0.8164564993134401,0.574110927582363,0.24234557173107707,0.009731328939159869,-0.014913073716826177,0.020691319681356377,4.390759685128515,0.16231144892169472,0.9293863814489128,0.9725448889054746,10.841826472570588,0.5801163641822848,0.7289283993752428,0.7999508076807421,0.21983444349845727,0.0910491923192579,0.16207160062475723,0.246796547970638,0.8813978009498247,-2.1480913688654975e-16,0.6769277499228744,-0.007106064364155644,-0.001915015186362902,0.020798814056252345,-0.0008351100781165806,-0.06564192314558853,1.352699522233859,-3.650026234390501,0.5975561891522165,0.7359051300478772,0.800011709896084,0.2024555207438674,0.09098829010391607,0.15509486995212285,0.8774687065377629,0.9799003063220735,0.9744357002388355,-0.05698492787569315,0.009320555339216436,0.05774214021691044,57,49
wf_435502,established_dealer,wf_435502,https://www.watchfinder.com/watches/rolex/gmt-master-ii/126710-blnr/435502,0,https://www.watchfinder.com/media/catalog/product/C/a/Catalogue-1-Rolex-GMTMasterII-126710BLNR-39491-190607-085458-_171.jpg?quality=80&bg-color=255,http_200,11.014512195511474,0.6251266035779206,383.14752349853484,10,0.6835147403901737,0.0052856424571436356,0.754026280452821,0.6210736817688015,0.13295259868401954,-0.0003209391383296456,-0.004651281657391204,0.016229340186863055,1.2285436890060466,0.14374921812265137,0.9432820651682311,0.44306135689492265,0.6891664623411998,0.007992869195519947,0.7805386178075358,0.6210930279254399,0.1594455898820959,-0.004649114006018029,-0.012283405649242907,0.01609310228393031,1.2162717784774368,0.143144592022779,0.933761038427722,0.6644797220512366,0.7000565758257721,0.013929234741339114,0.7791697576440283,0.6219456609619947,0.15722409668203363,0.025574849042232173,0.024439203042849522,0.016995678390859737,1.416666416636979,0.14710394222060635,0.8925668141403241,1.1398808233971067,0.7078487559710951,0.011703797112181502,0.7872001723091675,0.6299788573109782,0.15722131499818925,0.017674195398299064,0.018542777386719167,0.016862846435500314,1.318878348470718,0.14652795951106184,0.9091835886065482,0.9472603784195854,0.7132676678324943,0.0019416703159371718,0.7915926199159504,0.6353116519076004,0.15628096800835,0.005947242437112088,0.006630115359668232,0.01877017707655872,1.0494077922452165,0.15459279321998168,0.9335152419442587,0.15597123565757443,0.7069178888724078,-0.002492486361131918,0.7863498871611359,0.6302648972495009,0.156084989911635,-0.005200872657992406,-0.006721091857676331,0.01814688867064142,1.1584655194080105,0.1520043955593626,0.9178804760642703,-0.2020154808034249,0.6931021081975302,-0.005223960660714566,0.7682809848536141,0.6211428740584648,0.14713811079514927,-0.014522626306356312,-0.015229153186720634,0.017373738571498102,1.1241067077569795,0.14873106934706676,0.9404632816099641,-0.4318342523524734,0.6950696148886472,0.0034926245156536306,0.8116034498062056,0.6213270778525417,0.19027637195366387,0.024887913902503722,0.01086971366713746,0.019771525663114384,1.232008550426905,0.158662813330734,0.857653404936652,0.2879006011535239,0.6744232462231842,0.011434981266079901,0.7979560066540251,0.5570826459278064,0.24087336072621868,-0.031419420307509695,0.03390377876155561,0.02346697878016505,5.103395732867525,0.17285567788871464,0.8517784505257732,0.9713683458616771,1.277091976668089,0.6714575944657527,-0.009178614816614835,0.7847110022713625,0.5570753240227183,0.22763567824864417,-0.04369217709753901,-0.042301029865769765,0.019839644614580754,6.257057591594724,0.15893589927003976,0.8912240154874558,-0.7831665654165363,1.1152038421421082,,,,,,,,,,,,,,0.5487544479867378,0.6718889535319814,0.7451774486110145,0.19642300062427676,0.14582255138898548,0.2191110464680186,0.22063325224880107,1.0919520026183986,0.0,0.6268843524123667,0.010086867705308068,0.002126752928070968,-0.03229883335313317,0.0009471486634796188,0.080768681724501,-2.320662807708701,-0.2729144143028857,0.6199115520336428,0.7288719049295429,0.7897107870008587,0.16979923496721594,0.10128921299914129,0.1621280950704571,0.9102959648071112,0.970535159693133,0.9618889001228487,,,,,
soth_f83f,auction_house,soth_f83f,https://www.sothebys.com/en/buy/pdp/luxury/watches/watch/_gmt-master-ii-batgirl-reference-126710blnr-f83f,0,https://sothebys-md.brightspotcdn.com/dims4/default/cc153fb/2147483647/strip/true/crop/900x900+0+0/resize/800x800!/quality/90/?url=http%3A%2F%2Fsothebys-brightspot.s3.amazonaws.com%2Fmedia-desk%2F24%2Fc9%2F8b1129504a47835a32393d0568b9%2F2.jpg,http_200,6.350400892296216,0.9594911534541346,170.46228019714334,11,0.7521031364785198,-0.003015104490273479,0.8319610068563649,0.6734320319805085,0.15852897487585638,-0.009624334239364762,-0.015522899586488892,0.019237791825581878,1.146937076929774,0.15650660467122054,0.9023189835251871,-0.2296916849062427,0.735470708347042,0.005808037552571255,0.8325843532058449,0.621509955557621,0.2110743976482239,0.02387053519619481,0.044957099425421504,0.02434836800822751,2.1418015865784352,0.1760718745224228,0.5822569329391094,0.4524573417316873,0.7517131406344928,0.0006484222782620064,0.8368129864695464,0.667187727402008,0.16962525906753834,-0.004256184252652728,0.006276767121214388,0.020442304730582533,1.279410551165764,0.16133180333866093,0.8498757709589356,0.04942290970307184,0.7585821521117248,0.003996405638526546,0.8762076422106738,0.670161875527969,0.2060457666827048,0.04222621199915527,-0.005195311953045123,0.023315928375369808,1.4729774200989585,0.17229846786821268,0.7434508995649086,0.3018460918478638,0.7494480950436284,-0.003448746986961848,0.8347687095666597,0.6245092016885115,0.21025950787814818,-0.029909441147161653,-0.055678870109423684,0.02152636634508312,1.4313538182315235,0.16555428380146484,0.7707348673833868,-0.2636570211025173,0.7499827537127886,0.0004448225310242915,0.8342736207791037,0.6657343996972958,0.16853922108180797,0.008163148881106586,0.006594243382597231,0.020700414638796957,1.2314383904122645,0.16234711734592314,0.8561592575850316,0.03398271566288713,0.7527319164345363,0.002209881076020437,0.836964927172211,0.6687743242859228,0.1681906028862883,0.012857621742447367,0.002336363264313024,0.020356268094511056,1.2220344914908965,0.16099194241067524,0.8655318095230005,0.16820928188212747,0.7548705484400372,0.001574861324039556,0.8355721750910933,0.6720804575179082,0.16349171757318504,0.00571866999517584,0.00561613218920487,0.019805633623653614,1.1488958235110966,0.15879960937663593,0.8883035954661782,0.11953410615831217,0.6902004174798526,-0.0019594884449438145,0.8160763933812784,0.5627632745489921,0.25331311883228624,-0.051753236097359746,0.04131657658066106,0.027910284741586588,5.140717352986184,0.18851121515126487,0.7755765099896004,-0.16266306629916016,-0.31434456744631234,0.6850003355353004,0.004864878285566818,0.8134849419128458,0.5612261194525768,0.252258822460269,-0.045231331013498355,0.04656067257734149,0.02624117400179997,5.8528329941369535,0.1827875828369312,0.7914352365368826,0.40690827862260903,-0.10632176366195267,0.7349724187285505,-0.0024872011816782446,0.8351902095516779,0.5702332119352289,0.264956997616449,-0.07847980299331689,0.0028366742140633967,0.033313385486875235,2.1879124537195893,0.2059512558128646,0.8903492642673873,-0.1938924276491889,2.0438848297379337,0.5597134535722242,0.7357920753115407,0.8228164831047116,0.2631030295324873,0.06818351689528845,0.15520792468845934,0.2952999526896358,0.8695875844209486,2.4261956641167844e-16,0.6692382906125932,-0.003052968044471942,-0.005256619535084026,-0.0016349228585338094,-0.004137778678011535,-0.3222034643452606,-0.4798765633999728,2.4502277592382375,0.5845951212132796,0.7364388824502296,0.8069016290682873,0.22230650785500772,0.08409837093171268,0.15456111754977042,0.858436301341086,0.9806110285622232,0.9828278064169153,0.10504785607932675,0.013111982058482359,0.10586300647707352,44,36
soth_f83f,auction_house,soth_f83f,https://www.sothebys.com/en/buy/pdp/luxury/watches/watch/_gmt-master-ii-batgirl-reference-126710blnr-f83f,1,https://sothebys-md.brightspotcdn.com/24/c9/8b1129504a47835a32393d0568b9/2.jpg,http_200,5.57763971233269,0.9388337414207794,191.79453620910624,11,0.7515733241635125,-0.0024090303467352303,0.8318326393139669,0.6720003032596971,0.15983233605426983,-0.013665686735946647,-0.024410800324422666,0.01973622823491574,1.1406172981131937,0.15852112241784494,0.8929987315609265,-0.18365047621074382,0.7352298153612759,0.007067289617146533,0.8345217706597294,0.6214232630592619,0.21309850760046756,0.012991416143613543,0.026572833945489704,0.02423532709563,2.1188792954996813,0.17566267912606734,0.582230453085823,0.5507303818891955,0.751772979293245,0.0019374633790200102,0.8361769786467701,0.6657744651447918,0.17040251350197833,-0.006003136340620774,0.00041045016932572675,0.020076039327114704,1.3950578826143691,0.1598799773984871,0.8227171117057783,0.14766190308485605,0.7579455376877849,0.004514288157842994,0.8744388615139305,0.6693546608673974,0.2050842006465331,0.042315715230891005,-0.006958820898522233,0.023406188030664535,1.5374530570470657,0.1726316430789817,0.7319838802570062,0.3412469468611121,0.7498466875757153,-0.0035600682387000315,0.8379862039262712,0.6230333148753795,0.21495288905089172,0.00024955805615350934,-0.055040402001861416,0.021883834337613182,1.4600557438126691,0.1669232256730091,0.7574840633781712,-0.27202274231177626,0.751722711446515,-0.00010421084236156286,0.8353494897217786,0.6663482729613177,0.16900121676046087,0.00713233277139369,0.0002985944018805142,0.020619737074633042,1.3114838799150548,0.16203044357609014,0.8387569844618041,-0.007942877496759593,0.7520853407713427,0.0010989716537786465,0.8366763905104464,0.6684510523982363,0.16822533811221008,0.013395122584359598,0.0026034199793446566,0.02019837132030633,1.2573114549133177,0.16036634654521065,0.8555874775308236,0.08372240401092768,0.7543304460011542,0.0021077946731579145,0.8362430583188138,0.671359090549456,0.16488396776935788,0.0004913698327691507,0.0028367214154866316,0.019872152671795325,1.1862230530550437,0.15906605741246096,0.8821631792562111,0.16009883358185562,0.6878243429304732,0.001176055454666158,0.8134042507581543,0.5621700314401713,0.25123421931798295,-0.047729571153070784,0.044921893674132234,0.027388774031236376,5.2242367235069285,0.18674172050826152,0.7864604869143179,0.09796534399229984,0.3100667073913428,0.6861027399651513,0.0045347392283768785,0.8138994362785303,0.5580851914078429,0.2558142448706875,-0.04382575387940545,0.047677129018619306,0.02794606422244267,5.443871550763966,0.18863200706063254,0.7760112958291999,0.37868619459271713,0.5339541207513889,0.7349003645082812,-0.0016813089861193637,0.8358635954127053,0.569224967248256,0.2666386281644493,-0.059286004039364446,0.007233826073028434,0.03345100391606586,2.2083113744452274,0.20637621228481212,0.8899454904973438,-0.13108136224462896,1.7894219711895119,0.5577987768758264,0.7356100776479508,0.8196814432561134,0.261882666380287,0.07131855674388665,0.15538992235204918,0.2939541789501555,0.8788384539167798,4.823295121069635e-16,0.6789731570623304,0.001968793819968141,-0.002028639527372213,-0.010481933271280056,-0.002876952242991764,-0.22408118915954522,-0.8745071873496362,4.666014594222814,0.585554991703174,0.7372017221189224,0.8042146412088482,0.21865964950567418,0.08678535879115179,0.15379827788107758,0.8598458027946755,0.9816267937668741,0.9795549832020076,0.10066068346070928,0.011843990172834929,0.10135508521032045,50,40
soth_a3e8,auction_house,soth_a3e8,https://www.sothebys.com/en/buy/_gmt-126710-blnr-batman-a3e8,0,https://sothebys-md.brightspotcdn.com/dims4/default/bb3820a/2147483647/strip/true/crop/2400x2400+0+0/resize/800x800!/quality/90/?url=http%3A%2F%2Fsothebys-brightspot.s3.amazonaws.com%2Fmedia-desk%2Fe1%2Fc3%2F58495eb0480eba0ddb7690061b29%2Frolex-batgirl-gmt-master-ii-reference-126710blnr-a-stainless-steel-automatic-wristwatch-with-date-circa-2020.png,http_200,6.183492896530321,0.9440572526069317,140.08461982727056,11,0.7451863392292345,-0.0005797870994148635,0.8245722581811299,0.6645204552254476,0.16005180295568233,0.005374583187895521,-0.013759051763689356,0.019058586628791202,1.1598426032382985,0.15577594860098837,0.8961791632686121,-0.044578577680113085,0.7357519709439599,-0.0061617339735401955,0.8277591468178565,0.6228866316813938,0.20487251513646265,-0.0070772387490575794,-0.05193805364990389,0.022268990258774747,1.9090101455202846,0.16838574470184267,0.6718022835852816,-0.4798262346290585,0.746251515801244,-0.0002730918394066584,0.8278673921973949,0.6663057026644497,0.16156168953294525,-0.004098842130559388,0.008587596176643009,0.019517215718788852,1.1579163508435326,0.15763911588272972,0.8900784469938647,-0.020967473817677273,0.7469281947678873,-0.000608386521688542,0.8273693680141638,0.6661757553433862,0.1611936126707776,-0.008708318986216268,0.0016985457873597287,0.01893118965934741,1.1188706146984588,0.15525443408535075,0.910371129313303,-0.04666843819904898,0.7521065281597004,0.0023255790396583542,0.8330420104760623,0.6704338145053198,0.1626081959707425,0.002601238558747554,0.00714753011013286,0.019491736324900096,1.1699142867809875,0.15753618468280117,0.8917907413742608,0.1771629872303464,0.7534519286964042,0.0017422768428174695,0.8373542467564188,0.673022711267407,0.1643315354890118,-0.0007549357523436995,-0.0009204957670973513,0.019185983598234996,1.2562385240912672,0.15629572298023076,0.8756902296183937,0.13249011397866184,0.7507811048864566,-0.0010456164675104462,0.8313471796045733,0.6684921598282227,0.16285501977635053,0.016799813873680125,-0.005563606445760538,0.019185983598234996,1.1597967363959698,0.15629572298023076,0.8946152473261433,-0.07979605700506909,0.7468603578681221,-0.0007974519487080611,0.8263691684513481,0.6678037276418121,0.15856544080953605,-0.0005134013257867553,0.00041531495967839227,0.018727354508237346,1.0856650336898244,0.15441634734755944,0.9203416616776111,-0.0611769163815552,0.6860644532945352,0.0037396881414655876,0.8162714843299329,0.5592283012642932,0.25704318306563967,0.04791917907025451,-0.03550031750592253,0.02688076055264,5.926628070156782,0.1850017495273444,0.7928900548349982,0.3123120926205445,0.6808557132554824,0.6884371933896348,0.004332380774154863,0.81521984073731,0.5638217763971727,0.25139806434013734,0.044861561860440255,-0.038171645340411266,0.02369583631654521,6.879475087770144,0.17369650498440362,0.8415637248024821,0.36056136891500046,1.9613244022268077,0.7271414036691267,-0.0034026075482982633,0.8221694366397595,0.5721079233879325,0.250061513251827,0.08651596312190135,-0.011290871732219885,0.03126321630150643,2.0360020158467007,0.19951331607360687,0.9140008702106739,-0.2681096522773032,0.6792293706657091,0.5593643941350005,0.7263531042677481,0.8106445797594004,0.2512801856243999,0.0803554202405996,0.16464689573225189,0.2820233042766813,0.8836960030185258,-6.249634966659899e-17,0.664551841673475,-0.0040073003785112814,-0.0028689456043202908,0.006541277581689245,-0.00323768791115914,-0.25539179637838844,0.2595607680137435,-1.2935113019488165,0.5842375777982253,0.7360768385221964,0.8093401528426166,0.22510257504439135,0.08165984715738339,0.1549231614778036,0.8579112742998902,0.98012894610146,0.9857979937181689,-0.006858145984540043,-0.08868083988602038,0.0889456324348489,48,31
soth_a3e8,auction_house,soth_a3e8,https://www.sothebys.com/en/buy/_gmt-126710-blnr-batman-a3e8,1,https://sothebys-md.brightspotcdn.com/e1/c3/58495eb0480eba0ddb7690061b29/rolex-batgirl-gmt-master-ii-reference-126710blnr-a-stainless-steel-automatic-wristwatch-with-date-circa-2020.png,http_200,4.204091480249854,0.750639185799697,361.3651441955561,2,,,,,,,,,,,,,,,,,,,,,,,,,,,,,,,,,,,,,,,,,,,,,,,,,,,,,,,,,,,,,,,,,,,,,,,,,,,,,,,,,,,,,,,,,,,,,,,,,0.6457150300449861,0.0014502892302177667,0.7391218528139362,0.5581780482329429,0.18094380458099324,-0.013410478319148109,-0.04338341596502861,0.015614378613838397,3.48161180148298,0.14099944793369248,0.9642742594621998,0.12868728211481084,-1.569930538033276,0.6437220339664613,-0.009196457062743489,0.7346358655899803,0.5570613385805627,0.17757452700941756,0.029268721881147538,0.012102895254181763,0.01359653223583623,4.371215643582231,0.13157371513312638,0.924904568879608,-0.8184935494606407,-0.7040136446924237,,,,,,,,,,,,,,0.549059812946781,0.6438487317897192,0.7084984011391583,0.15943858819237733,0.18250159886084172,0.24715126821028077,0.17897912197842367,1.2511672658679271,-6.955442938668471e-17,0.5945167974553733,-0.0004113157338379222,-0.0035963325821573517,-0.010554843905352496,-0.0035656838998848694,-0.31730519896862447,-1.144414012311016,-0.08979579398575929,,,,,,,,,,-0.010769839744284793,-0.16272261833715487,0.16307863123848246,101,65
soth_1a0f,auction_house,soth_1a0f,https://www.sothebys.com/en/buy/_gmt-master-ii-batman-reference-126710blnr-1a0f,0,https://sothebys-md.brightspotcdn.com/dims4/default/ee824f8/2147483647/strip/true/crop/900x900+0+0/resize/800x800!/quality/90/?url=http%3A%2F%2Fsothebys-brightspot.s3.amazonaws.com%2Fmedia-desk%2F2e%2Fff%2Feec3a7a349ce8e77e12b357dea82%2F2.jpg,http_200,15.377105423872484,0.7136104972315037,165.8240196228025,11,0.7560848856495616,0.0007784599106818169,0.8370742316960132,0.6742794898871788,0.16279474180883446,-0.0032592846173293832,-0.004376690811150108,0.019838091004691867,1.1989892656691592,0.15892967614397444,0.878654976907965,0.058991328207049776,0.745705302462358,0.008565660601531522,0.8605983767291071,0.6216345084977426,0.2389638682313645,0.06066001602366983,0.03047209156415548,0.027056901388617324,2.606291652097844,0.18560688781935683,0.44001682630558925,0.6581079904141234,0.7618662624366014,-0.014680129901781802,0.8489984049204894,0.6757566172135783,0.17324178770691112,-0.03225695219134195,-0.027627775992691506,0.018510702697320185,1.6702842755534506,0.1535205480548578,0.8102796830550144,-1.1038753844773055,0.7450830662519254,-0.003417545157357038,0.8611208759566509,0.660651997006417,0.2004688789502339,0.010238990975222129,-0.0016146831615200252,0.022547417823847768,1.634113735886988,0.16943513214498765,0.7269930942760143,-0.26280229614013706,0.7303660271026251,0.0016158771216301937,0.8153784012290304,0.6241756416467344,0.19120275958229593,0.009437029052334345,-0.036692464646213035,0.021074562304709325,1.3761022534831489,0.16380771079024614,0.8012721310900706,0.12676217784986932,0.7420737464195805,0.008488072399912505,0.8262381384436853,0.6568092611897601,0.1694288772539252,0.012970323766707759,0.013607023589804146,0.019565339982629194,1.3672829373793531,0.15783334429730453,0.8518199846824112,0.6553385280512032,0.757832538189977,0.0018983086340019217,0.8406981842782226,0.673772554713461,0.16692562956476165,0.006192417266236594,0.009439549696464544,0.020419959851758908,1.1575610486200332,0.16124360571868832,0.8773018547438255,0.14352094951721028,0.7516402830452998,-0.00039687716186842525,0.8330447089202192,0.6710797742599545,0.16196493466026474,-0.005415285789583557,-0.004991273243029448,0.019783540800279335,1.1668248282499867,0.15871101562839668,0.888166762624335,-0.030253014320692273,0.6855006778938072,-0.011752791684892195,0.8131428669503263,0.5581264246245454,0.2550164423257809,0.03603623544725145,-0.05939688368250215,0.028184272279809713,5.697785092489093,0.18943423662642606,0.7638139079528137,-0.9822300909897308,-0.5119488224580095,0.6867019782014919,0.012263485016717928,0.8130065978194706,0.5603199216892399,0.25268667613023066,0.05615116921892195,-0.032158353999709136,0.02547494546065381,5.73407162652373,0.1800991614652216,0.8106163775510127,1.023109402039097,-0.11597115435188243,0.7319213743637302,0.0012474322733543085,0.8285346336360535,0.5735042436635003,0.25503038997255323,0.09329734318506949,-0.008275078920493492,0.03296650686664194,2.12178362441424,0.20487620699923112,0.8943272907346251,0.09765056438072861,0.3497965431802754,0.5604850455849688,0.732570739624235,0.819437281260833,0.25895223567586423,0.07156271873916698,0.158429260375765,0.2906403038072765,0.9013764066501518,-1.7836176789656036e-16,0.664546083528197,-0.0007648780782889585,0.0013053239601330843,0.005245526310695279,0.0008703251493801489,0.06806978726471681,0.4580432076879736,-1.3244830391436804,0.5866467957150248,0.7367904282848943,0.8082087857796542,0.2215619900646294,0.08279121422034585,0.15420957171510574,0.8614490392291112,0.9810791322035876,0.9844199583187019,0.11271764056395446,0.037818096676598474,0.11889270343694511,40,37
soth_1a0f,auction_house,soth_1a0f,https://www.sothebys.com/en/buy/_gmt-master-ii-batman-reference-126710blnr-1a0f,1,https://sothebys-md.brightspotcdn.com/dims4/default/ad7a67c/2147483647/strip/true/crop/900x900+0+0/resize/800x800!/quality/90/?url=http%3A%2F%2Fsothebys-brightspot.s3.amazonaws.com%2Fmedia-desk%2F93%2Fa0%2Fc154889f4ea297c033223c749f93%2F1.jpg,http_200,4.9593025046214265,0.9377143472963949,244.38669166564932,11,0.7537523769775113,-0.00213779348426546,0.8361723481969761,0.6702216888982163,0.16595065929875974,-0.005655068758026849,-0.011111675179997116,0.020544210592054826,1.1796664651102962,0.16173342678979874,0.8708897318001575,-0.1625019295898369,0.7376649032812095,0.006543935896701825,0.8549482291415054,0.621244605631249,0.23370362351025642,0.056239928633593506,0.03348520620504489,0.026672312529049176,2.3147585217211097,0.18428305147658194,0.5089401591282517,0.5082661131032964,0.7599578700028882,-0.0011523502156953191,0.8462246967096009,0.674118644367059,0.17210605234254184,-0.007498471806561102,-0.000945234439007514,0.02139812643573437,1.256453510073937,0.1650604154884504,0.8405016875368211,-0.08687949146076335,0.7647710553888819,0.0031425697270034414,0.8794320145868035,0.6760573803801511,0.20337463420665247,0.037277639782509586,-0.004167086475985626,0.0240017325865612,1.51997086292741,0.1748140585632869,0.7286220433553716,0.23543643224409294,0.7586135363376245,-0.003654979358627186,0.8467017350338999,0.623194985677773,0.2235067493561269,-0.007416985849730606,-0.0408529184937263,0.02212646642004927,1.4688822464931972,0.1678460366861887,0.7500472482291889,-0.27604736941202646,0.7571734076596849,-0.0025691776958843837,0.8420660320646575,0.6720060843400184,0.17005994772463906,-0.004740078353519583,-0.003992036120650633,0.02097954023785224,1.232543030452595,0.16343800127631278,0.8536822186668542,-0.1944105173004118,0.7518440054063763,-0.0016744688087046988,0.8349609556372364,0.6677675348415968,0.1671934207956396,-0.004532452210238347,0.0022877294269424975,0.020803734034741745,1.1905545537282933,0.16275176451020737,0.8655543006892221,-0.12760604107859308,0.7497343453077965,-0.001115459284340925,0.8326940447471732,0.6674359167495612,0.16525812799761208,0.00011584798692948484,-0.000876929101510826,0.020401891284774903,1.1690234789921354,0.1611722518647769,0.8769209737793119,-0.08524494369817148,0.6917556093899346,-0.004579965792162208,0.8154803139227581,0.56563793332301,0.24984238059974806,0.04733995356414861,-0.03266102166196022,0.02659696701343039,5.443457588598344,0.18402258060226262,0.7961104564969429,-0.37933754706716627,0.010888367147799727,0.688870382550548,-0.004509191026393884,0.8167079671787111,0.5617705272333825,0.2549374399453286,0.04380372247052402,-0.05202822283310457,0.027090898726931302,5.65524737801245,0.18572345991162348,0.7872113527313942,-0.37503996616010227,0.07391707133746195,0.7326300297575709,-0.002191820555893668,0.8317944403488772,0.5694523228167314,0.26234211753214576,0.0953194730523907,-0.01327896479454829,0.033344576523290294,2.1357743005403482,0.2060476484503061,0.8923026734973153,-0.17141215557057876,2.974042382988884,0.5523975298567981,0.7332875237818861,0.8227787255887983,0.27038119573200015,0.06822127441120174,0.1577124762181139,0.30346182736475846,0.8495650492411241,0.0,0.6690183961771691,-0.0016642601290424957,-0.0029985929120447587,-0.0010618119832545444,-0.00327507344989522,-0.2558977651835694,-0.2827527117500717,-1.544477542606173,0.5862083681224162,0.7384117528545961,0.8081021657998234,0.22189379767740725,0.0828978342001766,0.15258824714540387,0.8608052395336507,0.9832380197797552,0.9842900923262161,0.10520610213922438,0.014068064899089804,0.10614251917744329,63,50
soth_1a0f,auction_house,soth_1a0f,https://www.sothebys.com/en/buy/_gmt-master-ii-batman-reference-126710blnr-1a0f,2,https://sothebys-md.brightspotcdn.com/dims4/default/f275a5d/2147483647/strip/true/crop/900x900+0+0/resize/800x800!/quality/90/?url=http%3A%2F%2Fsothebys-brightspot.s3.amazonaws.com%2Fmedia-desk%2F6b%2Fcd%2Fdf9981924ba59b9b8a6c085288e2%2F3.jpg,http_200,42.30348359601642,0.693712006008157,131.66769739150985,9,0.744990079065332,0.04087794741313888,0.8270814107678413,0.6630566323978928,0.16402477836994844,0.06462586196607117,0.06705706570781306,0.00882537055691483,7.439333258980048,0.10600382441216612,0.44707078996669286,3.140696265299894,,,,,,,,,,,,,,,,,,,,,,,,,0.7753381810778425,0.041651808526122325,0.8560042064830351,0.6923932127497308,0.16361099373330434,0.05570512517166759,0.066100650739297,0.00876768839641212,5.979333252859962,0.10565683878588993,0.4390929526134501,3.075020853869475,0.7579336661189204,0.0405105922500108,0.8380904591050016,0.6787351116830158,0.15935534742198576,0.06753429030214908,0.05982388538893646,0.008681165155658052,6.884468104206346,0.10513421313045918,0.4397657116992632,3.0594754909016473,0.7514540836323723,0.03923756416434376,0.829616296929252,0.6735668070733465,0.1560494898559055,0.0657289536004767,0.061735131455164155,0.009171463519931098,3.8256800383801877,0.10806234328697589,0.4468928948891979,2.989014297408687,0.750734873149279,0.0342971957088683,0.8299615179372708,0.6739821856563436,0.1559793322809272,0.054673739159399326,0.06430994865095196,0.01087308725476108,2.2411380670305334,0.11766071844977702,0.6398136268920203,2.615729242266184,0.7446359775547617,0.03357699027038491,0.8264681707818847,0.6631899955606899,0.1632781752211948,0.057783889884008566,0.05517529129697879,0.011363385619034128,4.163721518903878,0.12028429628271976,0.49583859997411484,2.581821983524094,0.6848252212967169,0.044644966320116164,0.8164208415068002,0.574664089846092,0.2417567516607082,0.06585971384230122,0.06857796406016028,0.01147874994003955,35.52902297454024,0.12089333458791156,0.8709010795770262,3.729935055144452,2.435568171390173,0.6815524611862557,0.04199165248106019,0.8163557528893751,0.5663307671529736,0.25002498573640153,0.037010694387492125,0.049616604505080264,0.013699513119393936,8.513746966375164,0.1320710484823624,0.9227240799438602,3.525637693447777,3.836387035943744,0.7197120741096297,0.043320037321419,0.8310547246189409,0.569371886782891,0.26168283783604995,-0.014336819317551095,0.04563535205946139,0.02333243392334672,9.672349497213204,0.17235944286903818,0.9638488562029676,3.4445224090847546,-6.1005544151723825,0.5571010447984117,0.7271146923098664,0.8108257017176339,0.2537246569192222,0.08017429828236611,0.16388530769013365,0.28629681712705035,0.88125875348914,-1.8520121428180189e-16,0.6700714450688233,0.05345323724274337,0.07981501498386215,0.004405376915299821,0.06918256417284024,5.435142548008376,5.931699936935994,-7.279095267081326,0.5865944783831563,0.7371750787998312,0.807282121628875,0.22068764324571877,0.08371787837112499,0.15382492120016877,0.8613722149532397,0.9815913166442494,0.983291256551614,,,,,
soth_6ae6,auction_house,soth_6ae6,https://www.sothebys.com/en/buy/_gmt-master-ii-batman-reference-126710blnr-a-stainless-steel-automatic-dual-time-zone-wristwatch-with-date-and-bracelet-6ae6,0,https://sothebys-md.brightspotcdn.com/dims4/default/c0baca1/2147483647/strip/true/crop/3543x3543+0+0/resize/800x800!/quality/90/?url=http%3A%2F%2Fsothebys-brightspot.s3.amazonaws.com%2Fmedia-desk%2F90%2F33%2Febc99f7948eb87558e1b4e5340e1%2F3-gmt-master-ii-batman-current-front.png,http_200,6.622470963955497,0.9401480354441881,139.86499511718756,11,0.7412474962482383,-0.0005682437250972283,0.8217912128617697,0.6603176572295371,0.16147355563223265,-0.005307032543545864,-0.0014066621360063758,0.01937408233070973,1.1715339887546856,0.15706001326376623,0.8939676200867169,-0.04392319835108083,0.7438596052608946,0.00020444328447682958,0.8234025529697958,0.6630784340884468,0.160324118881349,-0.0016625662481878356,0.0027139567653117203,0.01929740390459874,1.147371219437131,0.15674890035359693,0.89650121180859,0.015747241781280508,0.7436443959796868,-0.002138963712667974,0.8283314203276527,0.6598950217438644,0.16843639858378834,-0.007358266239465283,-0.013808281718944548,0.02037090187015258,1.2389287493369723,0.16104979920197895,0.8618452059209032,-0.16480088596040332,0.7404064210522405,-0.0017566320752980258,0.8247752655926699,0.6572970499897559,0.16747821560291398,-0.006663133119820974,-0.013537845804298954,0.02026866396867126,1.2556575973923843,0.1606451508258528,0.860018301610773,-0.1359353624802111,0.7381079474769691,0.0029772677236388767,0.8213405252044296,0.6536620277871148,0.16767849741731478,0.0023408646411464673,0.009767982736269665,0.020294223444041592,1.2666710774611685,0.16074640841600532,0.8594988486265678,0.23110975905420617,0.7434034960944909,0.005256216183945284,0.8261278068938788,0.6603541305399305,0.16577367635394824,0.015833758762091255,0.005904459905708204,0.019783033936635,1.2768649267591117,0.15870898248984341,0.8643083949195004,0.40510165314697133,0.7494567526541753,0.00013931105332082305,0.8309079078863597,0.6683494221152114,0.1625584857711483,-0.0013353846602714992,0.002556169502052563,0.01904180915089545,1.2389518521315759,0.15570736788675085,0.8798890837905735,0.010650294729600773,0.7474892087058238,-0.0008885371084372262,0.8287986387487257,0.6666442771128791,0.16215436163584662,-0.0006827600541290391,-0.007203278884690023,0.01939964180608006,1.1646189590720362,0.15716358070875902,0.8963831173717847,-0.06810720701116679,0.6890130645098146,0.002881506573470755,0.8157484910026528,0.5576584817852736,0.25809000921737923,-0.044995051390218525,0.046375028805128504,0.03013462146161843,4.439453335055353,0.1958790231509171,0.7074719955145312,0.23961403825703087,2.4728913386695126,0.6872869698642392,0.010565171343181476,0.8163986913936333,0.5579882963126712,0.2584103950809621,-0.03417660868802226,0.04826183172524399,0.027578673924585486,5.7592626700390115,0.18738798849483052,0.7828998639140221,0.8806976984298558,0.7903477142010047,0.7302471886480106,-0.0016429995282798585,0.8270107106060247,0.5696033951172526,0.25740731548877216,-0.044182769077426215,-0.007721309006264859,0.03136147627939424,2.1268442027414887,0.19982660428531165,0.9114652557184184,-0.1289108418781666,4.71338295467983,0.5681166282334645,0.7329965782677454,0.8158154354735746,0.24769880724011006,0.07518456452642541,0.15800342173225457,0.27800915203439813,0.8966799894094876,2.49922846717319e-16,0.6656469276997865,-0.00295628994724141,-0.0048641291701304245,-0.0014194467371809014,-0.0030944257501937106,-0.24187900394827272,-0.4412979421997979,1.1290384605818022,0.5943202090197441,0.7428917082616673,0.8140764957368064,0.21975628671706227,0.07692350426319361,0.14810829173833273,0.8727169001758357,0.9892033398956954,0.9915669862811285,0.014867536468641963,-0.0885879291022616,0.0898268602550135,40,35
soth_6ae6,auction_house,soth_6ae6,https://www.sothebys.com/en/buy/_gmt-master-ii-batman-reference-126710blnr-a-stainless-steel-automatic-dual-time-zone-wristwatch-with-date-and-bracelet-6ae6,1,https://sothebys-md.brightspotcdn.com/90/33/ebc99f7948eb87558e1b4e5340e1/3-gmt-master-ii-batman-current-front.png,http_200,2.9477594811831747,0.9497483280219128,332.5216514587403,11,0.6965115916150408,0.007553695155978812,0.7712225843109111,0.6214440221745264,0.14977856213638463,0.01249673006114227,0.0017003078378793335,0.017260457658800816,1.0394015937911798,0.14824539538013348,0.9562719759874518,0.6213505860788544,0.7005887732534399,0.008726369644139698,0.7747135676583969,0.6213891960743336,0.1533243715840633,0.011323691635316435,0.020032233587850334,0.016781126112604093,1.1312438689939597,0.1461724781610936,0.9414535772251844,0.7136259039685697,0.7050700862568751,0.007873147236487743,0.7843263953687819,0.6241565349893194,0.16016986037946246,0.012554787223164776,0.012211301709313893,0.01798849896953357,1.2682635588465883,0.15133957921983882,0.8988638067627098,0.6397652788939965,0.7067859322607929,0.008677214132267907,0.7865244480180449,0.6261483545065036,0.16037609351154125,0.011558785982959452,0.020680982958630634,0.018286950686976812,1.2961304144394756,0.15258987111627276,0.8895282071159051,0.7033852100998814,0.7099121572876059,0.00868504700511119,0.790374299897636,0.6302923372198438,0.16008196267779218,0.013780661173889042,0.015465298346957534,0.018345736631321694,1.281163166978868,0.15283493499947987,0.8920056931222868,0.7009201198726771,0.7118302114836008,0.007262723465789378,0.7915313745608056,0.6319119113610149,0.1596194631997907,0.013166270370921829,0.01100535494530297,0.018644188348764936,1.2051499135941128,0.15407309267077782,0.9031919608012173,0.584562100931322,0.705290378905536,0.0012895534507100237,0.7830506290883548,0.6275208205351115,0.15552980855324328,0.009646962176786622,0.001056985646198938,0.018585402404420054,1.0812187512493823,0.15383000128753685,0.9280149974022904,0.1047595289222727,0.6989405674511119,0.00198113803563571,0.7763082525967081,0.6216276558828784,0.15468059671382972,-0.0008637496701888736,0.004682524614935013,0.01855827043010703,1.0410408857916147,0.15371767560531713,0.939217726365462,0.16240371408991905,0.6868883892758059,0.013534583252353698,0.8155312325422004,0.5572846056664806,0.25824662687571975,0.03418383589533359,0.020986123204922297,0.024631310680505118,4.311196250408261,0.1770919501193566,0.7834864497367758,1.1288211776540464,6.0866423992772525,0.6758957349645992,0.005357177097923302,0.7959882559790827,0.55712707162738,0.23886118435170278,0.05298039883663146,-0.02772749612330303,0.024233375057247465,5.248215887665996,0.17565560459400723,0.8392680532930484,0.4541191704023504,1.206707995995174,0.6891460365712231,0.00429194042839667,0.7732192557475241,0.5691755748264017,0.20404368092112246,-0.09251336910213798,0.019993535628365214,0.027394250064714524,1.460939298784332,0.18676038787911722,0.9651089345508307,0.3568284226151377,-5.078709541546232,0.5484915334819711,0.6861889708070342,0.7633670313708392,0.21487549788886806,0.12763296862916085,0.2048110291929658,0.24119663646458017,0.9950261679871805,3.2449409164026416e-16,0.6408242851229095,0.004449551513099359,0.0080822548516614,0.0048226035972532095,0.005983826243869371,0.4996281104389734,0.9685550247034921,1.0863557828672812,0.6107079521724342,0.7426972365999662,0.813503032210769,0.2027950800383348,0.07749696778923099,0.1483027634000338,0.8967811338802264,0.9889443896138033,0.9908684923395482,,,,,
soth_6ae6,auction_house,soth_6ae6,https://www.sothebys.com/en/buy/_gmt-master-ii-batman-reference-126710blnr-a-stainless-steel-automatic-dual-time-zone-wristwatch-with-date-and-bracelet-6ae6,2,https://sothebys-md.brightspotcdn.com/dims4/default/22ae76a/2147483647/strip/true/crop/4100x4100+0+0/resize/800x800!/quality/90/?url=http%3A%2F%2Fsothebys-brightspot.s3.amazonaws.com%2Fmedia-desk%2Fa3%2F04%2F1401d79e45b986d1c91cdc8807ea%2F3-gmt-master-ii-batman-current-2.jpg,http_200,31.866180077721516,0.5269236728531383,133.18841384887688,7,0.7906057736296336,0.0011337548043764967,0.85379839608715,0.7215136733980316,0.1322847226891184,-0.02588989602068109,0.05764408456318687,0.016376204119958816,2.2393211177822225,0.1443981671566037,0.7248572300932041,0.08216398479699905,0.8125895294383221,-0.0008447728123182618,0.8691832326265073,0.7255069526576491,0.14367627996885823,-0.02951163500401094,-0.014742666703134233,0.014656843618551779,2.263455758866595,0.13660773366152937,0.66065677616627,-0.05956500496557737,0.7996507503000714,-0.0016357336866685834,0.8721590582813404,0.7191497797409356,0.1530092785404048,-0.01211779348634745,-0.06299606820655956,0.01970218017186095,1.614548633188041,0.15838432659928944,0.7902889503960637,-0.1172017982847251,,,,,,,,,,,,,,,,,,,,,,,,,0.7542398952344167,0.01445428221847428,0.8035375028091372,0.6261393922701377,0.17739811053899945,0.050449492066089396,0.06605163329539993,0.008455871318395257,3.387490068339406,0.10376102229533352,0.3039433868968093,1.0978841214611066,0.7474674142995795,0.03394184494970304,0.8243557652640661,0.6757717837942556,0.14858398146981044,0.05489285079525763,0.05019876358999115,0.010654397861178024,3.1648494818121646,0.11647145865916508,0.48758721878033673,2.5999654456355756,0.7291723678479687,-0.012887270295546205,0.8157336174152089,0.6222261364992259,0.19350748091598302,-0.06378101328365843,-0.0250325733166476,0.0197867388850449,3.3342205389910045,0.15872384323027244,0.5083089907329943,-1.0125305928982584,,,,,,,,,,,,,,,,,,,,,,,,,,,0.6749719622486205,-0.053927035940529035,0.7464702548449902,0.6087386128134578,0.13773164203153243,-0.08535612275218059,-0.061258861110004156,0.010879887763001897,2.765369692198229,0.11769750779916371,0.8222463105867532,-4.567956149009262,-9.313182626892853,0.5093380682984311,0.5867064301590174,0.6282639848494249,0.11892591655099383,0.2627360151505751,0.30429356984098266,0.1336572054364237,0.996914649083846,-8.767049284172388e-16,0.6505593070406295,0.20763451533183852,0.2138565638366204,-0.1807394183106697,0.1936164716962442,18.263184940995185,2.9949096828964485,-13.700299569208479,0.5471466109436923,0.6166104374414209,0.6526945062990992,0.10554789535540687,0.23830549370090082,0.27438956255857916,0.8034458310480063,0.8210525132375777,0.7949993986590733,0.22711629865832383,-0.03399514670196338,0.22964643066145174,22,21
soth_8ccb,auction_house,soth_8ccb,https://www.sothebys.com/en/buy/_gmt-master-ii-batgirl-reference-126710blnr-8ccb,0,https://sothebys-md.brightspotcdn.com/dims4/default/0c6cbef/2147483647/strip/true/crop/900x900+0+0/resize/800x800!/quality/90/?url=http%3A%2F%2Fsothebys-brightspot.s3.amazonaws.com%2Fmedia-desk%2F01%2Fde%2Fb358a55d47d298c4d363db4c5660%2F2.jpg,http_200,2.8152367099857263,0.9638700466059803,166.64901615142816,11,0.7505549929352713,-0.0014995160780923444,0.8322902271098919,0.669385965389625,0.16290426172026684,-0.007274109065549039,-0.007203646819925025,0.020020240186117505,1.1705344335628285,0.15965763840186556,0.8826326991147189,-0.11446973117790549,0.7356651477873115,0.0069672557596742735,0.845248569301104,0.6217280742855185,0.22352049501558557,0.06913949783129025,0.03450462008077651,0.02525934980316804,2.0659155127403266,0.17933544837452492,0.5804421838806292,0.5426142811775634,0.7454152423162845,-0.0008340253260878394,0.8298507927503124,0.6615212276300628,0.16832956512024955,-0.00498164683381408,-0.0019407720957405616,0.02047033551404281,1.2169427904433683,0.1614423756963329,0.8653312445050134,-0.0641066999147597,0.749984015535758,0.0055330035407615275,0.8680011238910674,0.6601535701106948,0.20784755378037267,0.046756659782864696,0.005411855483845762,0.02309889222912658,1.5581429064676304,0.1714946734615968,0.7319745941551385,0.42269167482199776,0.7512110588845888,0.0038263246407180262,0.8401902943763777,0.6225083061727329,0.21768198820364482,-0.001873213798440243,-0.00534018704348016,0.020920430841968114,1.499776554527011,0.16320759737491064,0.7700890938776731,0.2918359021265928,0.7543245894527484,0.0024626570221153443,0.837225591975687,0.6701441833996856,0.1670814085760014,0.013017710766233481,0.0047947226374093765,0.02032630500910671,1.2262663158623965,0.1608734140122074,0.8668752711535233,0.1870538948786873,0.7509793538069429,0.0012558154319899373,0.8336400871269337,0.6678139892457328,0.16582609788120095,0.008681162884128568,0.008016548049951444,0.02005624781235153,1.1755517408580083,0.15980115091479805,0.8799499879252044,0.09581203087225276,0.7486328111616667,0.00028038072620201193,0.8293661420892758,0.6671380164354742,0.16222812565380162,-0.0022798797127365766,0.008856282034200802,0.019786190615596347,1.12202373191698,0.15872164418076395,0.8945777943498981,0.021458626014691617,0.6868175944135435,0.008150779635084229,0.8169109197764003,0.5584236007069507,0.25848731906944955,0.0030994084410805793,0.05465640391772058,0.027635853134613645,5.634893193805046,0.18758214484188868,0.7806596810459163,0.679923395488629,1.020775688950721,0.6887902296843442,0.0031946672862454505,0.8121049639518922,0.5651404917786026,0.24696447217328965,-0.04057004996971269,0.04681508854925116,0.025061307858880905,5.817207460453621,0.17863103932046437,0.8296700615771164,0.265740761212669,0.4891962692592813,0.7326919885812794,-0.0007135206094982066,0.8328055287930453,0.5747177931034342,0.2580877356896111,-0.009338478638179994,0.004202409097606514,0.03269492462049406,2.1047135863824997,0.20403056373727033,0.8966794721933287,-0.0557965792359596,2.862257374661695,0.5579861277240219,0.7329318463998435,0.8147375383011757,0.2567514105771538,0.07626246169882434,0.15806815360015647,0.28816160822866244,0.8662785719887532,-8.73528106290254e-16,0.6813817236001143,-0.0019607041024197,-0.002507550571891349,0.000772265865579273,-0.0015302010387900752,-0.11962085475585249,-0.12203223068794303,2.489706100148506,0.5898546110964714,0.7385780134152291,0.8034535537864544,0.21359894268998303,0.08754644621354557,0.1524219865847709,0.8661594876600167,0.9834594053465101,0.9786279583269848,0.10246174196590122,0.016804819130062754,0.10383068194267553,45,35
soth_8ccb,auction_house,soth_8ccb,https://www.sothebys.com/en/buy/_gmt-master-ii-batgirl-reference-126710blnr-8ccb,1,https://sothebys-md.brightspotcdn.com/01/de/b358a55d47d298c4d363db4c5660/2.jpg,http_200,6.921066058066867,0.9551394447204021,186.65071617126458,11,0.7544895053439784,-0.00046469775800023205,0.837877292644714,0.6730969891839031,0.16478030346081085,-0.006307974039243047,0.004228754031029347,0.02050892570639029,1.171093242377014,0.16159447771941854,0.8750703858937272,-0.03528904872405292,0.7384571551554279,0.007163184012625556,0.8509190464623917,0.6216786775872827,0.229240368875109,0.06957285028686039,0.019512276253320415,0.025819144398737674,2.1134098750453294,0.18131176371019112,0.5594646175886038,0.5557632382284048,0.7473113346307307,0.0012584043619194851,0.830998172120172,0.6629660125899547,0.16803215953021733,-0.004296349614396622,-0.0020198870022512527,0.020882076209095782,1.2494540698616652,0.163057919788013,0.8489894187837677,0.09648079370518303,0.7557428177821768,0.007056019953198156,0.8752903556864142,0.6651916222088982,0.21009873347751606,0.0499299521701993,0.007637200347225814,0.022963107858799486,1.629600911306713,0.17098987395703377,0.7187509031843322,0.5349285595905471,0.7584582430057212,0.0024917096831247876,0.8483619536112021,0.6233028468643481,0.22505910674685403,0.0018399339821765226,-0.0069564479670010115,0.021527913617624517,1.5440387263263653,0.16556023355142427,0.7494763540317411,0.18822912972267147,0.7590295095359879,0.0005503287876642005,0.8440546728734156,0.6728024196863518,0.17125225318706383,-0.0028406027365313613,0.006300168419065499,0.021025595633213278,1.2453934485773428,0.16361729679901849,0.8500825804127837,0.041541878090839646,0.7488255748503699,0.000992446988147322,0.8319870143162352,0.6659010882727621,0.16608592604347316,0.0016013948186920368,0.01100720336058647,0.020236238800567047,1.204089319136016,0.1605166018752765,0.8700752393073259,0.07593622924673582,0.7488985177196259,0.0019847259827519004,0.8305769040875592,0.6665527838357618,0.16402412025179747,0.0028331574342346233,0.012866547661001482,0.02012142326127305,1.1523752423889593,0.16006058788036115,0.8831196346679442,0.15184454686726667,0.6894865694503907,0.008502480592302278,0.8135464217487824,0.5654267171519988,0.24811970459678367,-0.037862622297560065,0.05486758348216467,0.02640757403761941,5.290000000000021,0.18336621156914007,0.8048579867946362,0.7065134890756184,0.7950283836100454,0.6906247088753771,-0.0002939728778156192,0.8168690438030721,0.5631928416993605,0.25367620210371167,-0.04206458840666008,0.01815951005174335,0.026924243964442398,5.528855981229469,0.1851513222410931,0.7920058687046798,-0.02438864980706512,0.45793364769184564,0.7359136017404313,0.0017427249567889094,0.8368169349603256,0.5732889613834277,0.26352797357689794,-0.010597978119551404,0.008915005839796104,0.033368266107318,2.1140541526116934,0.20612082851347976,0.8886400690412349,0.13568250129890203,0.37838296767131396,0.5561562608676449,0.7363407213312156,0.8205747892449357,0.26441852837729074,0.07042521075506436,0.15465927866878437,0.2967668576194464,0.849548578016927,-3.088936124596642e-16,0.6814365905798818,0.0022685258162919095,0.0016422099290523352,-0.003585857261465061,0.0021048284407554595,0.16377942207159343,-0.13571359802061592,2.183351960854573,0.5882881349258391,0.7393401674431037,0.8048161900578947,0.21652805513205564,0.08618380994210528,0.1516598325568963,0.8638592289659898,0.9844742575806974,0.9802876858196039,0.0906666901644256,0.016765504115045005,0.09220374631002551,50,40
soth_2019_lot6,auction_house,soth_2019_lot6,https://www.sothebys.com/en/buy/auction/2019/watches-online-the-drivers-collection/rolex-gmt-master-ii-ref-126710blnr-a-stainless,0,https://sothebys-md.brightspotcdn.com/dims4/default/baf20a6/2147483647/strip/true/crop/800x800+0+0/resize/2048x2048!/quality/90/?url=http%3A%2F%2Fsothebys-brightspot.s3.amazonaws.com%2Fmedia-desk%2Fcc%2F71%2F5af7ba95408797550e6d01c30a9e%2F185n10225-bbp4q.jpg,http_200,21.032069688796398,0.768567818307262,499.6492333984371,3,0.6725419206239966,-0.028571323220098088,0.7255734736450249,0.6210727421775812,0.10450073146744365,0.01673824730637269,-0.05790474647728347,0.008397778507954742,1.8485684308393493,0.10340398292258876,0.6583771909767635,-2.432610425621533,0.6760750387043051,-0.02827358756940762,0.7406507751866837,0.6210950856448978,0.11955568954178586,-0.04442283795435453,-0.032155026157679456,0.010380559505540052,1.8078419259287795,0.11496494621809764,0.7235940113727165,-2.3947250528291875,0.7074852672774842,0.007293357471786388,0.7783239504963257,0.6211688848157584,0.15715506568056736,-0.050610759717757636,0.04134503774607173,0.014476304091461218,2.3760328524909635,0.1357637758419375,0.6129341052322957,0.5906325105368389,,,,,,,,,,,,,,,,,,,,,,,,,,,,,,,,,,,,,,,,,,,,,,,,,,,,,,,,,,,,,,,,,,,,,,,,,,,,,,,,,,,,,,,,,,,,,,,,,,,,0.5478697837443605,0.6225450282492891,0.6523935671463134,0.1045237834019529,0.23860643285368666,0.26845497175071087,0.1173163843130501,1.2927892072857885,-9.242695827592424e-16,0.7144330416911934,-0.08024707176435042,-0.08128114567484157,0.07482322894456085,-0.08023683467427595,-7.344090860276826,-0.5668196843583456,2.0672088091278216,,,,,,,,,,0.07133098591549292,-0.2037798122065728,0.21590350023707888,84,60
soth_2019_lot6,auction_house,soth_2019_lot6,https://www.sothebys.com/en/buy/auction/2019/watches-online-the-drivers-collection/rolex-gmt-master-ii-ref-126710blnr-a-stainless,1,https://sothebys-md.brightspotcdn.com/dims4/default/7447b60/2147483647/strip/true/crop/800x800+0+0/resize/1024x1024!/quality/90/?url=http%3A%2F%2Fsothebys-brightspot.s3.amazonaws.com%2Fmedia-desk%2Fcc%2F71%2F5af7ba95408797550e6d01c30a9e%2F185n10225-bbp4q.jpg,http_200,23.45886947211804,0.6520284916849367,283.36886108398414,5,0.6762826506443171,-0.025347814522467205,0.7348287324288577,0.6211917057977647,0.11363702663109299,0.020465448752013893,-0.03171291131877202,0.009458527456755277,1.878914784005928,0.10974047199144045,0.6736241345055132,-2.1465037927807202,0.6897622179493554,-0.027755537375529105,0.7639241453523861,0.621413282898593,0.14251086245379307,-0.042926998785370596,-0.048231414992452926,0.012416263165747218,2.256104552979073,0.12573335778729508,0.670709205008925,-2.3042979403927006,0.7261142871510864,-0.005132987753145635,0.8119303110033039,0.6212736819757909,0.190656629027513,-0.06845739583890426,0.031129155396434793,0.015311730754549854,2.4386798930328375,0.13962629084463443,0.6082799585977419,-0.40502389356447566,,,,,,,,,,,,,,,,,,,,,,,,,,,,,,,,,,,,,0.819350683806827,-0.01845097361132164,0.8703051329736048,0.7600570049084552,0.11024812806514961,-0.009231321884372756,-0.04326267709527676,0.010305373891329812,1.8818865432169365,0.11454784835047056,0.6310417218794435,-1.2900267164171737,,,,,,,,,,,,,0.684682135373601,-0.0004645929894742917,0.816836463362338,0.5571127276362176,0.2597237357261204,-0.020706045980475637,-0.002012077289599979,0.036047014777588086,3.2774243734007995,0.21423464865534222,0.6806107610276296,-0.03887820643700479,2.6885988407579475,,,,,,,,,,,,,,,,,,,,,,,,,,,0.5446398813721827,0.6171045036618067,0.6490157542876388,0.10437587291545614,0.2419842457123612,0.2738954963381933,0.11719275483326165,1.3008682647069576,1.0216648608369485e-16,0.6942660239911953,-0.07646072891170008,-0.07346884524437448,0.09203476378102061,-0.0741265412497287,-6.849546473654457,1.6419060776724959,0.5169215347789149,,,,,,,,,,,,,,
soth_2021_lot224,auction_house,soth_2021_lot224,https://www.sothebys.com/buy/064d8ca0-0ed0-4543-aba6-465c9ddf8ed4/lots/6e7fcd2c-f005-40ad-9d11-07aa84384222,0,https://sothebys-md.brightspotcdn.com/dims4/default/4bdcb0b/2147483647/strip/true/crop/3543x3543+0+0/resize/4096x4096!/quality/90/?url=http%3A%2F%2Fsothebys-brightspot.s3.amazonaws.com%2Fmedia-desk%2F91%2Fb2%2Fb6cdd06b473dbf3968cfabbec4fe%2Fmiol62-d72n8-t2-02.jpg,http_200,11.539901172444265,0.9333467529236125,377.2038317871089,6,,,,,,,,,,,,,,,,,,,,,,,,,0.6839404031586598,0.035604480499451197,0.7536275216942845,0.6212358970137377,0.13239162468054677,0.06425992808427489,0.04078741779857831,0.00962520182961881,2.3250864920362067,0.11070315079313645,0.6076671846890075,2.9800062154365996,0.6979957168093773,0.03157509123861729,0.7901879581184448,0.6233962250393835,0.16679173307906126,0.07363505713356067,0.050961351260750104,0.012229172094586878,2.3669642797305954,0.12478247276841307,0.6358719406182135,2.5901117926888446,0.7004006721315884,0.008156768303004103,0.775083841565883,0.6247410842750368,0.15034275729084612,0.009659627832169171,0.012369979352733929,0.016857281189003807,1.1041870208834101,0.14650377819892504,0.9587738005687405,0.6672284741216714,0.6855486237927846,-0.0018075822613630166,0.7566941303492056,0.6210525808867894,0.13564154946241624,-0.0028906830126601557,0.006233087020143635,0.016491811678131095,1.165208955489053,0.14490695909072718,0.9532657071916394,-0.15107111458047484,,,,,,,,,,,,,,,,,,,,,,,,,0.6673679133258968,0.02790542555331044,0.7879042454391298,0.5570695855382278,0.23083465990090202,-0.004278452136271212,0.03325212766297926,0.020223817644927436,5.679627161131771,0.1604673311644285,0.9069794509825733,2.3943798078192913,1.7783089594413042,0.6512829327346135,-0.002113651746702881,0.7442486235450514,0.5570995652732066,0.1871490582718448,-0.03301039753683336,-0.012479258322422757,0.016730772512163254,4.175661667704596,0.145953010165787,0.967514790352639,-0.18594514487131164,2.241364837122859,,,,,,,,,,,,,,0.5467519720123808,0.643351069525779,0.7089439959072223,0.16219202389484155,0.18205600409277767,0.24764893047422099,0.1820441956881749,1.2297682035069193,0.0,0.5955847593099215,0.028914360336495325,0.027172371190900928,-0.034784628098043724,0.026824531338632288,2.38756535062967,-0.6153495474129972,-1.1488134630274585,,,,,,,,,,-0.003540053738782905,-0.00256120210098724,0.004369409190676959,108,66
soth_2021_lot224,auction_house,soth_2021_lot224,https://www.sothebys.com/buy/064d8ca0-0ed0-4543-aba6-465c9ddf8ed4/lots/6e7fcd2c-f005-40ad-9d11-07aa84384222,1,https://sothebys-md.brightspotcdn.com/dims4/default/5aca7f1/2147483647/strip/true/crop/3543x3543+0+0/resize/800x800!/quality/90/?url=http%3A%2F%2Fsothebys-brightspot.s3.amazonaws.com%2Fmedia-desk%2F91%2Fb2%2Fb6cdd06b473dbf3968cfabbec4fe%2Fmiol62-d72n8-t2-02.jpg,http_200,7.393623839658055,0.5959168852475261,166.50758880615223,10,0.6784566688273537,0.00464106073708892,0.7429670644645594,0.621493066729615,0.12147399773494438,0.0074524412691526765,0.020735156684307032,0.014337356009593486,1.3725386131851767,0.1351106533118716,0.8823611808037122,0.3919322446342264,0.6760521177710116,-0.00047051079376658755,0.7420897687198132,0.6212595314188458,0.12083023730096742,-0.048474047799099695,-0.03635644187185666,0.015148904462966703,1.7154071838758356,0.13888190746697066,0.8079096744478313,-0.03987603564416986,0.6761659036758972,0.012699159064082366,0.7388901480687781,0.6216408103485735,0.11724933772020452,0.022777827104449255,0.005328924677029889,0.012858534383446737,1.2994535639299156,0.1279530947821942,0.8694817395181985,1.075952930987377,0.6844307818254745,0.01761944030125312,0.7784535718148151,0.621481278668708,0.15697229314610717,0.0527885793441934,0.005949883883106022,0.014138977498768922,1.5780408953216922,0.13417266962221944,0.8249074851031527,1.4746511626960626,0.6822034860303396,0.014553394697372046,0.7485869874424395,0.6214746164003184,0.12711237104212103,0.01764039448734306,0.02494116799753565,0.013597945196520113,1.0940067112880227,0.13158055156956502,0.9243129964191859,1.2221011067310599,0.6817784764666639,0.014936591529116139,0.7486526378565017,0.6213068390376516,0.1273457988188501,0.02574185330885498,0.005875411680547005,0.01356187637637019,1.1081515128125612,0.13140592567766546,0.9167858618621871,1.2550510218741238,0.684929283666875,0.011862527254383304,0.7530120506345621,0.6216062370673051,0.131405813567257,0.02416940475791929,0.01001437377616865,0.014211115139068765,1.0616608445828606,0.13451451137273962,0.9355548113695387,0.9922262287723242,0.6849589296112157,0.009010378017413612,0.753676292081426,0.6216766912852703,0.1319996007961557,0.019904255096519108,0.0018102751845693321,0.014896422721917258,1.0889235706140106,0.13771969534034142,0.9513477733166552,0.7536610365827414,0.6528701507211238,0.02181669906086297,0.7500195552423109,0.5599226700987259,0.19009688514358503,-0.017862545357173198,0.059564351385407395,0.01657362285888857,4.165558048662663,0.14526593552331382,0.980990603141871,1.9139178114970719,0.6913100544476123,0.659458540212614,0.01881211134645949,0.7587525131895582,0.5604819142754441,0.19827059891411403,-0.01288887668113167,0.056548215069831605,0.017817997154060836,4.838581873517994,0.15062064461596505,0.9659125533613593,1.6340107628814167,0.8393339688514629,,,,,,,,,,,,,,0.5486798547190938,0.6687178660945245,0.7386480491765959,0.18996819445750213,0.15235195082340414,0.22228213390547547,0.2132091185563346,1.0395343813783844,0.0,0.6318847832303031,0.007908149499842473,0.007252866096636404,-0.00980072802830708,0.005826517377536481,0.49920366199508265,-0.19763742339000928,0.9036386046126588,0.6063632424876004,0.7318538907341781,0.8038448686346253,0.1974816261470249,0.08715513136537467,0.15914610926582196,0.8904012371330402,0.9745058465168815,0.9791045902979603,-0.012800985552707273,-0.07161553090332122,0.0727505979197778,47,33
soth_2021_lot224,auction_house,soth_2021_lot224,https://www.sothebys.com/buy/064d8ca0-0ed0-4543-aba6-465c9ddf8ed4/lots/6e7fcd2c-f005-40ad-9d11-07aa84384222,2,https://sothebys-md.brightspotcdn.com/dims4/default/401f31f/2147483647/strip/true/crop/3543x3543+0+0/resize/2048x2048!/quality/90/?url=http%3A%2F%2Fsothebys-brightspot.s3.amazonaws.com%2Fmedia-desk%2F91%2Fb2%2Fb6cdd06b473dbf3968cfabbec4fe%2Fmiol62-d72n8-t2-02.jpg,http_200,11.847181013984649,0.631139790517608,370.23112792968715,8,,,,,,,,,,,,,0.6732641286376504,0.020691965869261142,0.7517072741411902,0.621517858186025,0.1301894159551652,-0.013570088599484387,0.06016370372237059,0.011151148074477335,1.3064935473971255,0.11915570778448638,0.8046760732195459,1.7603629754004757,0.6916413148976724,0.043680042610288294,0.7655205328562564,0.6211253559540096,0.1443951769022468,0.07134576806754472,0.06803608932493621,0.008017737477167546,3.8165152047714224,0.10103712394577972,0.4428791615478231,3.6136689662515984,0.7095024728548082,0.03885687626372725,0.7877118833695108,0.6350674775210002,0.15264440584851058,0.0672605981552985,0.06640414108352838,0.01001305249082116,3.2245055070450834,0.11291153348893292,0.47249577154729505,3.13475039266595,0.7148891857968727,0.016722013378559775,0.7917298185556717,0.6380215477359885,0.1537082708196832,0.021178612054955526,0.03198885949012298,0.015944281397952384,1.4117472258092634,0.14248119029632725,0.9117442510362501,1.3399644714400125,0.6959579798461356,0.007768278344940038,0.7716102797024977,0.6213152835077989,0.15029499619469888,0.01171230155528813,0.016920589908400785,0.017210047960544348,1.1394775495737044,0.14802875946975239,0.9444755029576355,0.639508552146026,0.6742128278262115,0.012287057180141947,0.7367473785205221,0.6210732132824657,0.1156741652380564,0.01789620313714546,0.03981940223720826,0.0128582914499616,1.319370293726114,0.1279518860815312,0.8641152705644547,1.0440599276989815,,,,,,,,,,,,,0.6733517083675528,0.03476117315361548,0.803666489892882,0.5572721302779143,0.2463943596149677,0.010090113585250353,0.06594915563025755,0.018410155162540763,8.919755436738424,0.1531030292896163,0.9410288723658768,2.955219411735058,2.034352673766179,0.6572942407612516,0.007821908460397327,0.7589167661863132,0.5571247911611255,0.20179197502518775,-0.02469894753835553,0.026316139654671857,0.019471648158835467,4.268194733913238,0.15745498543075395,0.9336195237146163,0.6817969201457572,3.4269232344122997,,,,,,,,,,,,,,0.5473585192455444,0.6511366317941084,0.7191766728788479,0.17181815363330355,0.17182332712115211,0.2398633682058916,0.1930588052592744,1.1962170018142597,-1.3488788634889448e-16,0.603999695922985,0.03574575065188776,0.04398094137537026,-0.00950012103577474,0.040834913361732554,3.5885066603579148,2.7440689217489367,-3.1100240664351606,0.5662170485696006,0.6960077665957566,0.7859002104719387,0.21968316190233805,0.10509978952806132,0.19499223340424343,0.8314494105280479,0.9267746559197824,0.957247515800169,-0.007917002930077964,0.01817788658550388,0.019827115173678318,109,63
soth_6456,auction_house,soth_6456,https://www.sothebys.com/en/buy/_gmt-master-ii-batgirl-reference-126710blnr-6456,0,https://sothebys-md.brightspotcdn.com/dims4/default/31287b9/2147483647/strip/true/crop/900x900+0+0/resize/800x800!/quality/90/?url=http%3A%2F%2Fsothebys-brightspot.s3.amazonaws.com%2Fmedia-desk%2Fb8%2Fca%2Fd9fc1f004c298a2de78c29592f32%2F2.jpg,http_200,13.615252004229399,0.6443008392560627,171.75000427246079,11,0.6969247969327772,0.013403274889795813,0.7717993302673491,0.6238320488589053,0.14796728140844384,0.02483558275575659,0.00724335154778738,0.015831547470813535,1.4122278611745869,0.14197659065561385,0.9053616749300638,1.101778020150455,0.7063199412958174,0.022262041519159392,0.8097805698338922,0.6213261760445664,0.18845439378932582,0.061632668500928633,0.0270956995511783,0.016407856479387046,2.2959404160909065,0.1445376480848317,0.7092102351697374,1.8052709955944444,0.7335616772629997,0.017000207660839206,0.8160242498900755,0.6516009074803766,0.1644233424096989,0.021063161163461463,0.033631323446286054,0.01661125965888358,1.7202049893976932,0.1454307831428907,0.8350117175084891,1.3275854758114711,0.737477524541825,0.014658721452763368,0.8496117751394783,0.6522777049986074,0.1973340701408709,0.0642516558664547,0.02791371042979529,0.018950396223093715,1.593157041523726,0.15533317050663323,0.7971885169989088,1.1387089926919671,0.724349779561881,0.013604585909749278,0.8051284846662412,0.6251663978737512,0.17996208679249004,-0.005550000444790926,-0.025342097034235178,0.016899414163170336,1.6449070178472092,0.14668674921548286,0.8135648150428403,1.0759908266428937,0.7299455462918862,0.01715414557123407,0.8110753985881611,0.6514244271975159,0.1596509713906452,0.031638808178396205,0.020152944835001407,0.01627225435972269,1.8200934515835394,0.14393914593601034,0.8168745543411728,1.3462364010137833,0.7277427355633377,0.006110951100721462,0.8054883850047252,0.6456000923409736,0.1598882926637516,0.0038829355368922847,0.020710033189477728,0.017933380325611047,1.2823094411867442,0.15110754117959677,0.9003620229012114,0.48110885983066964,0.7125940286313683,0.0026402044163122973,0.7872152860463624,0.6384762611508007,0.14873902489556168,-0.006223353679280785,0.004914741484640273,0.01749267343670189,1.2265431134269837,0.14923928290750796,0.9196081969232734,0.21228339255912942,0.6872053724363486,0.01997371696923974,0.8135974087060911,0.5606572629763402,0.2529401457297509,0.007339773370697658,-0.02889788286143503,0.025696601676395415,5.455106900027525,0.1808809813653567,0.8116080734062956,1.664840866690497,1.657402226486255,0.6885516776725118,0.019408149445871135,0.8144840500542233,0.5587676041873934,0.25571644586682996,-0.01739322338143866,0.05332240130650661,0.023120161402772656,8.010892233764306,0.1715736103795387,0.861948237235919,1.6145639185801883,1.3755985338235064,0.6896827594732926,0.00660700967379972,0.7770972732163782,0.5693358435134764,0.2077614297029018,-0.06372971620486836,-0.016190843297041645,0.028425594334640574,1.4054714728006446,0.1902435039349943,0.9490312762888115,0.5488642201235052,-8.786519462234821,0.5504271422252591,0.6862641777219854,0.7619755096922778,0.21154836746701866,0.12902449030772223,0.20473582227801457,0.23743209749769134,1.037964302586095,0.0,0.6421086445770088,0.012289880781993152,0.011050345337099214,-0.01551475847989916,0.009382757806382924,0.7833119465838652,-0.33571205328996034,0.4821749931864815,0.6115884298337196,0.7388538699614857,0.8064174510330131,0.19482902119929346,0.08458254896698691,0.1521461300385143,0.8980740526192652,0.983826724316226,0.9822380645956311,0.018057084215918378,-0.026362329461793964,0.03195357108419869,48,31
soth_6456,auction_house,soth_6456,https://www.sothebys.com/en/buy/_gmt-master-ii-batgirl-reference-126710blnr-6456,1,https://sothebys-md.brightspotcdn.com/dims4/default/66733f3/2147483647/strip/true/crop/900x900+0+0/resize/800x800!/quality/90/?url=http%3A%2F%2Fsothebys-brightspot.s3.amazonaws.com%2Fmedia-desk%2F4f%2F0f%2F4305ed8d44c9a8c6b0f3a0b4d6f1%2F4.jpg,http_200,35.440895336494606,0.713334871778446,152.08966228485087,6,0.6802005440218537,0.004249878836545984,0.7389588269254015,0.6216923503709667,0.11726647655443478,0.052995380291430194,0.03674060582911215,0.014893262189988812,1.1485284343499227,0.1377050847659692,0.9326936641238126,0.357978179326345,0.6982749733191378,0.005774877341986562,0.7714117186531975,0.6246669599132042,0.14674475873999326,0.005350714239197141,0.002296212084111904,0.016319902690045796,1.5870461364050896,0.14414973281694304,0.8651276291277572,0.47383705314826585,,,,,,,,,,,,,,,,,,,,,,,,,,,,,,,,,,,,,,,,,,,,,,,,,0.8133356013992269,0.0001834461003952237,0.8767112073882437,0.7485699163169383,0.12814129107130545,-0.014785765104572912,-0.03160950025004089,0.017033222940074286,2.209192138098629,0.14726633363261515,0.7139923675158137,0.012922939957888957,0.8146639215108818,-0.0011776969023673534,0.8805893646996745,0.7538044692509412,0.12678489544873328,0.05485289505182511,-0.05505199217476969,0.015174267136969734,2.456014489352798,0.1389981186245522,0.6562359592622297,-0.08282803897964186,0.691280158750088,-0.02669656960473185,0.8136135403904955,0.6236906933579807,0.18992284703251483,-0.039617326128179746,-0.013269646369409128,0.012472296492922417,3.4625410254489304,0.12601674931710666,0.8903000036867398,-2.211608413244221,-11.420299632969602,,,,,,,,,,,,,,0.8121610840801623,-0.001579951426411253,0.8484751947380047,0.773182203243961,0.07529299149404367,-0.009395255606013824,-0.06903086345730874,0.012839764500512852,6.501848038525187,0.12785967271637955,0.827390057441737,-0.11146118196063526,78.7884450213869,0.7077906832696442,0.7984187946422524,0.8140945559820314,0.10630387271238717,0.07690544401796862,0.09258120535774761,0.49489184907407724,1.1393059066570088,0.0,0.8525381913207348,-0.3129046639153601,0.11503830843201349,0.7623496202391595,-0.014523693312510513,-1.042127976801271,76.04971172962172,-8.429198391161387,,,,,,,,,,,,,,
soth_6456,auction_house,soth_6456,https://www.sothebys.com/en/buy/_gmt-master-ii-batgirl-reference-126710blnr-6456,2,https://sothebys-md.brightspotcdn.com/b8/ca/d9fc1f004c298a2de78c29592f32/2.jpg,http_200,5.7321440119527844,0.7586054888749676,195.85021591186504,11,0.7168590375165969,-0.0006703555784656756,0.7920650633218012,0.6415771650589228,0.15048789826287834,0.008285551328917673,-0.02239700325739652,0.017688937305050823,1.2428061966337147,0.15007416326980386,0.9111813508420653,-0.05357892167552336,0.7159091062254911,-0.00467868890907619,0.8222642610040392,0.6213616280848009,0.20090263291923827,0.015967667614214087,-0.009156025580654426,0.02060885031634882,1.8552624507642688,0.16198766371024395,0.707503633454712,-0.3744404275267925,0.7008883758667288,-0.015151618350653151,0.7836848475459348,0.6221924603000111,0.16149238724592374,-0.02756197968702223,-0.015986757936881535,0.016450581340437833,1.732279724091451,0.1447257084851473,0.8308315041051042,-1.2384120206385205,0.6937768183773211,0.0021020526773095627,0.8002473977741036,0.6211169696264083,0.1791304281476953,0.03277758451399976,-0.008099768744828428,0.019970119345127383,1.205879634844624,0.15945766103670547,0.8552152133299721,0.17359815864269024,0.6985761695358689,0.020359644163091106,0.7776292550431139,0.622332932384008,0.15529632265910587,0.05114138382703609,0.0016730313409225595,0.01509490744233519,1.693302103623539,0.1386341699571151,0.811189370316773,1.6693835552960508,0.7201099454169547,0.02268440275534378,0.8035441433231527,0.641901295194785,0.1616428481283677,0.04014566520649315,0.022267399554506517,0.015068836790448601,2.0352694539585947,0.13851439959354134,0.7556160397400162,1.804295142067474,0.7284229567745427,0.002726560387485033,0.8043328651098052,0.6483015868031319,0.1560312783066733,-0.0005028759424089979,0.013837898691059725,0.018040891105519777,1.2376565582702899,0.151559809902918,0.9045516304670965,0.21446286357758026,0.7166333609073743,-0.0006736822437539147,0.7893219531941734,0.6455546014534154,0.14376735174075805,-0.0029727728638383466,0.006814675938204062,0.0172587715489221,1.2240056641090338,0.14823815443278343,0.9234411328181229,-0.053861765353531155,0.6625929378673715,0.016872506595030916,0.769859470336409,0.5602026662843617,0.20965680405204734,0.0002348310550745186,0.06422217072152658,0.02189934758473499,3.623792684308103,0.16698238035429086,0.8820701596154872,1.4586852525796274,0.6639899602033807,0.6868971827460422,0.021073558041878052,0.8141130493460597,0.5577239253071136,0.2563891240389461,-0.01933506500341468,0.060589767991720285,0.023150738875291278,7.79748587605449,0.17168702987080445,0.8640769756909747,1.757246004850117,-0.366913678202053,0.6995948938476292,0.0004888146481753579,0.7867343960567228,0.5721123572024566,0.21462203885426623,-0.02304708316360175,0.02044570481541738,0.029173059461093397,1.5438534619086954,0.19272854730624206,0.9401956600077352,0.04003318490924812,3.5646529102020708,0.5518047044167791,0.6969834154853315,0.7763743941668987,0.2245696897501196,0.11462560583310133,0.19401658451466852,0.2521062241242201,0.9792764063494895,-2.5235602095950084e-16,0.646475093010521,0.004882365099954688,-0.00017573746705491826,-0.017306566616883744,0.0002643741388562269,0.02173297284535375,-1.2902851548249246,2.2739129462501952,0.5930406568650293,0.734125127845717,0.8089220703352739,0.2158814134702446,0.08207792966472616,0.15687487215428297,0.8708379689648006,0.9775301302872398,0.9852887580210401,0.008269259413344839,-0.026801865756240977,0.02804854112535543,54,35
wos_cpo_40616911,rolex_cpo,wos_cpo_40616911,https://www.watchesofswitzerland.com/collections/rolex-certified-pre-owned/products/gmt-ii-m126710blnr-0002-40616911,0,http://www.watchesofswitzerland.com/cdn/shop/files/40616911_whiteHero.jpg?v=1758689261&width=1200,http_200,4.246242030501378,0.9610083434140432,195.7936230468751,11,0.7530511836864036,-0.0011413449680312548,0.8330091937818598,0.6684437515334261,0.16456544224843372,-0.00319135586603847,-0.001197679442116184,0.01951212242507054,1.218041192921569,0.1576185454612292,0.8812130410751473,-0.0868389838306598,0.7504453044187092,-0.0010783081101943814,0.832108383865831,0.6684640506005348,0.16364433326529615,0.0036357968402803142,0.00247153247144144,0.01994253689032945,1.1640193265602623,0.159347502619612,0.8867476562860169,-0.08232773374055569,0.7511967583429571,-0.0016520079850217417,0.8337020619558991,0.6676564781607777,0.16604558379512147,-0.00020808349053458297,0.006075123940524674,0.020151222691667102,1.2484434698721874,0.16017906731466225,0.8616212330209342,-0.12600285028037206,0.749549260743341,0.01760853183949118,0.8352347942343525,0.7006022044532505,0.13463258978110204,0.016912162908839956,0.050112627686766886,0.009077832358187899,1.4491190295361351,0.10750932582302472,0.758414845083097,1.3457541422527513,0.7475884731138838,0.001426269586361384,0.8307874995371062,0.6636464212302637,0.16714107830684244,0.004169878542503502,0.0017563921409518568,0.019173007997896854,1.420211576058231,0.1562428621551904,0.8322611581861368,0.10931031113800316,0.7473131551680026,0.0019022552554073258,0.8296331093933754,0.6643084272557781,0.16532468213759732,0.004786186750196708,0.006585533013133527,0.01999470834066386,1.2332942437356094,0.15955580009758097,0.8673222794131694,0.14584376247196928,0.7508682134294313,0.002175169866500015,0.8331121645424395,0.6683694953204823,0.16474266922195724,0.008633397934296405,0.0003442731585170944,0.020007751203247465,1.1973314676789482,0.15960783199203354,0.8757353745578945,0.1659781333478918,0.7514264062055119,0.0015556690479420765,0.8333951117669058,0.6684611142519931,0.16493399751491278,0.004000046200541008,0.004371756287443962,0.019812108264493415,1.2563730999996294,0.15882556377021725,0.8642130855571954,0.11861859349892256,0.6909695489805611,-0.0031950535252532174,0.8124302884358532,0.5719045600754392,0.24052572836041397,0.02860140752346287,-0.03588359578691885,0.0181687075789594,9.899716567973313,0.15209574933659575,0.9576236707960102,-0.26493465288052676,0.1368789440286946,0.688557199656841,0.004213023905263439,0.8163729845492803,0.5603887904155699,0.25598419413371043,0.05215884551717453,-0.04358390335594714,0.027350882837816125,5.668544618021959,0.18661250122252201,0.7870279534639696,0.3505670648908108,-0.1857483141259877,0.7371363788654184,0.0004808766440640859,0.8337250616113723,0.5743003732664008,0.25942468834497145,0.09127806630023984,-0.003687942199316455,0.031707198940739624,2.1074356251043787,0.20092500975272976,0.9069791231565324,0.03737734163280493,-0.053987945298786144,0.5777125067655448,0.7399157078726937,0.8255741772129676,0.2478616704474228,0.06542582278703246,0.15108429212730634,0.2781941572567639,0.9064133198779265,-9.265300608749874e-16,0.6544101829635494,-0.002693616105635004,-0.0005437214671614481,0.0077042705830645195,0.00036552209036050967,0.028304401663575073,0.49695783936180277,-1.0004277697519253,0.592012381209381,0.7392273791958802,0.8140321664454278,0.2220197852360467,0.07696783355457226,0.1517726208041198,0.8693280193970352,0.9843240734965116,0.9915129920163555,0.0042859741826040305,-0.0298582739753396,0.03016431831618925,52,40
phillips_ch080423_22,auction_house,phillips_ch080423_22,https://www.phillips.com/detail/rolex/CH080423/22,0,https://dist.phillips.com/auction-assets/CH080423/189517_001.jpg?fit=cover&optimize=medium&width=1302,http_200,7.010525838896725,0.5927061811144939,266.61711425781226,8,0.6726448584204019,-0.005877636916700624,0.734269708368532,0.6211684794223408,0.11310122894619123,-0.007625879911476896,-0.03846451924172514,0.01330807039256576,1.565071650602021,0.13017050928660429,0.8283371825422603,-0.5006434136619191,0.6768988631203623,-0.0036735042676619978,0.7398309275422639,0.6211909869437425,0.11863994059852134,-0.006997531500714027,-0.010635668840081158,0.013554255627100538,1.4275382699861439,0.13136900039154406,0.8579739783502456,-0.310938953740731,0.6769393495084848,-0.006961223377304426,0.740757337603804,0.6212508522625911,0.11950648534121289,-0.009537146724007406,-0.001573531005891582,0.014264675875329471,1.403515921128818,0.13476776104580485,0.877026664009183,-0.589173404995563,0.6747652111977975,-0.006923055029756209,0.7375834912790179,0.6211212779707169,0.11646221330830098,-0.020567003904180592,-0.00960495049911142,0.013779339270103766,1.5258570935762188,0.1324552741834702,0.8428412665272453,-0.5878310120867241,0.6753590885411823,-0.006934738437848198,0.7471924491681511,0.6211719965320371,0.12602045263611394,-0.012262482826576437,0.004843394657758793,0.013547221763256687,1.4154145746615376,0.1313349095643471,0.8536085107412799,-0.5883052256867813,0.6752924824479447,-0.00938448414241172,0.7392432779094815,0.6212257271800656,0.11801755072941589,-0.008475932186470247,-0.01320169903588636,0.0132306978902834,1.2557692813057548,0.12979155503480538,0.8848298924469689,-0.7961834886273209,,,,,,,,,,,,,,,,,,,,,,,,,0.6467511909556383,-0.009946046961874322,0.7430697926856643,0.5586787584334462,0.18439103425221814,-0.055240231059190265,0.03278398059613642,0.016269327070826956,3.683654106781092,0.14392619842407833,0.9786377707335235,-0.8810522564106691,0.09514983333829719,0.6441014705193394,-0.016429658726015903,0.7310490429283,0.5585919223099961,0.17245712061830387,0.021723920949901294,-0.06134387691822638,0.0166491557183949,3.1570040722163917,0.14559657773146303,0.9865662352022664,-1.461176635876484,-0.721685785922034,,,,,,,,,,,,,,0.5502524089731499,0.6554969617566512,0.723181550355323,0.1729291413821732,0.16781844964467696,0.23550303824334884,0.19408576314177758,1.0819889073949667,-2.2250885839949317e-16,0.6085992906823667,-0.003360718793306254,-0.0040244045836308456,0.0012488925703256315,-0.007621794803910828,-0.666176994478245,-0.21989473666829873,-0.12067475762394454,0.5876329418155681,0.7282088156315242,0.8247548191383574,0.23712187732278922,0.06624518086164266,0.16279118436847584,0.8628971245456213,0.9696522178848525,1.0045734703268665,0.0796719016268101,-0.02521699930449054,0.0835673917431601,84,58
phillips_ch080423_22,auction_house,phillips_ch080423_22,https://www.phillips.com/detail/rolex/CH080423/22,1,https://dist.phillips.com/auction-assets/CH080423/189517_001.jpg?fit=cover&offset-x=50&offset-y=100&width=928,http_200,10.194311416245895,0.6217190651604856,190.16086242675766,8,0.6718207272970347,-0.0032890558312389517,0.7322143343091672,0.6212231006363632,0.11099123367280395,0.0024895177925668976,0.0065603864599914075,0.013038853937848264,1.6680746307760463,0.12884713598560973,0.7989491248943132,-0.28050267650598926,0.6764590421536628,0.0009917650091786356,0.7388552960233392,0.6213255086632942,0.11752978736004505,-0.0003727115394508984,0.022339855400061892,0.013163296870447027,1.4784427320682778,0.12946053496931706,0.838447213569198,0.08400199426671051,0.6793837451802643,-0.005024948107621219,0.7444267403835048,0.6215074102529375,0.12291933013056722,-0.002537007846879824,-0.01599440670788088,0.014573650106566352,1.346087553387312,0.13621948328640107,0.8938642766666693,-0.42377091146937573,0.6778097286113272,-0.006925051428668616,0.7444609755544115,0.6213316022892357,0.12312937326517581,0.009069426316866969,0.0029251510128317504,0.013937608451061559,1.3729681488887349,0.13321379147418097,0.8672560091991378,-0.5853595755654624,0.6738630477258998,-0.009340458626305614,0.7420516922736795,0.6213424974245401,0.12070919484913945,-0.007059883753040008,-0.009443244614743551,0.012596390177497103,1.4217445097367376,0.1266421023787227,0.8216261088461723,-0.7941295934323875,0.6720061561968566,-0.009991228279612963,0.7313383867811645,0.6215477318987599,0.10979065488240458,-0.00793392627387074,-0.00928039485451182,0.012153926417145942,1.425797246055609,0.12439798928484161,0.8284254793443842,-0.851797312284134,,,,,,,,,,,,,,,,,,,,,,,,,0.6515575753973164,-0.012691821751558658,0.7483886120786143,0.5576488873412425,0.19073972473737177,-0.03151617557851901,0.026777766750161226,0.016633871990701442,4.45348576113839,0.1455297344209206,0.9853966135186643,-1.1159349450224454,0.09863126435169534,0.6410718172525648,-0.01314665782467949,0.7251014599659981,0.5573074701896504,0.16779398977634763,0.024600869050288042,-0.056175419755937775,0.015901041387619833,3.1599534663699633,0.14228785857264162,0.9981445260178718,-1.1748175815529862,0.514707046494209,,,,,,,,,,,,,,0.5516688633547802,0.6546904000481172,0.7155148035599607,0.1638459402051805,0.17548519644003935,0.23630959995188283,0.18400720156722544,1.1493697226112323,7.364579687676794e-17,0.628770762121573,0.00044196062242447804,-0.0054101313465061435,-0.020133101500974904,-0.003972671252771247,-0.34766738986474655,-2.0455660858863336,-0.5195844280752722,0.5927099390907189,0.7290685212661702,0.8143513883561513,0.2216414492654324,0.07664861164384873,0.16193147873382985,0.8703523334665475,0.970796965733915,0.9919018128576752,0.07930480069059427,-0.034317816685472735,0.08641159618148823,59,41
phillips_ch080423_22,auction_house,phillips_ch080423_22,https://www.phillips.com/detail/rolex/CH080423/22,2,https://dist.phillips.com/auction-assets/CH080423/189517_001.jpg?bg-color=0&pad=0&fit=bounds&disable-upscale&height=4000&optimize=medium&width=2000,http_200,7.039495717655337,0.7565767355633781,294.6009472656247,8,0.6728038746755162,-0.0005867559280019474,0.7347356930871671,0.621085482714079,0.11365021037308809,0.00035933119225095567,0.004102061360147402,0.01377467314978487,1.6397008736836924,0.13243284551087678,0.8234693971690918,-0.049967949087545094,0.6784152646969306,0.001934064539550695,0.7417862880298868,0.6213027255838076,0.12048356244607916,0.0011400997533560497,0.019342988131717642,0.013538470055204702,1.3406475230400685,0.13129248055200826,0.864814196100471,0.16334160061182956,0.6776335739269519,-0.003428283366022522,0.7430072195421511,0.6211086070832248,0.1218986124589263,-0.005059979703833262,0.020542119540701564,0.014857750754201246,1.4441532138040951,0.13754081505526902,0.8824877116897618,-0.2898682998544473,0.6750341450728509,-0.003188114917504703,0.738846461153313,0.6211413464876925,0.1177051146656205,-0.007446103677048288,-0.013434310001827543,0.014200990930246635,1.5978874932676808,0.13446658777114634,0.8385221783683041,-0.27059989863397504,0.6751499989565661,-0.002905821345431714,0.7467586980572485,0.6211694462724823,0.1255892517847662,-0.007118789981893303,0.0008358989927747529,0.013918699426967898,1.515558849001306,0.1331233958464784,0.8429936634955129,-0.24659745441277892,0.6746850020130687,-0.005004479734373846,0.7394269641088591,0.6211847555794118,0.11824220852944733,-0.004840041365157699,-0.01957618519110821,0.013670974230213089,1.3666255834954308,0.1319334112534147,0.8683363114400545,-0.4249839674582745,,,,,,,,,,,,,,,,,,,,,,,,,0.6465813085142157,-0.00576476992028854,0.7343338802156939,0.5570766179158736,0.1772572622998203,-0.04112769686399026,-0.008155467358873857,0.015537554782505143,3.7925322489460855,0.1406521566758736,0.9746274714997025,-0.5108224294320394,2.1752872703438584,0.64518683078506,-0.009826764186183579,0.7311364990963881,0.5579453793632969,0.1731911197330912,-0.048557018453944806,0.03448969750842169,0.016493889263000452,3.194705414762372,0.1449160862573058,0.9827830989300982,-0.8725977592604295,-2.1759871337275456,,,,,,,,,,,,,,0.5484643732900429,0.6555316725177139,0.7236705278312383,0.17520615454119537,0.1673294721687617,0.23546832748228608,0.1966598295602445,1.0827052564753112,1.0972558226729822e-15,0.6110932547320806,0.003629520837163174,0.0011352485778954801,-0.01143641801791246,-0.0010470547584372685,-0.09151619986469306,-0.8156198642783927,0.3686627217433322,0.5894836442822191,0.7308314979188858,0.8264095829766748,0.23692593869445566,0.06459041702332524,0.16016850208111422,0.865614749313097,0.9731444712634963,1.0065890170239644,0.0807728293293979,-0.025038796058087787,0.08456471643607961,93,64
